<?xml version="1.0" encoding="UTF-8"?>
<LastDevices><Mainboard>D3445-K1</Mainboard><Devices><Device Address="0" Bus="KSB" BusNumber="1" Disabled="false" HWDeviceID="PCI\VEN_8086&amp;DEV_1521&amp;SUBSYS_11FD1734&amp;REV_01\4&amp;DAA7A0D&amp;0&amp;0008" ID="PCI\VEN_8086&amp;DEV_1521" Inf="RTOS_PRO1000_I350AM2.inf" Mandatory="true" Name="RTOS PRO/1000 I350AM2 (KSB)" OS="RTOS" Relocatable="false" Service="RtosPnp"/><Device Address="1" Bus="KCB" BusNumber="1" Disabled="false" HWDeviceID="PCI\VEN_8086&amp;DEV_1521&amp;SUBSYS_11FD1734&amp;REV_01\4&amp;DAA7A0D&amp;0&amp;0108" ID="PCI\VEN_8086&amp;DEV_1521" Inf="RTOS_PRO1000_I350AM2.inf" Mandatory="true" Name="RTOS PRO/1000 I350AM2 (KCB)" OS="RTOS" Relocatable="false" Service="RtosPnp"/><Device Address="0" Bus="KONI" BusNumber="4" Disabled="false" HWDeviceID="PCI\VEN_8086&amp;DEV_1533&amp;SUBSYS_11FC1734&amp;REV_03\4&amp;230B45ED&amp;0&amp;00E9" ID="PCI\VEN_8086&amp;DEV_1533" Inf="RTOS_PRO1000_I210AT.inf" Mandatory="true" Name="RTOS PRO/1000 I210AT" OS="RTOS" Relocatable="true" Service="RtosPnp"/><Device Address="1f0006" Bus="KLI" BusNumber="0" Disabled="false" HWDeviceID="PCI\VEN_8086&amp;DEV_15B7&amp;SUBSYS_121F1734&amp;REV_31\3&amp;11583659&amp;0&amp;FE" ID="PCI\VEN_8086&amp;DEV_15B7" Inf="RTOS_PRO1000_I219LM.inf" Mandatory="true" Name="RTOS PRO/1000 I219LM (KLI)" OS="RTOS" Relocatable="false" Service="RtosPnp"/><Device Address="1f0004" Bus="SMBus" BusNumber="0" Disabled="false" HWDeviceID="PCI\VEN_8086&amp;DEV_A123&amp;SUBSYS_121D1734&amp;REV_31\3&amp;11583659&amp;0&amp;FC" ID="PCI\VEN_8086&amp;DEV_A123" Inf="RTOS_SMBus.inf" Mandatory="true" Name="RTOS SMBus Controller" OS="RTOS" Relocatable="false" Service="RtosPnp"/></Devices></LastDevices>
