<?xml version="1.0" encoding="utf-8"?>
<ISGNCAxes>
  <Version Label="3.1.0">
    <Info Version="KUKA V8.6" />
    <Schema Version="" />
  </Version>
  <Interfaces>
    <EmiInterface isActive="true" />
  </Interfaces>
  <MeasureChannels>
    <MeasureChannel ID="1" />
    <MeasureChannel ID="2" />
    <MeasureChannel ID="3" />
    <MeasureChannel ID="4" />
    <MeasureChannel ID="5" />
    <MeasureChannel ID="6" />
    <MeasureChannel ID="7" />
    <MeasureChannel ID="8" />
  </MeasureChannels>
</ISGNCAxes>