﻿<?xml version="1.0" encoding="utf-8"?>
<!--KUKA Roboter (C) 2010-->
<!--Erstellt am 05.02.2020 06:07-->
<LdeDataSet>
  <KUKA_Motorbestueckung>
    <MotorbestueckungID>151</MotorbestueckungID>
    <Beispiel_Roboter>Quantec-2</Beispiel_Roboter>
    <Datum>2019-02-20T00:00:00+01:00</Datum>
  </KUKA_Motorbestueckung>
  <KUKA_Motoren>
    <MotorID>243</MotorID>
    <ArtikelNr>LE-M260-KM190-W0</ArtikelNr>
    <Bezeichnung>LE-M260-KM190-W0</Bezeichnung>
    <a0>0</a0>
    <a1>1.9173</a1>
    <a2>0</a2>
    <a3>-0.00018002</a3>
    <Datum>2019-02-20T00:00:00+01:00</Datum>
    <ServofileID>88</ServofileID>
    <Motortyp>neu</Motortyp>
    <Lieferant>Lenze</Lieferant>
  </KUKA_Motoren>
  <KUKA_Motoren>
    <MotorID>244</MotorID>
    <ArtikelNr>LE-M320-KM190-W0</ArtikelNr>
    <Bezeichnung>LE-M320-KM190-W0</Bezeichnung>
    <a0>0</a0>
    <a1>2.184</a1>
    <a2>0</a2>
    <a3>-0.00022173</a3>
    <Datum>2019-02-20T00:00:00+01:00</Datum>
    <ServofileID>88</ServofileID>
    <Motortyp>neu</Motortyp>
    <Lieferant>Lenze</Lieferant>
  </KUKA_Motoren>
  <KUKA_Motoren>
    <MotorID>246</MotorID>
    <ArtikelNr>LE-M110-KM120-W0</ArtikelNr>
    <Bezeichnung>LE-M110-KM120-W0</Bezeichnung>
    <a0>0</a0>
    <a1>1.5766</a1>
    <a2>0</a2>
    <a3>-0.00029333</a3>
    <Datum>2019-02-20T00:00:00+01:00</Datum>
    <ServofileID>88</ServofileID>
    <Motortyp>neu</Motortyp>
    <Lieferant>Lenze</Lieferant>
  </KUKA_Motoren>
  <KUKA_Motoren_Lieferant>
    <Lieferant>Lenze</Lieferant>
  </KUKA_Motoren_Lieferant>
  <KUKA_Motorisierung>
    <MotorbestueckungID>151</MotorbestueckungID>
    <Achsnummer>1</Achsnummer>
    <MotorID>243</MotorID>
    <ServofileID>88</ServofileID>
    <Datum>2019-02-20T00:00:00+01:00</Datum>
  </KUKA_Motorisierung>
  <KUKA_Motorisierung>
    <MotorbestueckungID>151</MotorbestueckungID>
    <Achsnummer>2</Achsnummer>
    <MotorID>244</MotorID>
    <ServofileID>88</ServofileID>
    <Datum>2019-02-20T00:00:00+01:00</Datum>
  </KUKA_Motorisierung>
  <KUKA_Motorisierung>
    <MotorbestueckungID>151</MotorbestueckungID>
    <Achsnummer>3</Achsnummer>
    <MotorID>244</MotorID>
    <ServofileID>88</ServofileID>
    <Datum>2019-02-20T00:00:00+01:00</Datum>
  </KUKA_Motorisierung>
  <KUKA_Motorisierung>
    <MotorbestueckungID>151</MotorbestueckungID>
    <Achsnummer>4</Achsnummer>
    <MotorID>246</MotorID>
    <ServofileID>88</ServofileID>
    <Datum>2019-02-20T00:00:00+01:00</Datum>
  </KUKA_Motorisierung>
  <KUKA_Motorisierung>
    <MotorbestueckungID>151</MotorbestueckungID>
    <Achsnummer>5</Achsnummer>
    <MotorID>246</MotorID>
    <ServofileID>88</ServofileID>
    <Datum>2019-02-20T00:00:00+01:00</Datum>
  </KUKA_Motorisierung>
  <KUKA_Motorisierung>
    <MotorbestueckungID>151</MotorbestueckungID>
    <Achsnummer>6</Achsnummer>
    <MotorID>246</MotorID>
    <ServofileID>88</ServofileID>
    <Datum>2019-02-20T00:00:00+01:00</Datum>
  </KUKA_Motorisierung>
  <KUKA_Servofiles>
    <ServofileID>88</ServofileID>
    <Motortyp>Dummy</Motortyp>
    <Servodatum>2010-02-23T00:00:00+01:00</Servodatum>
    <Servofilename>KRC4_Servo_Dummy</Servofilename>
    <Servoregler>Dummy</Servoregler>
    <Servomotorbezeichnung>Dummy</Servomotorbezeichnung>
    <Servolieferant>Dummy</Servolieferant>
    <Servoversionsstand>Dummy</Servoversionsstand>
    <PI_VP_Isq_Regler>1069</PI_VP_Isq_Regler>
    <PI_KI_Isq_Regler>1070</PI_KI_Isq_Regler>
    <PI_VP_Isd_Regler>1071</PI_VP_Isd_Regler>
    <PI_KI_Isd_Regler>1072</PI_KI_Isd_Regler>
    <PI_Back_EMF>1073</PI_Back_EMF>
    <PI_Reglervorsteuerung>1092</PI_Reglervorsteuerung>
    <PI_Schaltfrequenz>1018</PI_Schaltfrequenz>
    <PI_Signallaufzeit>1098</PI_Signallaufzeit>
    <PI_Bremse>2</PI_Bremse>
    <PI_Uebernahme_PI_2>499</PI_Uebernahme_PI_2>
    <PI_Phasenverschiebung>1097</PI_Phasenverschiebung>
    <PI_Polpaarverhaeltnis>1079</PI_Polpaarverhaeltnis>
    <Reglervorsteuerung>18</Reglervorsteuerung>
    <Schaltfrequenz>0</Schaltfrequenz>
  </KUKA_Servofiles>
  <KUKA_Zentralhaende>
    <HandID>1000</HandID>
    <Gesamthand>false</Gesamthand>
    <Handbezeichnung>ZH Quantec-2 ZH300 Schwerpunkt in [m] (mod)</Handbezeichnung>
    <Achsnummer>4</Achsnummer>
    <Masse>47.774933128</Masse>
    <c_x>0.000110756</c_x>
    <c_y>0.030107784</c_y>
    <c_z>-0.174965777</c_z>
    <I_x>1.635797576</I_x>
    <I_y>1.554410079</I_y>
    <I_z>0.249808177</I_z>
    <Datum>2019-05-20T00:00:00+02:00</Datum>
  </KUKA_Zentralhaende>
  <KUKA_Zentralhaende>
    <HandID>1001</HandID>
    <Gesamthand>false</Gesamthand>
    <Handbezeichnung>ZH Quantec-2 ZH300 Schwerpunkt in [m] (mod)</Handbezeichnung>
    <Achsnummer>5</Achsnummer>
    <Masse>23.449690969</Masse>
    <c_x>0.000270621</c_x>
    <c_y>0.042937697</c_y>
    <c_z>0.058552189</c_z>
    <I_x>0.342871026</I_x>
    <I_y>0.28350446</I_y>
    <I_z>0.244016661</I_z>
    <Datum>2019-05-20T00:00:00+02:00</Datum>
  </KUKA_Zentralhaende>
  <KUKA_Zentralhaende>
    <HandID>1002</HandID>
    <Gesamthand>false</Gesamthand>
    <Handbezeichnung>ZH Quantec-2 ZH300 Schwerpunkt in [m] (mod)</Handbezeichnung>
    <Achsnummer>6</Achsnummer>
    <Masse>12.102769622</Masse>
    <c_x>-7.175E-06</c_x>
    <c_y>9.8541E-05</c_y>
    <c_z>0.191868482</c_z>
    <I_x>0.0041569854</I_x>
    <I_y>0.004149288</I_y>
    <I_z>0.05200308</I_z>
    <Datum>2019-05-20T00:00:00+02:00</Datum>
  </KUKA_Zentralhaende>
  <KUKA_Zentralhaende>
    <HandID>1003</HandID>
    <Gesamthand>true</Gesamthand>
    <Handbezeichnung>ZH Quantec-2 ZH300 Schwerpunkt in [m] (mod)</Handbezeichnung>
    <Masse>83.337393719</Masse>
    <c_x>0.000135701</c_x>
    <c_y>0.028774647</c_y>
    <c_z>-0.051014513</c_z>
    <I_x>3.866152873</I_x>
    <I_y>3.709183565</I_y>
    <I_z>0.561967665</I_z>
    <Datum>2019-05-20T00:00:00+02:00</Datum>
  </KUKA_Zentralhaende>
  <KUKA_ZH>
    <Handbezeichnung>ZH Quantec-2 ZH300 Schwerpunkt in [m] (mod)</Handbezeichnung>
    <ZH_Kuerzel>ZH Quantec-2 ZH300</ZH_Kuerzel>
    <Datum>2019-03-26T00:00:00+01:00</Datum>
  </KUKA_ZH>
  <LDE_Hilfsgroessen>
    <Bezeichnung>KR100P</Bezeichnung>
    <Tool_Type>false</Tool_Type>
    <Current_Limit>true</Current_Limit>
  </LDE_Hilfsgroessen>
  <LDE_Hilfsgroessen>
    <Bezeichnung>KR350</Bezeichnung>
    <Tool_Type>false</Tool_Type>
    <Current_Limit>true</Current_Limit>
  </LDE_Hilfsgroessen>
  <LDE_Hilfsgroessen>
    <Bezeichnung>KR360</Bezeichnung>
    <Tool_Type>false</Tool_Type>
    <Current_Limit>true</Current_Limit>
  </LDE_Hilfsgroessen>
  <LDE_Hilfsgroessen>
    <Bezeichnung>KR500</Bezeichnung>
    <Tool_Type>false</Tool_Type>
    <Current_Limit>true</Current_Limit>
  </LDE_Hilfsgroessen>
  <LDE_Hilfsgroessen>
    <Bezeichnung>Standard</Bezeichnung>
    <Tool_Type>false</Tool_Type>
    <Current_Limit>true</Current_Limit>
  </LDE_Hilfsgroessen>
  <LDE_Limit_Achsen>
    <Limit_AchsenID>10</Limit_AchsenID>
  </LDE_Limit_Achsen>
  <LDE_Limit_Achsen_Werte>
    <Limit_AchsenID>10</Limit_AchsenID>
    <Achsnummer>3</Achsnummer>
    <Wert>310</Wert>
  </LDE_Limit_Achsen_Werte>
  <LDE_Limit_Achsen_Werte>
    <Limit_AchsenID>10</Limit_AchsenID>
    <Achsnummer>4</Achsnummer>
    <Wert>125</Wert>
  </LDE_Limit_Achsen_Werte>
  <LDE_Limit_Achsen_Werte>
    <Limit_AchsenID>10</Limit_AchsenID>
    <Achsnummer>5</Achsnummer>
    <Wert>115</Wert>
  </LDE_Limit_Achsen_Werte>
  <LDE_Limit_Achsen_Werte>
    <Limit_AchsenID>10</Limit_AchsenID>
    <Achsnummer>6</Achsnummer>
    <Wert>80</Wert>
  </LDE_Limit_Achsen_Werte>
  <LDE_Neue_Parameter>
    <Neue_ParameterID>1270</Neue_ParameterID>
    <Standard_ParameterID>784</Standard_ParameterID>
    <Satz_Nr>1</Satz_Nr>
    <Gueltigkeitsbereich>60</Gueltigkeitsbereich>
    <JA3>495.941742</JA3>
    <JA4>79.602066</JA4>
    <JA5>98.949595126578757</JA5>
    <JA6>59.16280037462586</JA6>
    <SkalA3>1.01640625</SkalA3>
    <SkalA4>1</SkalA4>
    <SkalA5>0.9781249999999998</SkalA5>
    <SkalA6>1</SkalA6>
    <JA5_2>94.107043850531852</JA5_2>
    <Datum>2019-06-05T00:00:00+02:00</Datum>
  </LDE_Neue_Parameter>
  <LDE_Neue_Parameter>
    <Neue_ParameterID>1271</Neue_ParameterID>
    <Standard_ParameterID>784</Standard_ParameterID>
    <Satz_Nr>2</Satz_Nr>
    <Gueltigkeitsbereich>60</Gueltigkeitsbereich>
    <JA3>495.941742</JA3>
    <JA4>79.602066</JA4>
    <JA5>98.949595126578757</JA5>
    <JA6>59.16280037462586</JA6>
    <SkalA3>1.01640625</SkalA3>
    <SkalA4>1</SkalA4>
    <SkalA5>0.9781249999999998</SkalA5>
    <SkalA6>1</SkalA6>
    <JA5_2>94.107043850531852</JA5_2>
    <Datum>2019-06-05T00:00:00+02:00</Datum>
  </LDE_Neue_Parameter>
  <LDE_Neue_Parameter>
    <Neue_ParameterID>1272</Neue_ParameterID>
    <Standard_ParameterID>784</Standard_ParameterID>
    <Satz_Nr>3</Satz_Nr>
    <Gueltigkeitsbereich>60</Gueltigkeitsbereich>
    <JA3>495.941742</JA3>
    <JA4>79.602066</JA4>
    <JA5>88.209611557452632</JA5>
    <JA6>57.901262</JA6>
    <SkalA3>1</SkalA3>
    <SkalA4>1</SkalA4>
    <SkalA5>0.94531249999999978</SkalA5>
    <SkalA6>1</SkalA6>
    <JA5_2>89.297164453562118</JA5_2>
    <Datum>2019-06-06T00:00:00+02:00</Datum>
  </LDE_Neue_Parameter>
  <LDE_Roboter_Verfuegbarkeit>
    <LDE_RoboterID>594</LDE_RoboterID>
    <Limit_AchsenID>10</Limit_AchsenID>
    <Version>6</Version>
    <Roboter_MotorbestueckungID>421</Roboter_MotorbestueckungID>
    <Standard_ParameterID>784</Standard_ParameterID>
    <Datum>2019-04-17T09:54:58+02:00</Datum>
  </LDE_Roboter_Verfuegbarkeit>
  <LDE_Standard_Parameter>
    <Standard_ParameterID>784</Standard_ParameterID>
    <JA3>495.941742</JA3>
    <JA4>79.602066</JA4>
    <JA5>98.949595126578757</JA5>
    <JA6>59.16280037462586</JA6>
    <SkalA3>1.01640625</SkalA3>
    <SkalA4>1</SkalA4>
    <SkalA5>0.9781249999999998</SkalA5>
    <SkalA6>1</SkalA6>
    <JA5_2>94.107043850531852</JA5_2>
    <Datum>2019-06-05T00:00:00+02:00</Datum>
    <Optimierer>Auto-LDD</Optimierer>
    <Bemerkung>gr ZH</Bemerkung>
  </LDE_Standard_Parameter>
  <LDE_Version>
    <Version>6</Version>
    <Datum>2009-06-02T00:00:00+02:00</Datum>
  </LDE_Version>
  <LDE_Wertetabelle>
    <Bezeichnung>KR100P</Bezeichnung>
    <Wert>25</Wert>
    <Version>6</Version>
  </LDE_Wertetabelle>
  <LDE_Wertetabelle>
    <Bezeichnung>KR350</Bezeichnung>
    <Wert>30</Wert>
    <Version>6</Version>
  </LDE_Wertetabelle>
  <LDE_Wertetabelle>
    <Bezeichnung>KR360</Bezeichnung>
    <Wert>10</Wert>
    <Version>6</Version>
  </LDE_Wertetabelle>
  <LDE_Wertetabelle>
    <Bezeichnung>KR500</Bezeichnung>
    <Wert>10</Wert>
    <Version>6</Version>
  </LDE_Wertetabelle>
  <LDE_Wertetabelle>
    <Bezeichnung>Standard</Bezeichnung>
    <Wert>25</Wert>
    <Version>6</Version>
  </LDE_Wertetabelle>
  <Roboter>
    <RoboterID>384</RoboterID>
    <Ident_Masse>true</Ident_Masse>
    <Robotertyp>#KR250R2700_2 C4 FLR</Robotertyp>
    <Kukaload_Trafoname>KR 250 R2700-2</Kukaload_Trafoname>
    <Handbezeichnung>ZH Quantec-2 ZH300 Schwerpunkt in [m] (mod)</Handbezeichnung>
    <dist_l31>0.115</dist_l31>
    <dist_A3_hwp>-1.22</dist_A3_hwp>
    <dist_hwp_fl>0.24</dist_hwp_fl>
    <dist_hwp_fl_y>0</dist_hwp_fl_y>
    <AchsBereichID>0</AchsBereichID>
    <ToolType>100</ToolType>
    <Datum>2019-05-28T00:00:00+02:00</Datum>
  </Roboter>
  <Roboter_Aequivalenz>
    <Trafoname>#KR250R2700_2 C4 FLR</Trafoname>
    <RoboterID>384</RoboterID>
    <Datum>2019-02-20T00:00:00+01:00</Datum>
  </Roboter_Aequivalenz>
  <Roboter_Aequivalenz>
    <Trafoname>#KR250R2700_2 C4 FLR 380</Trafoname>
    <RoboterID>384</RoboterID>
    <Datum>2019-02-20T00:00:00+01:00</Datum>
  </Roboter_Aequivalenz>
  <Roboter_Aequivalenz>
    <Trafoname>#KR250R2700_2 C4 FLR 440</Trafoname>
    <RoboterID>384</RoboterID>
    <Datum>2019-02-20T00:00:00+01:00</Datum>
  </Roboter_Aequivalenz>
  <Roboter_Aequivalenz>
    <Trafoname>#KR250R2700_2 C4 FLR 480</Trafoname>
    <RoboterID>384</RoboterID>
    <Datum>2019-02-20T00:00:00+01:00</Datum>
  </Roboter_Aequivalenz>
  <Roboter_Aequivalenz>
    <Trafoname>#KR250R2700_2 C4 CLG</Trafoname>
    <RoboterID>384</RoboterID>
    <Datum>2020-02-04T00:00:00+01:00</Datum>
  </Roboter_Aequivalenz>
  <Roboter_Aequivalenz>
    <Trafoname>#KR250R2700_2 C4 CLG 380</Trafoname>
    <RoboterID>384</RoboterID>
    <Datum>2020-02-04T00:00:00+01:00</Datum>
  </Roboter_Aequivalenz>
  <Roboter_Aequivalenz>
    <Trafoname>#KR250R2700_2 C4 CLG 440</Trafoname>
    <RoboterID>384</RoboterID>
    <Datum>2020-02-04T00:00:00+01:00</Datum>
  </Roboter_Aequivalenz>
  <Roboter_Aequivalenz>
    <Trafoname>#KR250R2700_2 C4 CLG 480</Trafoname>
    <RoboterID>384</RoboterID>
    <Datum>2020-02-04T00:00:00+01:00</Datum>
  </Roboter_Aequivalenz>
  <Roboter_Ako>
    <AkoID>363</AkoID>
    <RoboterID>384</RoboterID>
    <ako_45>-0.011764705882352941</ako_45>
    <ako_46>-0.0059912128877646119</ako_46>
    <ako_56>-0.0069843878389482337</ako_56>
    <Datum>2019-05-28T00:00:00+02:00</Datum>
  </Roboter_Ako>
  <Roboter_Grundachsen>
    <GrundachsenID>1610</GrundachsenID>
    <RoboterID>384</RoboterID>
    <Achsnummer>1</Achsnummer>
    <Masse>0</Masse>
    <c_x>0</c_x>
    <c_y>0</c_y>
    <c_z>0</c_z>
    <I_x>0</I_x>
    <I_y>0</I_y>
    <I_z>0</I_z>
    <rz>1</rz>
    <rh>327.946869</rh>
    <rv>716.450928</rv>
    <max_Motorstrom>0</max_Motorstrom>
    <max_Motormoment>50</max_Motormoment>
    <max_Getriebemoment>7290</max_Getriebemoment>
    <MotUebersetzung>-256.85714285714283</MotUebersetzung>
    <Motortraegheit>733.446472</Motortraegheit>
    <kt>0</kt>
    <Datum>2019-02-20T00:00:00+01:00</Datum>
  </Roboter_Grundachsen>
  <Roboter_Grundachsen>
    <GrundachsenID>1611</GrundachsenID>
    <RoboterID>384</RoboterID>
    <Achsnummer>2</Achsnummer>
    <Masse>232.06</Masse>
    <c_x>0</c_x>
    <c_y>0</c_y>
    <c_z>0</c_z>
    <I_x>0</I_x>
    <I_y>0</I_y>
    <I_z>0</I_z>
    <rz>1</rz>
    <rh>517.547119</rh>
    <rv>720.908691</rv>
    <max_Motorstrom>0</max_Motorstrom>
    <max_Motormoment>57</max_Motormoment>
    <max_Getriebemoment>8910</max_Getriebemoment>
    <MotUebersetzung>-269.1764705882353</MotUebersetzung>
    <Motortraegheit>576.132629</Motortraegheit>
    <kt>0</kt>
    <Datum>2019-02-20T00:00:00+01:00</Datum>
  </Roboter_Grundachsen>
  <Roboter_Grundachsen>
    <GrundachsenID>1612</GrundachsenID>
    <RoboterID>384</RoboterID>
    <Achsnummer>3</Achsnummer>
    <Masse>191.53</Masse>
    <c_x>0.115</c_x>
    <c_y>0.17268469200000003</c_y>
    <c_z>0</c_z>
    <I_x>21.8847771</I_x>
    <I_y>3.63565</I_y>
    <I_z>21.485014</I_z>
    <rz>1</rz>
    <rh>456.912964</rh>
    <rv>571.184387</rv>
    <max_Motorstrom>0</max_Motorstrom>
    <max_Motormoment>50</max_Motormoment>
    <max_Getriebemoment>6798</max_Getriebemoment>
    <MotUebersetzung>251.33333333333334</MotUebersetzung>
    <Motortraegheit>495.941742</Motortraegheit>
    <kt>0</kt>
    <Datum>2019-05-28T00:00:00+02:00</Datum>
  </Roboter_Grundachsen>
  <Roboter_Handachsen>
    <HandachsenID>1606</HandachsenID>
    <RoboterID>384</RoboterID>
    <Achsnummer>4</Achsnummer>
    <rz>1</rz>
    <rh>132.709061</rh>
    <rv>101.22464</rv>
    <max_Motorstrom>0</max_Motorstrom>
    <max_Motormoment>19</max_Motormoment>
    <max_Getriebemoment>2312</max_Getriebemoment>
    <MotUebersetzung>-198.9</MotUebersetzung>
    <Motortraegheit>79.602066</Motortraegheit>
    <kt>0</kt>
    <Datum>2019-05-28T00:00:00+02:00</Datum>
  </Roboter_Handachsen>
  <Roboter_Handachsen>
    <HandachsenID>1607</HandachsenID>
    <RoboterID>384</RoboterID>
    <Achsnummer>5</Achsnummer>
    <rz>1</rz>
    <rh>93.7590561</rh>
    <rv>164.328781</rv>
    <max_Motorstrom>0</max_Motorstrom>
    <max_Motormoment>19</max_Motormoment>
    <max_Getriebemoment>2315</max_Getriebemoment>
    <MotUebersetzung>-206.83333333333334</MotUebersetzung>
    <Motortraegheit>96.6641159</Motortraegheit>
    <kt>0</kt>
    <Datum>2019-05-28T00:00:00+02:00</Datum>
  </Roboter_Handachsen>
  <Roboter_Handachsen>
    <HandachsenID>1608</HandachsenID>
    <RoboterID>384</RoboterID>
    <Achsnummer>6</Achsnummer>
    <rz>1</rz>
    <rh>39.3502426</rh>
    <rv>244.210571</rv>
    <max_Motorstrom>0</max_Motorstrom>
    <max_Motormoment>19</max_Motormoment>
    <max_Getriebemoment>1487</max_Getriebemoment>
    <MotUebersetzung>164.652995951417</MotUebersetzung>
    <Motortraegheit>58.5683708</Motortraegheit>
    <kt>0</kt>
    <Datum>2019-05-28T00:00:00+02:00</Datum>
  </Roboter_Handachsen>
  <Roboter_Motorbestueckung>
    <Roboter_MotorbestueckungID>421</Roboter_MotorbestueckungID>
    <MotorbestueckungID>151</MotorbestueckungID>
    <RoboterID>384</RoboterID>
    <Datum>2019-02-20T11:05:05+01:00</Datum>
  </Roboter_Motorbestueckung>
</LdeDataSet>