﻿<?xml version="1.0" encoding="utf-8"?>
<MotionModes xmlns:xsi="http://www.w3.org/2001/XMLSchema-instance" xsi:noNamespaceSchemaLocation="../../../System/Common/Schemes/MotionModes.xsd">
  <Version Label="">
    <Info Version="KUKA V8.6" />
    <Schema Version="1" />
  </Version>
  <Device TrafoName="#KR250R2700_2 C4 FLR">
    <MotionModePath Supported="true">
      <NewMotionAcc CPAcceleration="1.725" />
      <NewMotionFlt Filter="336" />
      <SpecialControl ActivationT1="true" />
      <Axis Number="1">
        <Gear>
          <Friction Static="128" Steepness="300" />
        </Gear>
        <Motor>
          <Friction Static="199.9469" Steepness="100" />
        </Motor>
      </Axis>
      <Axis Number="2">
        <Gear>
          <Friction Static="182" Steepness="300" />
        </Gear>
        <Motor>
          <Friction Static="335.5471" Steepness="100" />
        </Motor>
      </Axis>
      <Axis Number="3">
        <Gear>
          <Friction Static="115" Steepness="300" />
        </Gear>
        <Motor>
          <Friction Static="341.913" Steepness="100" />
        </Motor>
      </Axis>
    </MotionModePath>
    <MotionModeDynamic Supported="true">
      <NewMotionFlt Filter="240" />
      <OldMotion>
        <FIRFilter>
          <FilterWeight Index="1" Weight="0.2076420263" />
          <FilterWeight Index="2" Weight="0.0515261068" />
          <FilterWeight Index="3" Weight="0.0560764143" />
          <FilterWeight Index="4" Weight="0.0596986883" />
          <FilterWeight Index="5" Weight="0.0624206426" />
          <FilterWeight Index="6" Weight="0.0637420076" />
          <FilterWeight Index="7" Weight="0.0637420076" />
          <FilterWeight Index="8" Weight="0.0624206426" />
          <FilterWeight Index="9" Weight="0.0596986883" />
          <FilterWeight Index="10" Weight="0.0560764143" />
          <FilterWeight Index="11" Weight="0.0515261068" />
          <FilterWeight Index="12" Weight="0.2076420263" />
          <FilterWeight Index="13" Weight="0" />
          <FilterWeight Index="14" Weight="0" />
          <FilterWeight Index="15" Weight="0" />
        </FIRFilter>
      </OldMotion>
      <Axis Number="1">
        <Gear>
          <TorqueCharLine>
            <x-Axis x1="0" x2="1.1336695896" x3="1.541023167" x4="1.7614663035" x5="1.8325957146" x6="0" x7="0" />
            <y-Axis y1="8019" y2="6586.9065594218" y3="4953.042939227" y4="3180.1976020583" y5="1336.5" y6="0" y7="0" />
          </TorqueCharLine>
          <Damper>
            <Adaption Type="Table" />
          </Damper>
          <Spring>
            <Adaption Type="Table" FactorHighLoad="1.001" InertiaCalculation="1">
              <StiffnessLowLoad Min="1000" Max="3500000" />
            </Adaption>
          </Spring>
        </Gear>
        <Motor>
          <DynamicLimits S="0.9" />
        </Motor>
      </Axis>
      <Axis Number="2">
        <Gear>
          <TorqueCharLine>
            <x-Axis x1="0" x2="1.1508558394" x3="1.5643848319" x4="1.7881698511" x5="1.8603775727" x6="0" x7="0" />
            <y-Axis y1="9801" y2="8050.6635726267" y3="6053.7191479441" y4="3886.9081802934" y5="1633.5" y6="0" y7="0" />
          </TorqueCharLine>
        </Gear>
        <Motor>
          <DynamicLimits S="0.9" />
        </Motor>
      </Axis>
      <Axis Number="3">
        <Gear>
          <TorqueCharLine>
            <x-Axis x1="0" x2="1.1552632961" x3="1.5703759892" x4="1.7950180426" x5="1.8675022996" x6="0" x7="0" />
            <y-Axis y1="7478.5862820355" y2="7218.7376275494" y3="6922.2784362064" y4="6600.6014684737" y5="6266.0685898225" y6="0" y7="0" />
          </TorqueCharLine>
        </Gear>
        <Motor>
          <DynamicLimits S="0.9" />
        </Motor>
      </Axis>
      <Axis Number="4">
        <Gear>
          <TorqueCharLine>
            <x-Axis x1="0" x2="1.8354650498" x3="2.4949898894" x4="2.8518978247" x5="2.9670597284" x6="0" x7="0" />
            <y-Axis y1="2544.1956355196" y2="2327.9245995048" y3="2081.1827544309" y4="1813.4522510296" y5="1535.0218224018" y6="0" y7="0" />
          </TorqueCharLine>
        </Gear>
        <Motor>
          <DynamicLimits S="0.9" />
        </Motor>
      </Axis>
      <Axis Number="5">
        <Gear>
          <TorqueCharLine>
            <x-Axis x1="0" x2="1.3927940672" x3="1.8932570338" x4="2.1640871728" x5="2.2514747351" x6="0" x7="0" />
            <y-Axis y1="2546.7517224877" y2="2327.1939925285" y3="2076.7023853831" y4="1804.9031530367" y5="1522.2413875617" y6="0" y7="0" />
          </TorqueCharLine>
        </Gear>
        <Motor>
          <DynamicLimits S="0.9" />
        </Motor>
      </Axis>
      <Axis Number="6">
        <Gear>
          <TorqueCharLine>
            <x-Axis x1="0" x2="2.2241517663" x3="3.0233406896" x4="3.4558291287" x5="3.5953782591" x6="0" x7="0" />
            <y-Axis y1="1636.3216214619" y2="1441.747703156" y3="1219.7599211084" y4="978.8891412911" y5="728.3918926906" y6="0" y7="0" />
          </TorqueCharLine>
        </Gear>
        <Motor>
          <DynamicLimits S="0.9" />
        </Motor>
      </Axis>
    </MotionModeDynamic>
    <MotionModeEco Supported="true">
      <Axis Number="1">
        <Scaling>
          <ReductionLevelEco Velocity="70" Acceleration="100" />
        </Scaling>
      </Axis>
      <Axis Number="2">
        <Scaling>
          <ReductionLevelEco Velocity="70" Acceleration="100" />
        </Scaling>
      </Axis>
      <Axis Number="3">
        <Scaling>
          <ReductionLevelEco Velocity="70" Acceleration="100" />
        </Scaling>
      </Axis>
      <Axis Number="4">
        <Scaling>
          <ReductionLevelEco Velocity="70" Acceleration="100" />
        </Scaling>
      </Axis>
      <Axis Number="5">
        <Scaling>
          <ReductionLevelEco Velocity="70" Acceleration="100" />
        </Scaling>
      </Axis>
      <Axis Number="6">
        <Scaling>
          <ReductionLevelEco Velocity="70" Acceleration="100" />
        </Scaling>
      </Axis>
    </MotionModeEco>
  </Device>
</MotionModes>