﻿<?xml version="1.0" encoding="utf-8"?>
<!--XML file automatically generated by WorkVisual V6.0.21_Build1094.-->
<!--DO NOT EDIT-->
<DriveTech xsi:noNamespaceSchemaLocation="../../../System/Common/Schemes/NextGenDriveTech.xsd" xmlns:xsi="http://www.w3.org/2001/XMLSchema-instance">
  <Version Label="">
    <Info Version="KUKA V8.6" />
    <Schema Version="3" />
  </Version>
  <AxisConfig>
    <Axis ID="1" SupplyChannel="1" ConfigFile="Mada\NGAxis\A1.xml" />
    <Axis ID="2" SupplyChannel="1" ConfigFile="Mada\NGAxis\A2.xml" />
    <Axis ID="3" SupplyChannel="1" ConfigFile="Mada\NGAxis\A3.xml" />
    <Axis ID="4" SupplyChannel="1" ConfigFile="Mada\NGAxis\A4.xml" />
    <Axis ID="5" SupplyChannel="1" ConfigFile="Mada\NGAxis\A5.xml" />
    <Axis ID="6" SupplyChannel="1" ConfigFile="Mada\NGAxis\A6.xml" />
  </AxisConfig>
  <SensorConfig />
  <SupplyConfig>
    <Supply Capacity="0.00101" ConfigFile="Supply/KPP_400V_16.xml" />
  </SupplyConfig>
  <FastMeasuring />
  <CommonConfig SdoPollIntervall="2" />
</DriveTech>