<?xml version="1.0" encoding="UTF-8"?>
<EcatInstanceInfo>
<Master NumCfgSlaves="5" IsBusOK="true" />
  <Slaves>
    <Slave CfgName="Cabinet Interface Board (CIB)" StationAddress="1001" VendorId="0x60c8" ProdCode="0x1" Revision="0x1" SerialNo="0x3a7b8" HwVersion="V1.0.1-3" SwVersion="V1.1.1-0" />
    <Slave CfgName="Resolver Digital Converter (RDC)" StationAddress="1004" VendorId="0x60c8" ProdCode="0x30" Revision="0x0" SerialNo="0x3b24" HwVersion="V2.0.0-2" SwVersion="V1.6.0-0" />
    <Slave CfgName="KUKA Power Pack 3 20A (KPP3)" StationAddress="1002" VendorId="0x60c8" ProdCode="0x54" Revision="0x3000b" SerialNo="0xb6c4" HwVersion="4B" SwVersion="1.5.10.2752 (release)" />
    <Slave CfgName="KUKA Servo Pack 40A (KSP)" StationAddress="1003" VendorId="0x60c8" ProdCode="0x53" Revision="0x3000b" SerialNo="0x20b73" HwVersion="3B" SwVersion="1.5.10.2752 (release)" />
  </Slaves>
<CabinetInfo SerialNumber="3063400" />
</EcatInstanceInfo>
