"Uhrzeit (hh:mm:ss)" ; "Timestamp" ; "Tick" ; "Logging Info" 
11:39:50 ; 278218918401878 ; 99070196 ;"SM: Starting from <RUNNING>" 
11:39:51 ; 278222080725803 ; 99071322 ;"SM: BootState <WAIT_FOR_SYNC (on DESYNCHRONIZE)> reached ; HNFHLP.o" 
11:39:51 ; 278224039682352 ; 99072019 ;"SM: BootState <DATA_CONNECTED (on STOP)> reached ; CabCtrl.o" 
11:39:54 ; 278230135075483 ; 99074190 ;"SM: BootState <DATA_ATTACHED (on DISCONNECT_DATA)> reached ; NextGen.o" 
11:39:54 ; 278231662286807 ; 99074734 ;"SM: BootState <DATA_REGISTERED (on DETACH_DATA)> reached ; Histogram.o" 
11:39:58 ; 278242210373450 ; 99078489 ;"SM: BootState <SERVICES_STARTED (on UNREGISTER_DATA)> reached ; Trace.o" 
11:39:58 ; 278242846473613 ; 99078716 ;"SM: BootState <APPLICATION_CREATED (on STOP_SERVICES)> reached ; OSBaseAgent.o" 
11:39:58 ; 278242846475818 ; 99078716 ;"SM: calling <kukaRdiskReconfigProcess()>" 
11:39:59 ; 278244542017897 ; 99079320 ;"SM: <kukaRdiskReconfigProcess()> finished" 
11:40:02 ; 278254086544189 ; 99082719 ;"SM: BootState <SERVICES_STARTED> reached ; ISGNC.o" 
11:40:04 ; 278260434966470 ; 99084979 ;"SM: BootState <DATA_REGISTERED> reached ; EtherCATWrapper.o" 
11:40:25 ; 278317414256376 ; 99105272 ;"SM: BootState <DATA_ATTACHED> reached ; EIPIODriver.o" 
11:40:27 ; 278324658650214 ; 99107852 ;"SM: BootState <DATA_CONNECTED> reached ; HNFHLP.o" 
11:40:29 ; 278330590119924 ; 99109964 ;"SM: BootState <WAIT_FOR_SYNC> reached ; CabCtrl.o" 
11:40:29 ; 278330718439372 ; 99110010 ;"SM: BootState <RUNNING> reached ; HNFHLP.o" 
