﻿<?xml version="1.0" encoding="utf-8"?>
<ServoFile xmlns:xsi="http://www.w3.org/2001/XMLSchema-instance" xsi:noNamespaceSchemaLocation="/Roboter/Config/System/Common/Schemes/Servofile.xsd">
  <Version Label="">
    <Info Version="Any" />
    <Schema Version="1" />
    <!--#############################################################-->
    <!--########                                             ########-->
    <!--########                  SERVO-FILE                 ########-->
    <!--########             KUKA DEUTSCHLAND GMBH           ########-->
    <!--########                                             ########-->
    <!--#############################################################-->
    <!--ATB 2.0.0, DB V7.584, ID 641-->
    <!--Datum: 15-Nov-2019 10:54:00-->
    <!--Motor:     LE-M260-KM190-W0-->
    <!--Umrichter: KSP40-->
    <!--xmlFileID_LE-M260-KM190-W0_KSP40_20191115105400_705-->
  </Version>
  <!--Fehlerquittierung-->
  <Parameter Index="0x28" Relative="true" SubIndex="0" Type="INT16" Value="1" />
  <Parameter Index="0x28" Relative="true" SubIndex="0" Type="INT16" Value="0" />
  <Parameter Index="0x200B" Relative="false" SubIndex="0" Type="UINT16" Value="0" />
  <Parameter Index="3" Relative="true" SubIndex="1" Type="UINT16" Value="0" />
  <Parameter Index="6" Relative="true" SubIndex="3" Type="INT16" Value="5570" />
  <Parameter Index="8" Relative="true" SubIndex="1" Type="INT16" Value="-2785" />
  <Parameter Index="8" Relative="true" SubIndex="2" Type="UINT16" Value="18673" />
  <Parameter Index="8" Relative="true" SubIndex="3" Type="UINT16" Value="2334" />
  <Parameter Index="8" Relative="true" SubIndex="4" Type="INT16" Value="27852" />
  <Parameter Index="8" Relative="true" SubIndex="5" Type="INT16" Value="1966" />
  <Parameter Index="9" Relative="true" SubIndex="1" Type="UINT16" Value="2966" />
  <Parameter Index="9" Relative="true" SubIndex="2" Type="UINT16" Value="857" />
  <Parameter Index="9" Relative="true" SubIndex="3" Type="UINT16" Value="2966" />
  <Parameter Index="9" Relative="true" SubIndex="4" Type="UINT16" Value="857" />
  <Parameter Index="9" Relative="true" SubIndex="5" Type="UINT16" Value="39" />
  <Parameter Index="9" Relative="true" SubIndex="6" Type="INT16" Value="664" />
  <Parameter Index="10" Relative="true" SubIndex="1" Type="INT16" Value="0" />
  <Parameter Index="10" Relative="true" SubIndex="2" Type="INT16" Value="581" />
  <Parameter Index="10" Relative="true" SubIndex="3" Type="INT16" Value="1162" />
  <Parameter Index="10" Relative="true" SubIndex="4" Type="INT16" Value="2043" />
  <Parameter Index="10" Relative="true" SubIndex="5" Type="INT16" Value="2925" />
  <Parameter Index="10" Relative="true" SubIndex="6" Type="INT16" Value="3807" />
  <Parameter Index="10" Relative="true" SubIndex="7" Type="INT16" Value="4689" />
  <Parameter Index="10" Relative="true" SubIndex="8" Type="INT16" Value="5570" />
  <Parameter Index="11" Relative="true" SubIndex="1" Type="UINT16" Value="33498" />
  <Parameter Index="11" Relative="true" SubIndex="2" Type="UINT16" Value="33467" />
  <Parameter Index="11" Relative="true" SubIndex="3" Type="UINT16" Value="33373" />
  <Parameter Index="11" Relative="true" SubIndex="4" Type="UINT16" Value="33108" />
  <Parameter Index="11" Relative="true" SubIndex="5" Type="UINT16" Value="32692" />
  <Parameter Index="11" Relative="true" SubIndex="6" Type="UINT16" Value="32117" />
  <Parameter Index="11" Relative="true" SubIndex="7" Type="UINT16" Value="31378" />
  <Parameter Index="11" Relative="true" SubIndex="8" Type="UINT16" Value="30469" />
  <Parameter Index="12" Relative="true" SubIndex="1" Type="INT16" Value="-4" />
  <Parameter Index="12" Relative="true" SubIndex="2" Type="INT16" Value="-13" />
  <Parameter Index="12" Relative="true" SubIndex="3" Type="INT16" Value="-25" />
  <Parameter Index="12" Relative="true" SubIndex="4" Type="INT16" Value="-39" />
  <Parameter Index="12" Relative="true" SubIndex="5" Type="INT16" Value="-53" />
  <Parameter Index="12" Relative="true" SubIndex="6" Type="INT16" Value="-69" />
  <Parameter Index="12" Relative="true" SubIndex="7" Type="INT16" Value="-84" />
  <Parameter Index="12" Relative="true" SubIndex="8" Type="INT16" Value="0" />
  <Parameter Index="29" Relative="true" SubIndex="0" Type="INT16" Value="-5056" />
  <Parameter Index="0x40" Relative="true" SubIndex="1" Type="UINT16" Value="3" />
  <Parameter Index="0x40" Relative="true" SubIndex="2" Type="UINT16" Value="1000" />
  <Parameter Index="0x40" Relative="true" SubIndex="3" Type="INT16" Value="25" />
</ServoFile>
<!--checksum 1977-->