﻿<?xml version="1.0" encoding="utf-8"?>
<ServoFile xmlns:xsi="http://www.w3.org/2001/XMLSchema-instance" xsi:noNamespaceSchemaLocation="/Roboter/Config/System/Common/Schemes/Servofile.xsd">
  <Version Label="">
    <Info Version="Any" />
    <Schema Version="1" />
    <!--#############################################################-->
    <!--########                                             ########-->
    <!--########                  SERVO-FILE                 ########-->
    <!--########             KUKA DEUTSCHLAND GMBH           ########-->
    <!--########                                             ########-->
    <!--#############################################################-->
    <!--ATB 2.0.0, DB V7.584, ID 639-->
    <!--Datum: 15-Nov-2019 10:53:45-->
    <!--Motor:     LE-M110-KM120-W0-->
    <!--Umrichter: KSP20-->
    <!--xmlFileID_LE-M110-KM120-W0_KSP20_20191115105345_845-->
  </Version>
  <!--Fehlerquittierung-->
  <Parameter Index="0x28" Relative="true" SubIndex="0" Type="INT16" Value="1" />
  <Parameter Index="0x28" Relative="true" SubIndex="0" Type="INT16" Value="0" />
  <Parameter Index="0x200B" Relative="false" SubIndex="0" Type="UINT16" Value="0" />
  <Parameter Index="3" Relative="true" SubIndex="1" Type="UINT16" Value="0" />
  <Parameter Index="6" Relative="true" SubIndex="3" Type="INT16" Value="2458" />
  <Parameter Index="8" Relative="true" SubIndex="1" Type="INT16" Value="-1540" />
  <Parameter Index="8" Relative="true" SubIndex="2" Type="UINT16" Value="13854" />
  <Parameter Index="8" Relative="true" SubIndex="3" Type="UINT16" Value="1732" />
  <Parameter Index="8" Relative="true" SubIndex="4" Type="INT16" Value="27852" />
  <Parameter Index="8" Relative="true" SubIndex="5" Type="INT16" Value="1966" />
  <Parameter Index="9" Relative="true" SubIndex="1" Type="UINT16" Value="4021" />
  <Parameter Index="9" Relative="true" SubIndex="2" Type="UINT16" Value="1643" />
  <Parameter Index="9" Relative="true" SubIndex="3" Type="UINT16" Value="4021" />
  <Parameter Index="9" Relative="true" SubIndex="4" Type="UINT16" Value="1643" />
  <Parameter Index="9" Relative="true" SubIndex="5" Type="UINT16" Value="53" />
  <Parameter Index="9" Relative="true" SubIndex="6" Type="INT16" Value="539" />
  <Parameter Index="10" Relative="true" SubIndex="1" Type="INT16" Value="0" />
  <Parameter Index="10" Relative="true" SubIndex="2" Type="INT16" Value="310" />
  <Parameter Index="10" Relative="true" SubIndex="3" Type="INT16" Value="620" />
  <Parameter Index="10" Relative="true" SubIndex="4" Type="INT16" Value="987" />
  <Parameter Index="10" Relative="true" SubIndex="5" Type="INT16" Value="1355" />
  <Parameter Index="10" Relative="true" SubIndex="6" Type="INT16" Value="1722" />
  <Parameter Index="10" Relative="true" SubIndex="7" Type="INT16" Value="2090" />
  <Parameter Index="10" Relative="true" SubIndex="8" Type="INT16" Value="2458" />
  <Parameter Index="11" Relative="true" SubIndex="1" Type="UINT16" Value="32991" />
  <Parameter Index="11" Relative="true" SubIndex="2" Type="UINT16" Value="32978" />
  <Parameter Index="11" Relative="true" SubIndex="3" Type="UINT16" Value="32937" />
  <Parameter Index="11" Relative="true" SubIndex="4" Type="UINT16" Value="32851" />
  <Parameter Index="11" Relative="true" SubIndex="5" Type="UINT16" Value="32716" />
  <Parameter Index="11" Relative="true" SubIndex="6" Type="UINT16" Value="32526" />
  <Parameter Index="11" Relative="true" SubIndex="7" Type="UINT16" Value="32271" />
  <Parameter Index="11" Relative="true" SubIndex="8" Type="UINT16" Value="31942" />
  <Parameter Index="12" Relative="true" SubIndex="1" Type="INT16" Value="-4" />
  <Parameter Index="12" Relative="true" SubIndex="2" Type="INT16" Value="-11" />
  <Parameter Index="12" Relative="true" SubIndex="3" Type="INT16" Value="-19" />
  <Parameter Index="12" Relative="true" SubIndex="4" Type="INT16" Value="-30" />
  <Parameter Index="12" Relative="true" SubIndex="5" Type="INT16" Value="-42" />
  <Parameter Index="12" Relative="true" SubIndex="6" Type="INT16" Value="-57" />
  <Parameter Index="12" Relative="true" SubIndex="7" Type="INT16" Value="-73" />
  <Parameter Index="12" Relative="true" SubIndex="8" Type="INT16" Value="0" />
  <Parameter Index="29" Relative="true" SubIndex="0" Type="INT16" Value="-3047" />
  <Parameter Index="0x40" Relative="true" SubIndex="1" Type="UINT16" Value="4" />
  <Parameter Index="0x40" Relative="true" SubIndex="2" Type="UINT16" Value="1000" />
  <Parameter Index="0x40" Relative="true" SubIndex="3" Type="INT16" Value="508" />
</ServoFile>
<!--checksum 1935-->