<?xml version="1.0" encoding="UTF-8"?>
<UserFile xsi:noNamespaceSchemaLocation="DiffConfig.xsd" xmlns:xsi="http://www.w3.org/2001/XMLSchema-instance">

   <File Name="Common/KRCConfig.XML" Optional="false" />   
   <File Name="Common/CabCtrl.xml" Optional="false" />
   <File Name="Common/KLIConfig.XML" Optional="false" />
   <File Name="Common/KNet.xml" Optional="false" />
   <File Name="Common/KRC_IO.xml" Optional="false" />
   <File Name="Common/ecat_PBM_Gateway.xml" Optional="true" />
   <File Name="Common/ECAT_SYS_X44.xml" Optional="true" />
   <File Name="Common/ecatms_sys_x44_swap.xml" Optional="true" />
   <File Name="Common/Logging_BrakeTest.xml" Optional="false" />
   <File Name="Common/Logging_System.xml" Optional="false" />
   <File Name="Common/VIO_USER_BUS.xml" Optional="true" />
   <File Name="Common/ProConOS_IO.XML" Optional="true" />
   <File Name="Common/ProConOS.XML" Optional="true" />
   <File Name="Common/FpExceptions.xml" Optional="false" />
</UserFile>
