<?xml version="1.0" encoding="UTF-8"?>
<Transformation xsi:noNamespaceSchemaLocation="XSLTconfiguration.xsd" xmlns:xsi="http://www.w3.org/2001/XMLSchema-instance">

   <Module Name="Common/KRCConfig.XML">
      <Version Value="400" Schema="KRCConfig_400.xslt" />
   </Module>
   <Module Name="Common/CabCtrl.xml">
      <Version Value="100" Schema="CabCtrl_100.xslt" />
      <Version Value="200" Schema="CabCtrl_200.xslt" />
   </Module>
   <Module Name="Common/KLIConfig.xml" >
      <Version Value="100" Schema="KLIConfig_100.xslt" />
      <Version Value="200" Schema="KLIConfig_200.xslt" />
      <Version Value="300" Schema="KLIConfig_300.xslt" />
   </Module>
   <Module Name="Common/KNet.xml" >
      <Version Value="100" Schema="KNet_100.xslt" />
      <Version Value="200" Schema="KNet_200.xslt" />
   </Module>
   <Module Name="Common/KRC_IO.xml" >
      <Version Value="100" Schema="KRC_IO_100.xslt" />
   </Module>
   <Module Name="Common/ecat_PBM_Gateway.xml" >
      <Version Value="100" Schema="ecat_PBM_Gateway_100.xslt" />
   </Module>
   <Module Name="Common/ECAT_SYS_X44.xml" >
      <Version Value="100" Schema="ECAT_SYS_X44_100.xslt" />
   </Module>
   <Module Name="Common/ecatms_sys_x44_swap.xml" >
      <Version Value="100" Schema="ecatms_sys_x44_swap_100.xslt" />
   </Module>
   <Module Name="Common/Logging_BrakeTest.xml" >
      <Version Value="100" Schema="Logging_BrakeTest_100.xslt" />
   </Module>   
   <Module Name="Common/Logging_System.xml" >
      <Version Value="100" Schema="Logging_System_100.xslt" />
   </Module>   
   <Module Name="Common/VIO_USER_BUS.xml" >
      <Version Value="100" Schema="VIO_USER_BUS_100.xslt" />
   </Module>  
   <Module Name="Common/ProConOS_IO.XML">
      <Version Value="100" Schema="ProConOS_IO_100.xslt" />
   </Module>
   <Module Name="Common/ProConOS.XML">
      <Version Value="100" Schema="ProConOS_100.xslt" />
   </Module>
   <Module Name="Common/FpExceptions.xml">
      <Version Value="100" Schema="FpExceptions_100.xslt" />
   </Module>
</Transformation>