<?xml version="1.0" encoding="UTF-8" standalone="no" ?><!-- KUKA Roboter (C) 2009 --><!-- rrg, 2009-09-10 --><RobotInfo MajorVersion="0" MinorVersion="0">
   <RobotData Timestamp="2021.02.10 17:33:10.025201462">
      <SerialNumber Checksum="945347240">1074578</SerialNumber>
      <RobotType Checksum="637639927">#KR250R2700_2 C4 FLR</RobotType>
   </RobotData>
   <MamesOffsets Timestamp="2021.02.10 17:33:10.025201462">
      <File Checksum="-2055653765">1074578.mam</File>
   </MamesOffsets>
   <AbsoluteAccuracy Timestamp="2021.02.10 17:33:10.025201462">
      <File Checksum="-1590084674">prec_rob0001074578.xml</File>
      <UsedModelVersion Checksum="2024532702">4.0</UsedModelVersion>
   </AbsoluteAccuracy>
</RobotInfo>