<?xml-stylesheet href="poslog.xsl" type="text/xsl"?>
<poslog serialno="1074578" trafo="#KR250R2700_2 C4 FLR" date="JAN 27 2022" time="12:24:47" tick="188167151" timestamp="188119525" trigger="ENABLING SWITCH">
<value>
<planned>
<robot_axis a1="3.977235" a2="-63.274139" a3="119.082199" a4="54.135105" a5="-68.543510" a6="-27.002378" />
<external_axis />
</planned>
<actual>
<robot_axis a1="3.977133" a2="-63.252750" a3="119.079132" a4="54.128578" a5="-68.559402" a6="-26.981991" />
<external_axis />
</actual>
<ipo_cycle>-6516</ipo_cycle>
</value>
<move>
<key_image k3="-1" />
<mouse_override m1="0.000000" m2="0.000000" m3="0.000000" m4="0.000000" m5="0.000000" m6="0.000000" />
<mode>BASE</mode>
<base>
<pos x="1858.680054" y="122.529999" z="241.500000" a="45.000000" b="0.000000" c="0.000000" /></base>
<tool>
<pos x="301.660004" y="0.000000" z="93.000000" a="0.000000" b="-90.000000" c="0.000000" /></tool>
<ipo_mode>base</ipo_mode>
<motion_mode>STANDARD</motion_mode>
<ipo_cycle>-2911</ipo_cycle>
</move>
<value>
<planned>
<robot_axis a1="3.977141" a2="-62.768665" a3="119.118156" a4="53.963608" a5="-68.866531" a6="-26.527546" />
<external_axis />
</planned>
<actual>
<robot_axis a1="3.977120" a2="-62.807617" a3="119.113335" a4="53.975990" a5="-68.841118" a6="-26.564814" />
<external_axis />
</actual>
<ipo_cycle>-2853</ipo_cycle>
</value>
<value>
<planned>
<robot_axis a1="3.977141" a2="-62.259090" a3="119.152664" a4="53.795139" a5="-69.187263" a6="-26.056871" />
<external_axis />
</planned>
<actual>
<robot_axis a1="3.977150" a2="-62.298931" a3="119.151260" a4="53.808899" a5="-69.161736" a6="-26.092623" />
<external_axis />
</actual>
<ipo_cycle>-2803</ipo_cycle>
</value>
<value>
<planned>
<robot_axis a1="3.977141" a2="-61.755852" a3="119.180267" a4="53.633823" a5="-69.501419" a6="-25.599571" />
<external_axis />
</planned>
<actual>
<robot_axis a1="3.977175" a2="-61.795681" a3="119.177910" a4="53.647945" a5="-69.475822" a6="-25.636541" />
<external_axis />
</actual>
<ipo_cycle>-2754</ipo_cycle>
</value>
<value>
<planned>
<robot_axis a1="3.977141" a2="-61.248871" a3="119.201729" a4="53.476227" a5="-69.815346" a6="-25.146208" />
<external_axis />
</planned>
<actual>
<robot_axis a1="3.977175" a2="-61.288822" a3="119.199928" a4="53.487324" a5="-69.790192" a6="-25.181520" />
<external_axis />
</actual>
<ipo_cycle>-2705</ipo_cycle>
</value>
<value>
<planned>
<robot_axis a1="3.977141" a2="-60.748695" a3="119.216782" a4="53.325417" a5="-70.122536" a6="-24.705931" />
<external_axis />
</planned>
<actual>
<robot_axis a1="3.977163" a2="-60.788853" a3="119.217117" a4="53.335495" a5="-70.097603" a6="-24.741129" />
<external_axis />
</actual>
<ipo_cycle>-2657</ipo_cycle>
</value>
<value>
<planned>
<robot_axis a1="3.977141" a2="-60.245087" a3="119.225937" a4="53.178112" a5="-70.429321" a6="-24.269461" />
<external_axis />
</planned>
<actual>
<robot_axis a1="3.977141" a2="-60.285702" a3="119.225014" a4="53.188042" a5="-70.403862" a6="-24.305061" />
<external_axis />
</actual>
<ipo_cycle>-2609</ipo_cycle>
</value>
<value>
<planned>
<robot_axis a1="3.977141" a2="-59.738129" a3="119.229195" a4="53.034275" a5="-70.735619" a6="-23.836813" />
<external_axis />
</planned>
<actual>
<robot_axis a1="3.977111" a2="-59.778988" a3="119.228966" a4="53.048641" a5="-70.710846" a6="-23.873108" />
<external_axis />
</actual>
<ipo_cycle>-2561</ipo_cycle>
</value>
<value>
<planned>
<robot_axis a1="3.977141" a2="-59.227901" a3="119.226540" a4="52.893879" a5="-71.041344" a6="-23.408003" />
<external_axis />
</planned>
<actual>
<robot_axis a1="3.977090" a2="-59.269249" a3="119.229118" a4="52.905949" a5="-71.016029" a6="-23.443321" />
<external_axis />
</actual>
<ipo_cycle>-2513</ipo_cycle>
</value>
<value>
<planned>
<robot_axis a1="3.977141" a2="-58.725212" a3="119.218216" a4="52.759708" a5="-71.340050" a6="-22.991861" />
<external_axis />
</planned>
<actual>
<robot_axis a1="3.977111" a2="-58.766880" a3="119.222748" a4="52.768661" a5="-71.314926" a6="-23.027271" />
<external_axis />
</actual>
<ipo_cycle>-2466</ipo_cycle>
</value>
<value>
<planned>
<robot_axis a1="3.977141" a2="-58.219540" a3="119.204239" a4="52.628765" a5="-71.638054" a6="-22.579426" />
<external_axis />
</planned>
<actual>
<robot_axis a1="3.977150" a2="-58.261204" a3="119.206108" a4="52.638504" a5="-71.612915" a6="-22.612257" />
<external_axis />
</actual>
<ipo_cycle>-2419</ipo_cycle>
</value>
<value>
<planned>
<robot_axis a1="3.977141" a2="-57.710960" a3="119.184601" a4="52.501015" a5="-71.935265" a6="-22.170710" />
<external_axis />
</planned>
<actual>
<robot_axis a1="3.977184" a2="-57.752914" a3="119.184532" a4="52.513191" a5="-71.910255" a6="-22.204124" />
<external_axis />
</actual>
<ipo_cycle>-2372</ipo_cycle>
</value>
<value>
<planned>
<robot_axis a1="3.977141" a2="-57.210464" a3="119.159897" a4="52.379047" a5="-72.225304" a6="-21.774307" />
<external_axis />
</planned>
<actual>
<robot_axis a1="3.977193" a2="-57.252598" a3="119.160500" a4="52.392403" a5="-72.200661" a6="-21.807022" />
<external_axis />
</actual>
<ipo_cycle>-2326</ipo_cycle>
</value>
<value>
<planned>
<robot_axis a1="3.977141" a2="-56.707329" a3="119.129784" a4="52.260075" a5="-72.514450" a6="-21.381491" />
<external_axis />
</planned>
<actual>
<robot_axis a1="3.977154" a2="-56.749866" a3="119.132286" a4="52.271214" a5="-72.489677" a6="-21.415453" />
<external_axis />
</actual>
<ipo_cycle>-2280</ipo_cycle>
</value>
<value>
<planned>
<robot_axis a1="3.977141" a2="-56.201630" a3="119.094261" a4="52.144062" a5="-72.802612" a6="-20.992275" />
<external_axis />
</planned>
<actual>
<robot_axis a1="3.977111" a2="-56.244076" a3="119.098183" a4="52.154381" a5="-72.778061" a6="-21.025036" />
<external_axis />
</actual>
<ipo_cycle>-2234</ipo_cycle>
</value>
<value>
<planned>
<robot_axis a1="3.977141" a2="-55.693436" a3="119.053337" a4="52.030975" a5="-73.089722" a6="-20.606672" />
<external_axis />
</planned>
<actual>
<robot_axis a1="3.977094" a2="-55.736195" a3="119.057129" a4="52.038700" a5="-73.065300" a6="-20.640198" />
<external_axis />
</actual>
<ipo_cycle>-2188</ipo_cycle>
</value>
<move>
<key_image k3="-1" />
<mouse_override m1="0.000000" m2="0.000000" m3="0.000000" m4="0.000000" m5="0.000000" m6="0.000000" />
<mode>BASE</mode>
<base>
<pos x="1858.680054" y="122.529999" z="241.500000" a="45.000000" b="0.000000" c="0.000000" /></base>
<tool>
<pos x="301.660004" y="0.000000" z="93.000000" a="0.000000" b="-90.000000" c="0.000000" /></tool>
<ipo_mode>base</ipo_mode>
<motion_mode>STANDARD</motion_mode>
<ipo_cycle>-2085</ipo_cycle>
</move>
<move>
<key_image k3="-1" />
<mouse_override m1="0.000000" m2="0.000000" m3="0.000000" m4="0.000000" m5="0.000000" m6="0.000000" />
<mode>BASE</mode>
<base>
<pos x="1858.680054" y="122.529999" z="241.500000" a="45.000000" b="0.000000" c="0.000000" /></base>
<tool>
<pos x="301.660004" y="0.000000" z="93.000000" a="0.000000" b="-90.000000" c="0.000000" /></tool>
<ipo_mode>base</ipo_mode>
<motion_mode>STANDARD</motion_mode>
<ipo_cycle>-2021</ipo_cycle>
</move>
<move>
<key_image k3="-1" />
<mouse_override m1="0.000000" m2="0.000000" m3="0.000000" m4="0.000000" m5="0.000000" m6="0.000000" />
<mode>BASE</mode>
<base>
<pos x="1858.680054" y="122.529999" z="241.500000" a="45.000000" b="0.000000" c="0.000000" /></base>
<tool>
<pos x="301.660004" y="0.000000" z="93.000000" a="0.000000" b="-90.000000" c="0.000000" /></tool>
<ipo_mode>base</ipo_mode>
<motion_mode>STANDARD</motion_mode>
<ipo_cycle>-1972</ipo_cycle>
</move>
<move>
<key_image k3="-1" />
<mouse_override m1="0.000000" m2="0.000000" m3="0.000000" m4="0.000000" m5="0.000000" m6="0.000000" />
<mode>BASE</mode>
<base>
<pos x="1858.680054" y="122.529999" z="241.500000" a="45.000000" b="0.000000" c="0.000000" /></base>
<tool>
<pos x="301.660004" y="0.000000" z="93.000000" a="0.000000" b="-90.000000" c="0.000000" /></tool>
<ipo_mode>base</ipo_mode>
<motion_mode>STANDARD</motion_mode>
<ipo_cycle>-1922</ipo_cycle>
</move>
<move>
<key_image k3="-1" />
<mouse_override m1="0.000000" m2="0.000000" m3="0.000000" m4="0.000000" m5="0.000000" m6="0.000000" />
<mode>BASE</mode>
<base>
<pos x="1858.680054" y="122.529999" z="241.500000" a="45.000000" b="0.000000" c="0.000000" /></base>
<tool>
<pos x="301.660004" y="0.000000" z="93.000000" a="0.000000" b="-90.000000" c="0.000000" /></tool>
<ipo_mode>base</ipo_mode>
<motion_mode>STANDARD</motion_mode>
<ipo_cycle>-1868</ipo_cycle>
</move>
<move>
<key_image k3="-1" />
<mouse_override m1="0.000000" m2="0.000000" m3="0.000000" m4="0.000000" m5="0.000000" m6="0.000000" />
<mode>BASE</mode>
<base>
<pos x="1858.680054" y="122.529999" z="241.500000" a="45.000000" b="0.000000" c="0.000000" /></base>
<tool>
<pos x="301.660004" y="0.000000" z="93.000000" a="0.000000" b="-90.000000" c="0.000000" /></tool>
<ipo_mode>base</ipo_mode>
<motion_mode>STANDARD</motion_mode>
<ipo_cycle>-1821</ipo_cycle>
</move>
<value>
<planned>
<robot_axis a1="3.977141" a2="-55.212940" a3="119.009880" a4="51.927185" a5="-73.358917" a6="-20.247076" />
<external_axis />
</planned>
<actual>
<robot_axis a1="3.977150" a2="-55.234406" a3="119.014145" a4="51.932796" a5="-73.345322" a6="-20.269543" />
<external_axis />
</actual>
<ipo_cycle>-1808</ipo_cycle>
</value>
<move>
<key_image k3="-1" />
<mouse_override m1="0.000000" m2="0.000000" m3="0.000000" m4="0.000000" m5="0.000000" m6="0.000000" />
<mode>BASE</mode>
<base>
<pos x="1858.680054" y="122.529999" z="241.500000" a="45.000000" b="0.000000" c="0.000000" /></base>
<tool>
<pos x="301.660004" y="0.000000" z="93.000000" a="0.000000" b="-90.000000" c="0.000000" /></tool>
<ipo_mode>base</ipo_mode>
<motion_mode>STANDARD</motion_mode>
<ipo_cycle>-1755</ipo_cycle>
</move>
<move>
<key_image k3="-1" />
<mouse_override m1="0.000000" m2="0.000000" m3="0.000000" m4="0.000000" m5="0.000000" m6="0.000000" />
<mode>BASE</mode>
<base>
<pos x="1858.680054" y="122.529999" z="241.500000" a="45.000000" b="0.000000" c="0.000000" /></base>
<tool>
<pos x="301.660004" y="0.000000" z="93.000000" a="0.000000" b="-90.000000" c="0.000000" /></tool>
<ipo_mode>base</ipo_mode>
<motion_mode>STANDARD</motion_mode>
<ipo_cycle>-1695</ipo_cycle>
</move>
<move>
<key_image k3="-1" />
<mouse_override m1="0.000000" m2="0.000000" m3="0.000000" m4="0.000000" m5="0.000000" m6="0.000000" />
<mode>BASE</mode>
<base>
<pos x="1858.680054" y="122.529999" z="241.500000" a="45.000000" b="0.000000" c="0.000000" /></base>
<tool>
<pos x="301.660004" y="0.000000" z="93.000000" a="0.000000" b="-90.000000" c="0.000000" /></tool>
<ipo_mode>base</ipo_mode>
<motion_mode>STANDARD</motion_mode>
<ipo_cycle>-1632</ipo_cycle>
</move>
<move>
<key_image k3="-1" />
<mouse_override m1="0.000000" m2="0.000000" m3="0.000000" m4="0.000000" m5="0.000000" m6="0.000000" />
<mode>BASE</mode>
<base>
<pos x="1858.680054" y="122.529999" z="241.500000" a="45.000000" b="0.000000" c="0.000000" /></base>
<tool>
<pos x="301.660004" y="0.000000" z="93.000000" a="0.000000" b="-90.000000" c="0.000000" /></tool>
<ipo_mode>base</ipo_mode>
<motion_mode>STANDARD</motion_mode>
<ipo_cycle>-1571</ipo_cycle>
</move>
<move>
<key_image k3="+1" />
<mouse_override m1="0.000000" m2="0.000000" m3="0.000000" m4="0.000000" m5="0.000000" m6="0.000000" />
<mode>BASE</mode>
<base>
<pos x="1858.680054" y="122.529999" z="241.500000" a="45.000000" b="0.000000" c="0.000000" /></base>
<tool>
<pos x="301.660004" y="0.000000" z="93.000000" a="0.000000" b="-90.000000" c="0.000000" /></tool>
<ipo_mode>base</ipo_mode>
<motion_mode>STANDARD</motion_mode>
<ipo_cycle>-1487</ipo_cycle>
</move>
<move>
<key_image k3="+1" />
<mouse_override m1="0.000000" m2="0.000000" m3="0.000000" m4="0.000000" m5="0.000000" m6="0.000000" />
<mode>BASE</mode>
<base>
<pos x="1858.680054" y="122.529999" z="241.500000" a="45.000000" b="0.000000" c="0.000000" /></base>
<tool>
<pos x="301.660004" y="0.000000" z="93.000000" a="0.000000" b="-90.000000" c="0.000000" /></tool>
<ipo_mode>base</ipo_mode>
<motion_mode>STANDARD</motion_mode>
<ipo_cycle>-1408</ipo_cycle>
</move>
<move>
<key_image k3="+1" />
<mouse_override m1="0.000000" m2="0.000000" m3="0.000000" m4="0.000000" m5="0.000000" m6="0.000000" />
<mode>BASE</mode>
<base>
<pos x="1858.680054" y="122.529999" z="241.500000" a="45.000000" b="0.000000" c="0.000000" /></base>
<tool>
<pos x="301.660004" y="0.000000" z="93.000000" a="0.000000" b="-90.000000" c="0.000000" /></tool>
<ipo_mode>base</ipo_mode>
<motion_mode>STANDARD</motion_mode>
<ipo_cycle>-630</ipo_cycle>
</move>
<value>
<planned>
<robot_axis a1="3.977141" a2="-55.713604" a3="119.055061" a4="52.035400" a5="-73.078377" a6="-20.621874" />
<external_axis />
</planned>
<actual>
<robot_axis a1="3.977111" a2="-55.671341" a3="119.050980" a4="52.022449" a5="-73.102661" a6="-20.589981" />
<external_axis />
</actual>
<ipo_cycle>-569</ipo_cycle>
</value>
<value>
<planned>
<robot_axis a1="3.977141" a2="-56.221699" a3="119.095772" a4="52.148602" a5="-72.791222" a6="-21.007620" />
<external_axis />
</planned>
<actual>
<robot_axis a1="3.977128" a2="-56.179485" a3="119.090744" a4="52.138119" a5="-72.815750" a6="-20.973730" />
<external_axis />
</actual>
<ipo_cycle>-523</ipo_cycle>
</value>
<value>
<planned>
<robot_axis a1="3.977141" a2="-56.727303" a3="119.131081" a4="52.264729" a5="-72.503014" a6="-21.396978" />
<external_axis />
</planned>
<actual>
<robot_axis a1="3.977175" a2="-56.684834" a3="119.128700" a4="52.253506" a5="-72.527267" a6="-21.364319" />
<external_axis />
</actual>
<ipo_cycle>-477</ipo_cycle>
</value>
<value>
<planned>
<robot_axis a1="3.977141" a2="-57.230331" a3="119.160980" a4="52.383820" a5="-72.213837" a6="-21.789936" />
<external_axis />
</planned>
<actual>
<robot_axis a1="3.977184" a2="-57.188290" a3="119.157532" a4="52.373405" a5="-72.238159" a6="-21.756075" />
<external_axis />
</actual>
<ipo_cycle>-431</ipo_cycle>
</value>
<value>
<planned>
<robot_axis a1="3.977141" a2="-57.730724" a3="119.185463" a4="52.505909" a5="-71.923759" a6="-22.186481" />
<external_axis />
</planned>
<actual>
<robot_axis a1="3.977154" a2="-57.688541" a3="119.182312" a4="52.496708" a5="-71.948380" a6="-22.150192" />
<external_axis />
</actual>
<ipo_cycle>-385</ipo_cycle>
</value>
<value>
<planned>
<robot_axis a1="3.977141" a2="-58.239193" a3="119.204880" a4="52.633778" a5="-71.626518" a6="-22.595341" />
<external_axis />
</planned>
<actual>
<robot_axis a1="3.977107" a2="-58.197285" a3="119.202538" a4="52.619789" a5="-71.651550" a6="-22.559282" />
<external_axis />
</actual>
<ipo_cycle>-338</ipo_cycle>
</value>
<value>
<planned>
<robot_axis a1="3.977141" a2="-58.744751" a3="119.218643" a4="52.764847" a5="-71.328491" a6="-23.007919" />
<external_axis />
</planned>
<actual>
<robot_axis a1="3.977090" a2="-58.703465" a3="119.218979" a4="52.756851" a5="-71.353867" a6="-22.974396" />
<external_axis />
</actual>
<ipo_cycle>-291</ipo_cycle>
</value>
<value>
<planned>
<robot_axis a1="3.977141" a2="-59.247322" a3="119.226746" a4="52.899147" a5="-71.029747" a6="-23.424206" />
<external_axis />
</planned>
<actual>
<robot_axis a1="3.977107" a2="-59.206043" a3="119.225723" a4="52.888367" a5="-71.054527" a6="-23.390015" />
<external_axis />
</actual>
<ipo_cycle>-244</ipo_cycle>
</value>
<value>
<planned>
<robot_axis a1="3.977141" a2="-59.746834" a3="119.229187" a4="53.036709" a5="-70.730385" a6="-23.844185" />
<external_axis />
</planned>
<actual>
<robot_axis a1="3.977141" a2="-59.706142" a3="119.228958" a4="53.022484" a5="-70.755524" a6="-23.807600" />
<external_axis />
</actual>
<ipo_cycle>-197</ipo_cycle>
</value>
<value>
<planned>
<robot_axis a1="3.977141" a2="-60.253735" a3="119.225830" a4="53.180603" a5="-70.424072" a6="-24.276897" />
<external_axis />
</planned>
<actual>
<robot_axis a1="3.977171" a2="-60.213062" a3="119.228905" a4="53.164986" a5="-70.448792" a6="-24.240805" />
<external_axis />
</actual>
<ipo_cycle>-149</ipo_cycle>
</value>
<value>
<planned>
<robot_axis a1="3.977141" a2="-60.757282" a3="119.216576" a4="53.327969" a5="-70.117279" a6="-24.713434" />
<external_axis />
</planned>
<actual>
<robot_axis a1="3.977180" a2="-60.716522" a3="119.220703" a4="53.312714" a5="-70.142517" a6="-24.677336" />
<external_axis />
</actual>
<ipo_cycle>-101</ipo_cycle>
</value>
<value>
<planned>
<robot_axis a1="3.977141" a2="-61.257401" a3="119.201416" a4="53.478840" a5="-69.810081" a6="-25.153776" />
<external_axis />
</planned>
<actual>
<robot_axis a1="3.977171" a2="-61.217224" a3="119.203857" a4="53.463467" a5="-69.835594" a6="-25.117643" />
<external_axis />
</actual>
<ipo_cycle>-53</ipo_cycle>
</value>
<value>
<planned>
<robot_axis a1="3.977141" a2="-61.725967" a3="119.181709" a4="53.624401" a5="-69.519997" a6="-25.572649" />
<external_axis />
</planned>
<actual>
<robot_axis a1="3.977154" a2="-61.720917" a3="119.180557" a4="53.623844" a5="-69.519958" a6="-25.576061" />
<external_axis />
</actual>
<ipo_cycle>-2</ipo_cycle>
</value>
</poslog>
