<?xml-stylesheet href="poslog.xsl" type="text/xsl"?>
<poslog serialno="1074578" trafo="#KR250R2700_2 C4 FLR" date="JAN 31 2022" time="08:48:52" tick="520812696" timestamp="520765070" trigger="ENABLING SWITCH">
<syn_motion>
<program>PROGRAM02</program>
<line>34</line>
<name>XHOME2</name>
<base>
<pos x="1486.225952" y="-367.585999" z="-90.000000" a="-45.000000" b="0.000000" c="0.000000" /></base>
<tool>
<pos x="301.660004" y="0.000000" z="93.000000" a="0.000000" b="-90.000000" c="0.000000" /></tool>
<ipo_mode>base</ipo_mode>
<load>
<mass>18.000000</mass>
</load>
<bco_motion>TRUE</bco_motion>
<interrupt>FALSE</interrupt>
<motion_mode>STANDARD</motion_mode>
<ipo_cycle>-7554</ipo_cycle>
</syn_motion>
<value>
<planned>
<robot_axis a1="45.688370" a2="-114.010483" a3="153.313828" a4="20.043715" a5="-25.850275" a6="-20.442526" />
<external_axis />
</planned>
<actual>
<robot_axis a1="45.568478" a2="-113.714798" a3="153.203415" a4="20.950954" a5="-25.235670" a6="-21.425816" />
<external_axis />
</actual>
<ipo_cycle>-6871</ipo_cycle>
</value>
<value>
<planned>
<robot_axis a1="45.780708" a2="-114.236794" a3="153.398880" a4="19.353024" a5="-26.318430" a6="-19.693472" />
<external_axis />
</planned>
<actual>
<robot_axis a1="45.660980" a2="-113.940880" a3="153.288727" a4="20.259602" a5="-25.703634" a6="-20.677031" />
<external_axis />
</actual>
<ipo_cycle>-6868</ipo_cycle>
</value>
<value>
<planned>
<robot_axis a1="45.873047" a2="-114.463104" a3="153.483932" a4="18.662333" a5="-26.786587" a6="-18.944420" />
<external_axis />
</planned>
<actual>
<robot_axis a1="45.753399" a2="-114.167183" a3="153.373718" a4="19.567810" a5="-26.171963" a6="-19.927692" />
<external_axis />
</actual>
<ipo_cycle>-6865</ipo_cycle>
</value>
<value>
<planned>
<robot_axis a1="45.965385" a2="-114.689415" a3="153.568985" a4="17.971643" a5="-27.254744" a6="-18.195366" />
<external_axis />
</planned>
<actual>
<robot_axis a1="45.845547" a2="-114.393600" a3="153.458771" a4="18.877460" a5="-26.640070" a6="-19.178457" />
<external_axis />
</actual>
<ipo_cycle>-6862</ipo_cycle>
</value>
<value>
<planned>
<robot_axis a1="46.057724" a2="-114.915726" a3="153.654037" a4="17.280952" a5="-27.722898" a6="-17.446312" />
<external_axis />
</planned>
<actual>
<robot_axis a1="45.937851" a2="-114.619873" a3="153.543823" a4="18.187233" a5="-27.108154" a6="-18.429697" />
<external_axis />
</actual>
<ipo_cycle>-6859</ipo_cycle>
</value>
<value>
<planned>
<robot_axis a1="46.150066" a2="-115.142029" a3="153.739105" a4="16.590261" a5="-28.191055" a6="-16.697260" />
<external_axis />
</planned>
<actual>
<robot_axis a1="46.030376" a2="-114.846283" a3="153.628815" a4="17.497160" a5="-27.576504" a6="-17.680710" />
<external_axis />
</actual>
<ipo_cycle>-6856</ipo_cycle>
</value>
<value>
<planned>
<robot_axis a1="46.242405" a2="-115.368340" a3="153.824158" a4="15.899571" a5="-28.659212" a6="-15.948206" />
<external_axis />
</planned>
<actual>
<robot_axis a1="46.122704" a2="-115.072853" a3="153.713898" a4="16.806332" a5="-28.044569" a6="-16.931494" />
<external_axis />
</actual>
<ipo_cycle>-6853</ipo_cycle>
</value>
<value>
<planned>
<robot_axis a1="46.334743" a2="-115.594650" a3="153.909210" a4="15.208881" a5="-29.127367" a6="-15.199153" />
<external_axis />
</planned>
<actual>
<robot_axis a1="46.214848" a2="-115.299065" a3="153.798874" a4="16.115170" a5="-28.512598" a6="-16.182474" />
<external_axis />
</actual>
<ipo_cycle>-6850</ipo_cycle>
</value>
<value>
<planned>
<robot_axis a1="46.427082" a2="-115.820961" a3="153.994263" a4="14.518191" a5="-29.595524" a6="-14.450099" />
<external_axis />
</planned>
<actual>
<robot_axis a1="46.307293" a2="-115.525208" a3="153.883942" a4="15.424727" a5="-28.980917" a6="-15.433438" />
<external_axis />
</actual>
<ipo_cycle>-6847</ipo_cycle>
</value>
<value>
<planned>
<robot_axis a1="46.519421" a2="-116.047272" a3="154.079315" a4="13.827500" a5="-30.063679" a6="-13.701046" />
<external_axis />
</planned>
<actual>
<robot_axis a1="46.399708" a2="-115.751442" a3="153.969147" a4="14.733517" a5="-29.449167" a6="-14.684304" />
<external_axis />
</actual>
<ipo_cycle>-6844</ipo_cycle>
</value>
<value>
<planned>
<robot_axis a1="46.611759" a2="-116.273582" a3="154.164368" a4="13.136810" a5="-30.531836" a6="-12.951993" />
<external_axis />
</planned>
<actual>
<robot_axis a1="46.491970" a2="-115.977745" a3="154.054016" a4="14.043963" a5="-29.917137" a6="-13.935336" />
<external_axis />
</actual>
<ipo_cycle>-6841</ipo_cycle>
</value>
<value>
<planned>
<robot_axis a1="46.704098" a2="-116.499886" a3="154.249420" a4="12.446120" a5="-30.999992" a6="-12.202939" />
<external_axis />
</planned>
<actual>
<robot_axis a1="46.584385" a2="-116.203880" a3="154.139236" a4="13.352868" a5="-30.385252" a6="-13.186304" />
<external_axis />
</actual>
<ipo_cycle>-6838</ipo_cycle>
</value>
<value>
<planned>
<robot_axis a1="46.796413" a2="-116.726143" a3="154.334457" a4="11.755603" a5="-31.468031" a6="-11.454074" />
<external_axis />
</planned>
<actual>
<robot_axis a1="46.676807" a2="-116.430138" a3="154.224487" a4="12.663011" a5="-30.853546" a6="-12.436938" />
<external_axis />
</actual>
<ipo_cycle>-6835</ipo_cycle>
</value>
<value>
<planned>
<robot_axis a1="46.888168" a2="-116.951019" a3="154.418976" a4="11.069276" a5="-31.933229" a6="-10.709753" />
<external_axis />
</planned>
<actual>
<robot_axis a1="46.768932" a2="-116.656555" a3="154.309235" a4="11.972585" a5="-31.321690" a6="-11.688163" />
<external_axis />
</actual>
<ipo_cycle>-6832</ipo_cycle>
</value>
<value>
<planned>
<robot_axis a1="46.978359" a2="-117.172066" a3="154.502045" a4="10.394651" a5="-32.390495" a6="-9.978123" />
<external_axis />
</planned>
<actual>
<robot_axis a1="46.860893" a2="-116.881630" a3="154.394135" a4="11.282943" a5="-31.788179" a6="-10.941293" />
<external_axis />
</actual>
<ipo_cycle>-6829</ipo_cycle>
</value>
<value>
<planned>
<robot_axis a1="47.065964" a2="-117.386780" a3="154.582748" a4="9.739354" a5="-32.834663" a6="-9.267453" />
<external_axis />
</planned>
<actual>
<robot_axis a1="46.951836" a2="-117.103874" a3="154.477783" a4="10.601502" a5="-32.248627" a6="-10.204284" />
<external_axis />
</actual>
<ipo_cycle>-6826</ipo_cycle>
</value>
<value>
<planned>
<robot_axis a1="47.149967" a2="-117.592659" a3="154.660126" a4="9.111011" a5="-33.260559" a6="-8.586015" />
<external_axis />
</planned>
<actual>
<robot_axis a1="47.039982" a2="-117.320488" a3="154.559250" a4="9.938352" a5="-32.697491" a6="-9.485862" />
<external_axis />
</actual>
<ipo_cycle>-6823</ipo_cycle>
</value>
<value>
<planned>
<robot_axis a1="47.229347" a2="-117.787209" a3="154.733246" a4="8.517247" a5="-33.663017" a6="-7.942079" />
<external_axis />
</planned>
<actual>
<robot_axis a1="47.125088" a2="-117.528976" a3="154.637756" a4="9.300488" a5="-33.129597" a6="-8.794046" />
<external_axis />
</actual>
<ipo_cycle>-6820</ipo_cycle>
</value>
<value>
<planned>
<robot_axis a1="47.303192" a2="-117.968193" a3="154.801270" a4="7.964890" a5="-34.037411" a6="-7.343048" />
<external_axis />
</planned>
<actual>
<robot_axis a1="47.205856" a2="-117.726982" a3="154.712128" a4="8.695068" a5="-33.540195" a6="-8.137208" />
<external_axis />
</actual>
<ipo_cycle>-6817</ipo_cycle>
</value>
<value>
<planned>
<robot_axis a1="47.371262" a2="-118.135017" a3="154.863968" a4="7.455746" a5="-34.382511" a6="-6.790881" />
<external_axis />
</planned>
<actual>
<robot_axis a1="47.281612" a2="-117.912064" a3="154.781982" a4="8.129121" a5="-33.923779" a6="-7.522995" />
<external_axis />
</actual>
<ipo_cycle>-6814</ipo_cycle>
</value>
<value>
<planned>
<robot_axis a1="47.433552" a2="-118.287682" a3="154.921341" a4="6.989815" a5="-34.698326" a6="-6.285579" />
<external_axis />
</planned>
<actual>
<robot_axis a1="47.351269" a2="-118.083488" a3="154.846268" a4="7.605925" a5="-34.277908" a6="-6.956381" />
<external_axis />
</actual>
<ipo_cycle>-6811</ipo_cycle>
</value>
<value>
<planned>
<robot_axis a1="47.490067" a2="-118.426193" a3="154.973389" a4="6.567096" a5="-34.984848" a6="-5.827141" />
<external_axis />
</planned>
<actual>
<robot_axis a1="47.415359" a2="-118.240662" a3="154.904877" a4="7.126846" a5="-34.603008" a6="-6.436317" />
<external_axis />
</actual>
<ipo_cycle>-6808</ipo_cycle>
</value>
<value>
<planned>
<robot_axis a1="47.556431" a2="-118.588837" a3="155.034515" a4="6.070692" a5="-35.321316" a6="-5.288790" />
<external_axis />
</planned>
<actual>
<robot_axis a1="47.491791" a2="-118.428207" a3="154.975189" a4="6.555833" a5="-34.990688" a6="-5.815866" />
<external_axis />
</actual>
<ipo_cycle>-6804</ipo_cycle>
</value>
<value>
<planned>
<robot_axis a1="47.612522" a2="-118.726318" a3="155.086197" a4="5.651110" a5="-35.605713" a6="-4.833754" />
<external_axis />
</planned>
<actual>
<robot_axis a1="47.557823" a2="-118.590622" a3="155.036057" a4="6.059554" a5="-35.326305" a6="-5.278643" />
<external_axis />
</actual>
<ipo_cycle>-6800</ipo_cycle>
</value>
<value>
<planned>
<robot_axis a1="47.668198" a2="-118.862770" a3="155.137466" a4="5.234665" a5="-35.887981" a6="-4.382120" />
<external_axis />
</planned>
<actual>
<robot_axis a1="47.626034" a2="-118.757957" a3="155.098343" a4="5.548952" a5="-35.672676" a6="-4.724403" />
<external_axis />
</actual>
<ipo_cycle>-6795</ipo_cycle>
</value>
<value>
<planned>
<robot_axis a1="47.719185" a2="-118.987724" a3="155.184433" a4="4.853299" a5="-36.146477" a6="-3.968528" />
<external_axis />
</planned>
<actual>
<robot_axis a1="47.694080" a2="-118.925797" a3="155.160706" a4="5.037532" a5="-36.021019" a6="-4.166542" />
<external_axis />
</actual>
<ipo_cycle>-6788</ipo_cycle>
</value>
<syn_motion>
<program>cncDoToolChange</program>
<line>42</line>
<name>XHomeTool</name>
<base>
<pos x="1486.225952" y="-367.585999" z="-90.000000" a="-45.000000" b="0.000000" c="0.000000" /></base>
<tool>
<pos x="365.660004" y="0.000000" z="93.000000" a="0.000000" b="-90.000000" c="0.000000" /></tool>
<ipo_mode>base</ipo_mode>
<load>
<mass>18.000000</mass>
</load>
<bco_motion>FALSE</bco_motion>
<interrupt>FALSE</interrupt>
<motion_mode>STANDARD</motion_mode>
<ipo_cycle>-400</ipo_cycle>
</syn_motion>
<syn_motion>
<program>cncDoToolChange</program>
<line>42</line>
<name>XHomeTool</name>
<base>
<pos x="1486.225952" y="-367.585999" z="-90.000000" a="-45.000000" b="0.000000" c="0.000000" /></base>
<tool>
<pos x="365.660004" y="0.000000" z="93.000000" a="0.000000" b="-90.000000" c="0.000000" /></tool>
<ipo_mode>base</ipo_mode>
<load>
<mass>18.000000</mass>
</load>
<bco_motion>FALSE</bco_motion>
<interrupt>FALSE</interrupt>
<motion_mode>STANDARD</motion_mode>
<ipo_cycle>-380</ipo_cycle>
</syn_motion>
<value>
<planned>
<robot_axis a1="47.746815" a2="-119.452431" a3="154.965103" a4="4.721117" a5="-35.646126" a6="-3.836302" />
<external_axis />
</planned>
<actual>
<robot_axis a1="47.746796" a2="-119.222374" a3="155.120987" a4="4.654950" a5="-36.044643" a6="-3.771829" />
<external_axis />
</actual>
<ipo_cycle>-367</ipo_cycle>
</value>
<value>
<planned>
<robot_axis a1="47.746967" a2="-119.811020" a3="154.735748" a4="4.790758" a5="-35.060471" a6="-3.921744" />
<external_axis />
</planned>
<actual>
<robot_axis a1="47.746796" a2="-119.471199" a3="154.962555" a4="4.693294" a5="-35.641571" a6="-3.831266" />
<external_axis />
</actual>
<ipo_cycle>-363</ipo_cycle>
</value>
<value>
<planned>
<robot_axis a1="47.747108" a2="-120.128944" a3="154.525192" a4="4.855554" a5="-34.534081" a6="-4.000700" />
<external_axis />
</planned>
<actual>
<robot_axis a1="47.746849" a2="-119.730476" a3="154.795303" a4="4.749336" a5="-35.216343" a6="-3.895595" />
<external_axis />
</actual>
<ipo_cycle>-360</ipo_cycle>
</value>
<value>
<planned>
<robot_axis a1="47.747250" a2="-120.442444" a3="154.310516" a4="4.922489" a5="-34.008053" a6="-4.081747" />
<external_axis />
</planned>
<actual>
<robot_axis a1="47.746990" a2="-120.032166" a3="154.594101" a4="4.818419" a5="-34.702030" a6="-3.973524" />
<external_axis />
</actual>
<ipo_cycle>-357</ipo_cycle>
</value>
<value>
<planned>
<robot_axis a1="47.747395" a2="-120.749969" a3="154.092758" a4="4.991316" a5="-33.484955" a6="-4.164569" />
<external_axis />
</planned>
<actual>
<robot_axis a1="47.747112" a2="-120.346970" a3="154.379807" a4="4.890424" a5="-34.172638" a6="-4.056553" />
<external_axis />
</actual>
<ipo_cycle>-354</ipo_cycle>
</value>
<value>
<planned>
<robot_axis a1="47.747536" a2="-121.050369" a3="153.872818" a4="5.061821" a5="-32.966827" a6="-4.248900" />
<external_axis />
</planned>
<actual>
<robot_axis a1="47.747307" a2="-120.656067" a3="154.162033" a4="4.962004" a5="-33.648003" a6="-4.138933" />
<external_axis />
</actual>
<ipo_cycle>-351</ipo_cycle>
</value>
<value>
<planned>
<robot_axis a1="47.747677" a2="-121.339485" a3="153.654007" a4="5.132983" a5="-32.461094" a6="-4.333524" />
<external_axis />
</planned>
<actual>
<robot_axis a1="47.747379" a2="-120.958847" a3="153.942276" a4="5.035285" a5="-33.128170" a6="-4.222077" />
<external_axis />
</actual>
<ipo_cycle>-348</ipo_cycle>
</value>
<value>
<planned>
<robot_axis a1="47.747795" a2="-121.582520" a3="153.464340" a4="5.195507" a5="-32.030315" a6="-4.407488" />
<external_axis />
</planned>
<actual>
<robot_axis a1="47.747585" a2="-121.248718" a3="153.723145" a4="5.107985" a5="-32.615509" a6="-4.307596" />
<external_axis />
</actual>
<ipo_cycle>-345</ipo_cycle>
</value>
<value>
<planned>
<robot_axis a1="47.747913" a2="-121.812622" a3="153.279709" a4="5.257147" a5="-31.617464" a6="-4.480070" />
<external_axis />
</planned>
<actual>
<robot_axis a1="47.747826" a2="-121.578140" a3="153.465363" a4="5.197881" a5="-32.021667" a6="-4.409787" />
<external_axis />
</actual>
<ipo_cycle>-341</ipo_cycle>
</value>
<value>
<planned>
<robot_axis a1="47.747990" a2="-121.967590" a3="153.152481" a4="5.300082" a5="-31.336563" a6="-4.530438" />
<external_axis />
</planned>
<actual>
<robot_axis a1="47.747944" a2="-121.883369" a3="153.218628" a4="5.280651" a5="-31.474262" a6="-4.507193" />
<external_axis />
</actual>
<ipo_cycle>-335</ipo_cycle>
</value>
<syn_motion>
<program>cncDoToolChange</program>
<line>51</line>
<name>XHomeToolChanger</name>
<base>
<pos x="1858.680054" y="122.529999" z="241.000000" a="45.000000" b="0.000000" c="0.000000" /></base>
<tool>
<pos x="365.660004" y="0.000000" z="93.000000" a="0.000000" b="-90.000000" c="0.000000" /></tool>
<ipo_mode>base</ipo_mode>
<load>
<mass>18.000000</mass>
</load>
<bco_motion>FALSE</bco_motion>
<interrupt>FALSE</interrupt>
<motion_mode>STANDARD</motion_mode>
<ipo_cycle>-326</ipo_cycle>
</syn_motion>
<syn_motion>
<program>cncDoToolChange</program>
<line>51</line>
<name>XHomeToolChanger</name>
<base>
<pos x="1858.680054" y="122.529999" z="241.000000" a="45.000000" b="0.000000" c="0.000000" /></base>
<tool>
<pos x="365.660004" y="0.000000" z="93.000000" a="0.000000" b="-90.000000" c="0.000000" /></tool>
<ipo_mode>base</ipo_mode>
<load>
<mass>18.000000</mass>
</load>
<bco_motion>FALSE</bco_motion>
<interrupt>FALSE</interrupt>
<motion_mode>STANDARD</motion_mode>
<ipo_cycle>-325</ipo_cycle>
</syn_motion>
<value>
<planned>
<robot_axis a1="47.246693" a2="-121.972977" a3="153.147888" a4="5.293108" a5="-31.326284" a6="-4.524941" />
<external_axis />
</planned>
<actual>
<robot_axis a1="47.528015" a2="-121.974670" a3="153.147949" a4="5.304784" a5="-31.323870" a6="-4.532584" />
<external_axis />
</actual>
<ipo_cycle>-312</ipo_cycle>
</value>
<value>
<planned>
<robot_axis a1="46.734020" a2="-121.971252" a3="153.149185" a4="5.283940" a5="-31.328951" a6="-4.516937" />
<external_axis />
</planned>
<actual>
<robot_axis a1="47.141762" a2="-121.974510" a3="153.147919" a4="5.302099" a5="-31.325628" a6="-4.528432" />
<external_axis />
</actual>
<ipo_cycle>-307</ipo_cycle>
</value>
<value>
<planned>
<robot_axis a1="46.175930" a2="-121.969368" a3="153.150604" a4="5.273961" a5="-31.331852" a6="-4.508223" />
<external_axis />
</planned>
<actual>
<robot_axis a1="46.615032" a2="-121.973213" a3="153.148087" a4="5.295079" a5="-31.328234" a6="-4.523147" />
<external_axis />
</actual>
<ipo_cycle>-302</ipo_cycle>
</value>
<value>
<planned>
<robot_axis a1="45.617592" a2="-121.967491" a3="153.152008" a4="5.263977" a5="-31.334755" a6="-4.499506" />
<external_axis />
</planned>
<actual>
<robot_axis a1="46.056698" a2="-121.971268" a3="153.148575" a4="5.285501" a5="-31.331127" a6="-4.512085" />
<external_axis />
</actual>
<ipo_cycle>-297</ipo_cycle>
</value>
<value>
<planned>
<robot_axis a1="45.059250" a2="-121.965607" a3="153.153427" a4="5.253993" a5="-31.337658" a6="-4.490788" />
<external_axis />
</planned>
<actual>
<robot_axis a1="45.498112" a2="-121.968864" a3="153.149445" a4="5.275454" a5="-31.334053" a6="-4.500214" />
<external_axis />
</actual>
<ipo_cycle>-292</ipo_cycle>
</value>
<value>
<planned>
<robot_axis a1="44.500912" a2="-121.963722" a3="153.154846" a4="5.244009" a5="-31.340561" a6="-4.482070" />
<external_axis />
</planned>
<actual>
<robot_axis a1="44.939472" a2="-121.966507" a3="153.150604" a4="5.257386" a5="-31.336985" a6="-4.492477" />
<external_axis />
</actual>
<ipo_cycle>-287</ipo_cycle>
</value>
<value>
<planned>
<robot_axis a1="43.942574" a2="-121.961845" a3="153.156250" a4="5.234025" a5="-31.343464" a6="-4.473352" />
<external_axis />
</planned>
<actual>
<robot_axis a1="44.380936" a2="-121.964622" a3="153.151978" a4="5.246482" a5="-31.340160" a6="-4.483915" />
<external_axis />
</actual>
<ipo_cycle>-282</ipo_cycle>
</value>
<value>
<planned>
<robot_axis a1="43.384235" a2="-121.959961" a3="153.157669" a4="5.224041" a5="-31.346367" a6="-4.464635" />
<external_axis />
</planned>
<actual>
<robot_axis a1="43.822620" a2="-121.962898" a3="153.153473" a4="5.237109" a5="-31.343546" a6="-4.470570" />
<external_axis />
</actual>
<ipo_cycle>-277</ipo_cycle>
</value>
<value>
<planned>
<robot_axis a1="42.825901" a2="-121.958084" a3="153.159088" a4="5.214057" a5="-31.349270" a6="-4.455917" />
<external_axis />
</planned>
<actual>
<robot_axis a1="43.264076" a2="-121.961098" a3="153.155151" a4="5.220489" a5="-31.346819" a6="-4.461952" />
<external_axis />
</actual>
<ipo_cycle>-272</ipo_cycle>
</value>
<value>
<planned>
<robot_axis a1="42.267563" a2="-121.956200" a3="153.160507" a4="5.204073" a5="-31.352173" a6="-4.447200" />
<external_axis />
</planned>
<actual>
<robot_axis a1="42.705654" a2="-121.959351" a3="153.156952" a4="5.213750" a5="-31.349953" a6="-4.455590" />
<external_axis />
</actual>
<ipo_cycle>-267</ipo_cycle>
</value>
<value>
<planned>
<robot_axis a1="41.709229" a2="-121.954315" a3="153.161911" a4="5.194089" a5="-31.355076" a6="-4.438482" />
<external_axis />
</planned>
<actual>
<robot_axis a1="42.147430" a2="-121.957474" a3="153.159073" a4="5.202720" a5="-31.352760" a6="-4.447864" />
<external_axis />
</actual>
<ipo_cycle>-262</ipo_cycle>
</value>
<value>
<planned>
<robot_axis a1="41.150894" a2="-121.952438" a3="153.163330" a4="5.184105" a5="-31.357979" a6="-4.429765" />
<external_axis />
</planned>
<actual>
<robot_axis a1="41.588848" a2="-121.955414" a3="153.161469" a4="5.190562" a5="-31.355337" a6="-4.437303" />
<external_axis />
</actual>
<ipo_cycle>-257</ipo_cycle>
</value>
<value>
<planned>
<robot_axis a1="40.592560" a2="-121.950554" a3="153.164749" a4="5.174121" a5="-31.360880" a6="-4.421047" />
<external_axis />
</planned>
<actual>
<robot_axis a1="41.030598" a2="-121.953262" a3="153.163651" a4="5.185271" a5="-31.358032" a6="-4.425982" />
<external_axis />
</actual>
<ipo_cycle>-252</ipo_cycle>
</value>
<value>
<planned>
<robot_axis a1="40.034225" a2="-121.948669" a3="153.166153" a4="5.164137" a5="-31.363783" a6="-4.412330" />
<external_axis />
</planned>
<actual>
<robot_axis a1="40.472298" a2="-121.950783" a3="153.165390" a4="5.176339" a5="-31.360752" a6="-4.419537" />
<external_axis />
</actual>
<ipo_cycle>-247</ipo_cycle>
</value>
<value>
<planned>
<robot_axis a1="39.475895" a2="-121.946793" a3="153.167572" a4="5.154154" a5="-31.366686" a6="-4.403612" />
<external_axis />
</planned>
<actual>
<robot_axis a1="39.913834" a2="-121.948212" a3="153.166656" a4="5.160293" a5="-31.363512" a6="-4.411980" />
<external_axis />
</actual>
<ipo_cycle>-242</ipo_cycle>
</value>
<value>
<planned>
<robot_axis a1="38.917561" a2="-121.944908" a3="153.168991" a4="5.144170" a5="-31.369589" a6="-4.394895" />
<external_axis />
</planned>
<actual>
<robot_axis a1="39.355556" a2="-121.946083" a3="153.167740" a4="5.153869" a5="-31.366522" a6="-4.401251" />
<external_axis />
</actual>
<ipo_cycle>-237</ipo_cycle>
</value>
<value>
<planned>
<robot_axis a1="38.359230" a2="-121.943031" a3="153.170395" a4="5.134186" a5="-31.372492" a6="-4.386177" />
<external_axis />
</planned>
<actual>
<robot_axis a1="38.797195" a2="-121.944328" a3="153.168839" a4="5.142474" a5="-31.369692" a6="-4.391031" />
<external_axis />
</actual>
<ipo_cycle>-232</ipo_cycle>
</value>
<value>
<planned>
<robot_axis a1="37.800900" a2="-121.941147" a3="153.171814" a4="5.124202" a5="-31.375395" a6="-4.377460" />
<external_axis />
</planned>
<actual>
<robot_axis a1="38.238815" a2="-121.942741" a3="153.169968" a4="5.130102" a5="-31.372887" a6="-4.384848" />
<external_axis />
</actual>
<ipo_cycle>-227</ipo_cycle>
</value>
<value>
<planned>
<robot_axis a1="37.242569" a2="-121.939262" a3="153.173233" a4="5.114218" a5="-31.378298" a6="-4.368742" />
<external_axis />
</planned>
<actual>
<robot_axis a1="37.680565" a2="-121.941185" a3="153.171127" a4="5.123926" a5="-31.376141" a6="-4.377782" />
<external_axis />
</actual>
<ipo_cycle>-222</ipo_cycle>
</value>
<value>
<planned>
<robot_axis a1="36.684238" a2="-121.937386" a3="153.174652" a4="5.104235" a5="-31.381201" a6="-4.360025" />
<external_axis />
</planned>
<actual>
<robot_axis a1="37.122185" a2="-121.939537" a3="153.172363" a4="5.111614" a5="-31.379082" a6="-4.367545" />
<external_axis />
</actual>
<ipo_cycle>-217</ipo_cycle>
</value>
<value>
<planned>
<robot_axis a1="36.125912" a2="-121.935501" a3="153.176056" a4="5.094251" a5="-31.384104" a6="-4.351307" />
<external_axis />
</planned>
<actual>
<robot_axis a1="36.563892" a2="-121.937820" a3="153.173615" a4="5.100048" a5="-31.381777" a6="-4.355679" />
<external_axis />
</actual>
<ipo_cycle>-212</ipo_cycle>
</value>
<value>
<planned>
<robot_axis a1="35.567585" a2="-121.933624" a3="153.177475" a4="5.084267" a5="-31.387007" a6="-4.342590" />
<external_axis />
</planned>
<actual>
<robot_axis a1="36.005569" a2="-121.936050" a3="153.174881" a4="5.094464" a5="-31.384371" a6="-4.349054" />
<external_axis />
</actual>
<ipo_cycle>-207</ipo_cycle>
</value>
<value>
<planned>
<robot_axis a1="35.009254" a2="-121.931740" a3="153.178894" a4="5.074283" a5="-31.389910" a6="-4.333873" />
<external_axis />
</planned>
<actual>
<robot_axis a1="35.447136" a2="-121.934212" a3="153.176224" a4="5.084284" a5="-31.387003" a6="-4.342088" />
<external_axis />
</actual>
<ipo_cycle>-202</ipo_cycle>
</value>
<value>
<planned>
<robot_axis a1="34.450928" a2="-121.929855" a3="153.180298" a4="5.064300" a5="-31.392811" a6="-4.325155" />
<external_axis />
</planned>
<actual>
<robot_axis a1="34.888790" a2="-121.932259" a3="153.177689" a4="5.068674" a5="-31.389692" a6="-4.332807" />
<external_axis />
</actual>
<ipo_cycle>-197</ipo_cycle>
</value>
<value>
<planned>
<robot_axis a1="33.892601" a2="-121.927979" a3="153.181717" a4="5.054316" a5="-31.395714" a6="-4.316438" />
<external_axis />
</planned>
<actual>
<robot_axis a1="34.330456" a2="-121.929977" a3="153.179199" a4="5.062919" a5="-31.392706" a6="-4.321121" />
<external_axis />
</actual>
<ipo_cycle>-192</ipo_cycle>
</value>
<value>
<planned>
<robot_axis a1="33.334278" a2="-121.926094" a3="153.183136" a4="5.044332" a5="-31.398617" a6="-4.307720" />
<external_axis />
</planned>
<actual>
<robot_axis a1="33.772217" a2="-121.927444" a3="153.180862" a4="5.051380" a5="-31.395689" a6="-4.314077" />
<external_axis />
</actual>
<ipo_cycle>-187</ipo_cycle>
</value>
<value>
<planned>
<robot_axis a1="32.775951" a2="-121.924210" a3="153.184540" a4="5.034348" a5="-31.401520" a6="-4.299003" />
<external_axis />
</planned>
<actual>
<robot_axis a1="33.213894" a2="-121.925140" a3="153.182846" a4="5.039383" a5="-31.398857" a6="-4.307203" />
<external_axis />
</actual>
<ipo_cycle>-182</ipo_cycle>
</value>
<value>
<planned>
<robot_axis a1="32.217628" a2="-121.922333" a3="153.185959" a4="5.024364" a5="-31.404423" a6="-4.290286" />
<external_axis />
</planned>
<actual>
<robot_axis a1="32.655540" a2="-121.923149" a3="153.185196" a4="5.034472" a5="-31.402229" a6="-4.298716" />
<external_axis />
</actual>
<ipo_cycle>-177</ipo_cycle>
</value>
<value>
<planned>
<robot_axis a1="31.659304" a2="-121.920448" a3="153.187378" a4="5.014381" a5="-31.407326" a6="-4.281568" />
<external_axis />
</planned>
<actual>
<robot_axis a1="32.097187" a2="-121.921471" a3="153.187424" a4="5.026071" a5="-31.405344" a6="-4.286539" />
<external_axis />
</actual>
<ipo_cycle>-172</ipo_cycle>
</value>
<value>
<planned>
<robot_axis a1="31.100981" a2="-121.918571" a3="153.188797" a4="5.004397" a5="-31.410229" a6="-4.272851" />
<external_axis />
</planned>
<actual>
<robot_axis a1="31.538923" a2="-121.919899" a3="153.188995" a4="5.009429" a5="-31.408165" a6="-4.278091" />
<external_axis />
</actual>
<ipo_cycle>-167</ipo_cycle>
</value>
<value>
<planned>
<robot_axis a1="30.542658" a2="-121.916687" a3="153.190201" a4="4.994414" a5="-31.413132" a6="-4.264133" />
<external_axis />
</planned>
<actual>
<robot_axis a1="30.980635" a2="-121.918297" a3="153.190109" a4="5.003215" a5="-31.410961" a6="-4.272122" />
<external_axis />
</actual>
<ipo_cycle>-162</ipo_cycle>
</value>
<value>
<planned>
<robot_axis a1="29.984335" a2="-121.914803" a3="153.191620" a4="4.984430" a5="-31.416035" a6="-4.255416" />
<external_axis />
</planned>
<actual>
<robot_axis a1="30.422331" a2="-121.916656" a3="153.191101" a4="4.993245" a5="-31.413584" a6="-4.264811" />
<external_axis />
</actual>
<ipo_cycle>-157</ipo_cycle>
</value>
<value>
<planned>
<robot_axis a1="29.426014" a2="-121.912926" a3="153.193039" a4="4.974446" a5="-31.418938" a6="-4.246699" />
<external_axis />
</planned>
<actual>
<robot_axis a1="29.863949" a2="-121.914902" a3="153.192154" a4="4.980563" a5="-31.416208" a6="-4.253839" />
<external_axis />
</actual>
<ipo_cycle>-152</ipo_cycle>
</value>
<value>
<planned>
<robot_axis a1="28.867693" a2="-121.911041" a3="153.194443" a4="4.964463" a5="-31.421839" a6="-4.237982" />
<external_axis />
</planned>
<actual>
<robot_axis a1="29.305645" a2="-121.913132" a3="153.193253" a4="4.974553" a5="-31.418989" a6="-4.242740" />
<external_axis />
</actual>
<ipo_cycle>-147</ipo_cycle>
</value>
<value>
<planned>
<robot_axis a1="28.309372" a2="-121.909157" a3="153.195862" a4="4.954479" a5="-31.424742" a6="-4.229264" />
<external_axis />
</planned>
<actual>
<robot_axis a1="28.747360" a2="-121.911278" a3="153.194397" a4="4.963053" a5="-31.421856" a6="-4.236165" />
<external_axis />
</actual>
<ipo_cycle>-142</ipo_cycle>
</value>
<value>
<planned>
<robot_axis a1="27.751053" a2="-121.907280" a3="153.197281" a4="4.944496" a5="-31.427645" a6="-4.220547" />
<external_axis />
</planned>
<actual>
<robot_axis a1="28.188992" a2="-121.909332" a3="153.195618" a4="4.948996" a5="-31.424889" a6="-4.228779" />
<external_axis />
</actual>
<ipo_cycle>-137</ipo_cycle>
</value>
<value>
<planned>
<robot_axis a1="27.192734" a2="-121.905396" a3="153.198700" a4="4.934512" a5="-31.430548" a6="-4.211830" />
<external_axis />
</planned>
<actual>
<robot_axis a1="27.630632" a2="-121.907150" a3="153.196884" a4="4.943604" a5="-31.428251" a6="-4.218234" />
<external_axis />
</actual>
<ipo_cycle>-132</ipo_cycle>
</value>
<value>
<planned>
<robot_axis a1="26.634415" a2="-121.903519" a3="153.200104" a4="4.924528" a5="-31.433451" a6="-4.203113" />
<external_axis />
</planned>
<actual>
<robot_axis a1="27.072353" a2="-121.904686" a3="153.198212" a4="4.934894" a5="-31.431585" a6="-4.207602" />
<external_axis />
</actual>
<ipo_cycle>-127</ipo_cycle>
</value>
<value>
<planned>
<robot_axis a1="26.076096" a2="-121.901634" a3="153.201523" a4="4.914545" a5="-31.436354" a6="-4.194395" />
<external_axis />
</planned>
<actual>
<robot_axis a1="26.514019" a2="-121.902336" a3="153.199554" a4="4.919809" a5="-31.434685" a6="-4.201556" />
<external_axis />
</actual>
<ipo_cycle>-122</ipo_cycle>
</value>
<value>
<planned>
<robot_axis a1="25.517778" a2="-121.899750" a3="153.202942" a4="4.904561" a5="-31.439257" a6="-4.185678" />
<external_axis />
</planned>
<actual>
<robot_axis a1="25.955700" a2="-121.900322" a3="153.200943" a4="4.913772" a5="-31.437531" a6="-4.194747" />
<external_axis />
</actual>
<ipo_cycle>-117</ipo_cycle>
</value>
<value>
<planned>
<robot_axis a1="24.959461" a2="-121.897873" a3="153.204346" a4="4.894578" a5="-31.442160" a6="-4.176960" />
<external_axis />
</planned>
<actual>
<robot_axis a1="25.397451" a2="-121.898621" a3="153.202423" a4="4.903498" a5="-31.440107" a6="-4.185426" />
<external_axis />
</actual>
<ipo_cycle>-112</ipo_cycle>
</value>
<value>
<planned>
<robot_axis a1="24.401146" a2="-121.895988" a3="153.205765" a4="4.884594" a5="-31.445061" a6="-4.168243" />
<external_axis />
</planned>
<actual>
<robot_axis a1="24.839104" a2="-121.897049" a3="153.204102" a4="4.889502" a5="-31.442610" a6="-4.172893" />
<external_axis />
</actual>
<ipo_cycle>-107</ipo_cycle>
</value>
<value>
<planned>
<robot_axis a1="23.842829" a2="-121.894112" a3="153.207184" a4="4.874610" a5="-31.447964" a6="-4.159526" />
<external_axis />
</planned>
<actual>
<robot_axis a1="24.280846" a2="-121.895500" a3="153.206116" a4="4.884437" a5="-31.445337" a6="-4.165850" />
<external_axis />
</actual>
<ipo_cycle>-102</ipo_cycle>
</value>
<value>
<planned>
<robot_axis a1="23.284513" a2="-121.892227" a3="153.208588" a4="4.864627" a5="-31.450867" a6="-4.150809" />
<external_axis />
</planned>
<actual>
<robot_axis a1="23.722431" a2="-121.893906" a3="153.208344" a4="4.876356" a5="-31.448185" a6="-4.159296" />
<external_axis />
</actual>
<ipo_cycle>-97</ipo_cycle>
</value>
<value>
<planned>
<robot_axis a1="22.726198" a2="-121.890343" a3="153.210007" a4="4.854643" a5="-31.453770" a6="-4.142092" />
<external_axis />
</planned>
<actual>
<robot_axis a1="23.164143" a2="-121.892204" a3="153.210373" a4="4.859243" a5="-31.451050" a6="-4.150057" />
<external_axis />
</actual>
<ipo_cycle>-92</ipo_cycle>
</value>
<value>
<planned>
<robot_axis a1="22.167885" a2="-121.888466" a3="153.211426" a4="4.844660" a5="-31.456673" a6="-4.133374" />
<external_axis />
</planned>
<actual>
<robot_axis a1="22.605843" a2="-121.890434" a3="153.211914" a4="4.853046" a5="-31.454296" a6="-4.138146" />
<external_axis />
</actual>
<ipo_cycle>-87</ipo_cycle>
</value>
<value>
<planned>
<robot_axis a1="21.609571" a2="-121.886581" a3="153.212845" a4="4.834676" a5="-31.459576" a6="-4.124657" />
<external_axis />
</planned>
<actual>
<robot_axis a1="22.047478" a2="-121.888649" a3="153.213013" a4="4.844385" a5="-31.457657" a6="-4.130744" />
<external_axis />
</actual>
<ipo_cycle>-82</ipo_cycle>
</value>
<value>
<planned>
<robot_axis a1="21.051258" a2="-121.884705" a3="153.214249" a4="4.824693" a5="-31.462479" a6="-4.115940" />
<external_axis />
</planned>
<actual>
<robot_axis a1="21.489271" a2="-121.886757" a3="153.214035" a4="4.830234" a5="-31.460789" a6="-4.124117" />
<external_axis />
</actual>
<ipo_cycle>-77</ipo_cycle>
</value>
<value>
<planned>
<robot_axis a1="20.492945" a2="-121.882820" a3="153.215668" a4="4.814709" a5="-31.465382" a6="-4.107223" />
<external_axis />
</planned>
<actual>
<robot_axis a1="20.930929" a2="-121.884743" a3="153.215042" a4="4.824279" a5="-31.463726" a6="-4.115694" />
<external_axis />
</actual>
<ipo_cycle>-72</ipo_cycle>
</value>
<value>
<planned>
<robot_axis a1="19.934631" a2="-121.880936" a3="153.217087" a4="4.804726" a5="-31.468283" a6="-4.098505" />
<external_axis />
</planned>
<actual>
<robot_axis a1="20.372568" a2="-121.882393" a3="153.216110" a4="4.814282" a5="-31.466328" a6="-4.103324" />
<external_axis />
</actual>
<ipo_cycle>-67</ipo_cycle>
</value>
<value>
<planned>
<robot_axis a1="19.376320" a2="-121.879059" a3="153.218491" a4="4.794743" a5="-31.471186" a6="-4.089788" />
<external_axis />
</planned>
<actual>
<robot_axis a1="19.814268" a2="-121.879997" a3="153.217239" a4="4.799401" a5="-31.468813" a6="-4.094656" />
<external_axis />
</actual>
<ipo_cycle>-62</ipo_cycle>
</value>
<value>
<planned>
<robot_axis a1="18.818008" a2="-121.877174" a3="153.219910" a4="4.784759" a5="-31.474089" a6="-4.081071" />
<external_axis />
</planned>
<actual>
<robot_axis a1="19.255890" a2="-121.877861" a3="153.218384" a4="4.793883" a5="-31.471584" a6="-4.088771" />
<external_axis />
</actual>
<ipo_cycle>-57</ipo_cycle>
</value>
<value>
<planned>
<robot_axis a1="18.259699" a2="-121.875290" a3="153.221329" a4="4.774776" a5="-31.476992" a6="-4.072354" />
<external_axis />
</planned>
<actual>
<robot_axis a1="18.697638" a2="-121.876045" a3="153.219604" a4="4.785443" a5="-31.474371" a6="-4.081761" />
<external_axis />
</actual>
<ipo_cycle>-52</ipo_cycle>
</value>
<value>
<planned>
<robot_axis a1="17.701387" a2="-121.873413" a3="153.222733" a4="4.764792" a5="-31.479895" a6="-4.063637" />
<external_axis />
</planned>
<actual>
<robot_axis a1="18.139441" a2="-121.874466" a3="153.220886" a4="4.769138" a5="-31.477270" a6="-4.071733" />
<external_axis />
</actual>
<ipo_cycle>-47</ipo_cycle>
</value>
<value>
<planned>
<robot_axis a1="17.143078" a2="-121.871529" a3="153.224152" a4="4.754808" a5="-31.482798" a6="-4.054920" />
<external_axis />
</planned>
<actual>
<robot_axis a1="17.581049" a2="-121.872910" a3="153.222183" a4="4.762444" a5="-31.480484" a6="-4.059599" />
<external_axis />
</actual>
<ipo_cycle>-42</ipo_cycle>
</value>
<value>
<planned>
<robot_axis a1="16.584768" a2="-121.869652" a3="153.225571" a4="4.744825" a5="-31.485701" a6="-4.046203" />
<external_axis />
</planned>
<actual>
<robot_axis a1="17.022770" a2="-121.871330" a3="153.223557" a4="4.753424" a5="-31.483826" a6="-4.053016" />
<external_axis />
</actual>
<ipo_cycle>-37</ipo_cycle>
</value>
<value>
<planned>
<robot_axis a1="16.026459" a2="-121.867767" a3="153.226990" a4="4.734842" a5="-31.488602" a6="-4.037486" />
<external_axis />
</planned>
<actual>
<robot_axis a1="16.464415" a2="-121.869667" a3="153.224930" a4="4.739692" a5="-31.486984" a6="-4.045991" />
<external_axis />
</actual>
<ipo_cycle>-32</ipo_cycle>
</value>
<value>
<planned>
<robot_axis a1="15.468151" a2="-121.865883" a3="153.228394" a4="4.724858" a5="-31.491505" a6="-4.028769" />
<external_axis />
</planned>
<actual>
<robot_axis a1="15.906105" a2="-121.867966" a3="153.226334" a4="4.734522" a5="-31.489918" a6="-4.035697" />
<external_axis />
</actual>
<ipo_cycle>-27</ipo_cycle>
</value>
<value>
<planned>
<robot_axis a1="14.909843" a2="-121.864006" a3="153.229813" a4="4.714875" a5="-31.494408" a6="-4.020051" />
<external_axis />
</planned>
<actual>
<robot_axis a1="15.347831" a2="-121.866173" a3="153.227814" a4="4.727021" a5="-31.492561" a6="-4.024177" />
<external_axis />
</actual>
<ipo_cycle>-22</ipo_cycle>
</value>
<value>
<planned>
<robot_axis a1="14.351536" a2="-121.862122" a3="153.231232" a4="4.704892" a5="-31.497311" a6="-4.011334" />
<external_axis />
</planned>
<actual>
<robot_axis a1="14.789496" a2="-121.864235" a3="153.229477" a4="4.710097" a5="-31.495066" a6="-4.018018" />
<external_axis />
</actual>
<ipo_cycle>-17</ipo_cycle>
</value>
<value>
<planned>
<robot_axis a1="13.793228" a2="-121.860245" a3="153.232635" a4="4.694908" a5="-31.500214" a6="-4.002617" />
<external_axis />
</planned>
<actual>
<robot_axis a1="14.231195" a2="-121.862091" a3="153.231476" a4="4.702933" a5="-31.497711" a6="-4.011143" />
<external_axis />
</actual>
<ipo_cycle>-12</ipo_cycle>
</value>
<value>
<planned>
<robot_axis a1="13.234921" a2="-121.858360" a3="153.234055" a4="4.684925" a5="-31.503117" a6="-3.993900" />
<external_axis />
</planned>
<actual>
<robot_axis a1="13.672895" a2="-121.859665" a3="153.233734" a4="4.694510" a5="-31.500475" a6="-4.002032" />
<external_axis />
</actual>
<ipo_cycle>-7</ipo_cycle>
</value>
<value>
<planned>
<robot_axis a1="12.676616" a2="-121.856476" a3="153.235474" a4="4.674942" a5="-31.506018" a6="-3.985183" />
<external_axis />
</planned>
<actual>
<robot_axis a1="13.114556" a2="-121.857323" a3="153.235718" a4="4.679778" a5="-31.503212" a6="-3.989332" />
<external_axis />
</actual>
<ipo_cycle>-2</ipo_cycle>
</value>
<value>
<planned>
<robot_axis a1="12.324800" a2="-121.855293" a3="153.236359" a4="4.668650" a5="-31.507847" a6="-3.979690" />
<external_axis />
</planned>
<actual>
<robot_axis a1="12.561671" a2="-121.855331" a3="153.237228" a4="4.674083" a5="-31.506311" a6="-3.982257" />
<external_axis />
</actual>
<ipo_cycle>3</ipo_cycle>
</value>
</poslog>
