<?xml-stylesheet href="poslog.xsl" type="text/xsl"?>
<poslog serialno="1074578" trafo="#KR250R2700_2 C4 FLR" date="JAN 27 2022" time="12:51:40" tick="189780095" timestamp="189732469" trigger="ENABLING SWITCH">
<syn_motion>
<program>PROGRAM02</program>
<line>32</line>
<name>XHOME2</name>
<base>
<pos x="1486.225952" y="-367.585999" z="-90.000000" a="-45.000000" b="0.000000" c="0.000000" /></base>
<tool>
<pos x="301.660004" y="0.000000" z="93.000000" a="0.000000" b="-90.000000" c="0.000000" /></tool>
<ipo_mode>base</ipo_mode>
<load>
<mass>20.000000</mass>
</load>
<bco_motion>TRUE</bco_motion>
<interrupt>FALSE</interrupt>
<motion_mode>STANDARD</motion_mode>
<ipo_cycle>-33807</ipo_cycle>
</syn_motion>
<syn_motion>
<program>PROGRAM02</program>
<line>32</line>
<name>XHOME2</name>
<base>
<pos x="1486.225952" y="-367.585999" z="-90.000000" a="-45.000000" b="0.000000" c="0.000000" /></base>
<tool>
<pos x="301.660004" y="0.000000" z="93.000000" a="0.000000" b="-90.000000" c="0.000000" /></tool>
<ipo_mode>base</ipo_mode>
<load>
<mass>250.000000</mass>
</load>
<bco_motion>TRUE</bco_motion>
<interrupt>FALSE</interrupt>
<motion_mode>STANDARD</motion_mode>
<ipo_cycle>-27997</ipo_cycle>
</syn_motion>
<syn_motion>
<program>CNCMOTION</program>
<line>83</line>
<name>MCS</name>
<base>
<pos x="1486.225952" y="-367.585999" z="-90.000000" a="-45.000000" b="0.000000" c="0.000000" /></base>
<tool>
<pos x="301.660004" y="0.000000" z="93.000000" a="0.000000" b="-90.000000" c="0.000000" /></tool>
<ipo_mode>base</ipo_mode>
<load>
<mass>250.000000</mass>
</load>
<bco_motion>FALSE</bco_motion>
<interrupt>FALSE</interrupt>
<motion_mode>STANDARD</motion_mode>
<ipo_cycle>-27709</ipo_cycle>
</syn_motion>
<syn_motion>
<program>cncDoToolChange</program>
<line>42</line>
<name>XHomeTool</name>
<base>
<pos x="1486.225952" y="-367.585999" z="-90.000000" a="-45.000000" b="0.000000" c="0.000000" /></base>
<tool>
<pos x="301.660004" y="0.000000" z="93.000000" a="0.000000" b="-90.000000" c="0.000000" /></tool>
<ipo_mode>base</ipo_mode>
<load>
<mass>250.000000</mass>
</load>
<bco_motion>FALSE</bco_motion>
<interrupt>FALSE</interrupt>
<motion_mode>STANDARD</motion_mode>
<ipo_cycle>-22845</ipo_cycle>
</syn_motion>
<syn_motion>
<program>cncDoToolChange</program>
<line>42</line>
<name>XHomeTool</name>
<base>
<pos x="1486.225952" y="-367.585999" z="-90.000000" a="-45.000000" b="0.000000" c="0.000000" /></base>
<tool>
<pos x="301.660004" y="0.000000" z="93.000000" a="0.000000" b="-90.000000" c="0.000000" /></tool>
<ipo_mode>base</ipo_mode>
<load>
<mass>250.000000</mass>
</load>
<bco_motion>FALSE</bco_motion>
<interrupt>FALSE</interrupt>
<motion_mode>STANDARD</motion_mode>
<ipo_cycle>-22844</ipo_cycle>
</syn_motion>
<syn_motion>
<program>cncDoToolChange</program>
<line>51</line>
<name>XHomeToolChanger</name>
<base>
<pos x="1858.680054" y="122.529999" z="243.300003" a="45.000000" b="0.000000" c="0.000000" /></base>
<tool>
<pos x="301.660004" y="0.000000" z="93.000000" a="0.000000" b="-90.000000" c="0.000000" /></tool>
<ipo_mode>base</ipo_mode>
<load>
<mass>250.000000</mass>
</load>
<bco_motion>FALSE</bco_motion>
<interrupt>FALSE</interrupt>
<motion_mode>STANDARD</motion_mode>
<ipo_cycle>-22525</ipo_cycle>
</syn_motion>
<syn_motion>
<program>cncDoToolChange</program>
<line>51</line>
<name>XHomeToolChanger</name>
<base>
<pos x="1858.680054" y="122.529999" z="243.300003" a="45.000000" b="0.000000" c="0.000000" /></base>
<tool>
<pos x="301.660004" y="0.000000" z="93.000000" a="0.000000" b="-90.000000" c="0.000000" /></tool>
<ipo_mode>base</ipo_mode>
<load>
<mass>250.000000</mass>
</load>
<bco_motion>FALSE</bco_motion>
<interrupt>FALSE</interrupt>
<motion_mode>STANDARD</motion_mode>
<ipo_cycle>-22524</ipo_cycle>
</syn_motion>
<syn_motion>
<program>cncDoToolChange</program>
<line>122</line>
<name>XToolMagHover</name>
<base>
<pos x="1858.680054" y="122.529999" z="243.300003" a="45.000000" b="0.000000" c="0.000000" /></base>
<tool>
<pos x="301.660004" y="0.000000" z="93.000000" a="0.000000" b="-90.000000" c="0.000000" /></tool>
<ipo_mode>base</ipo_mode>
<load>
<mass>250.000000</mass>
</load>
<bco_motion>FALSE</bco_motion>
<interrupt>FALSE</interrupt>
<motion_mode>STANDARD</motion_mode>
<ipo_cycle>-21609</ipo_cycle>
</syn_motion>
<syn_motion>
<program>cncDoToolChange</program>
<line>122</line>
<name>XToolMagHover</name>
<base>
<pos x="1858.680054" y="122.529999" z="243.300003" a="45.000000" b="0.000000" c="0.000000" /></base>
<tool>
<pos x="301.660004" y="0.000000" z="93.000000" a="0.000000" b="-90.000000" c="0.000000" /></tool>
<ipo_mode>base</ipo_mode>
<load>
<mass>250.000000</mass>
</load>
<bco_motion>FALSE</bco_motion>
<interrupt>FALSE</interrupt>
<motion_mode>STANDARD</motion_mode>
<ipo_cycle>-21608</ipo_cycle>
</syn_motion>
<value>
<planned>
<robot_axis a1="1.966218" a2="-102.150597" a3="147.865479" a4="21.430714" a5="-48.028877" a6="-14.741236" />
<external_axis />
</planned>
<actual>
<robot_axis a1="1.888988" a2="-102.888611" a3="148.267502" a4="20.722231" a5="-47.557873" a6="-14.353124" />
<external_axis />
</actual>
<ipo_cycle>-21509</ipo_cycle>
</value>
<value>
<planned>
<robot_axis a1="2.024822" a2="-101.592056" a3="147.555450" a4="21.965761" a5="-48.381950" a6="-15.030760" />
<external_axis />
</planned>
<actual>
<robot_axis a1="1.949032" a2="-102.325775" a3="147.960785" a4="21.261654" a5="-47.917496" a6="-14.650316" />
<external_axis />
</actual>
<ipo_cycle>-21506</ipo_cycle>
</value>
<value>
<planned>
<robot_axis a1="2.082207" a2="-101.037567" a3="147.242813" a4="22.496439" a5="-48.729904" a6="-15.314571" />
<external_axis />
</planned>
<actual>
<robot_axis a1="2.007647" a2="-101.766182" a3="147.651703" a4="21.796825" a5="-48.272026" a6="-14.940614" />
<external_axis />
</actual>
<ipo_cycle>-21503</ipo_cycle>
</value>
<value>
<planned>
<robot_axis a1="2.138499" a2="-100.487076" a3="146.927597" a4="23.023066" a5="-49.072914" a6="-15.593366" />
<external_axis />
</planned>
<actual>
<robot_axis a1="2.065518" a2="-101.209221" a3="147.339691" a4="22.328854" a5="-48.621670" a6="-15.226708" />
<external_axis />
</actual>
<ipo_cycle>-21500</ipo_cycle>
</value>
<value>
<planned>
<robot_axis a1="2.193695" a2="-99.940514" a3="146.609787" a4="23.545834" a5="-49.411015" a6="-15.867366" />
<external_axis />
</planned>
<actual>
<robot_axis a1="2.122276" a2="-100.658173" a3="147.024887" a4="22.858700" a5="-48.966423" a6="-15.507072" />
<external_axis />
</actual>
<ipo_cycle>-21497</ipo_cycle>
</value>
<value>
<planned>
<robot_axis a1="2.247809" a2="-99.397842" a3="146.289429" a4="24.064930" a5="-49.744263" a6="-16.136839" />
<external_axis />
</planned>
<actual>
<robot_axis a1="2.177773" a2="-100.111076" a3="146.708298" a4="23.383265" a5="-49.306049" a6="-15.782269" />
<external_axis />
</actual>
<ipo_cycle>-21494</ipo_cycle>
</value>
<value>
<planned>
<robot_axis a1="2.300857" a2="-98.859001" a3="145.966553" a4="24.580536" a5="-50.072716" a6="-16.402044" />
<external_axis />
</planned>
<actual>
<robot_axis a1="2.232094" a2="-99.565514" a3="146.388855" a4="23.904875" a5="-49.640724" a6="-16.053307" />
<external_axis />
</actual>
<ipo_cycle>-21491</ipo_cycle>
</value>
<value>
<planned>
<robot_axis a1="2.352850" a2="-98.323936" a3="145.641159" a4="25.092819" a5="-50.396442" a6="-16.663225" />
<external_axis />
</planned>
<actual>
<robot_axis a1="2.285576" a2="-99.026352" a3="146.066559" a4="24.421238" a5="-49.970570" a6="-16.319927" />
<external_axis />
</actual>
<ipo_cycle>-21488</ipo_cycle>
</value>
<value>
<planned>
<robot_axis a1="2.403804" a2="-97.792595" a3="145.313263" a4="25.601942" a5="-50.715500" a6="-16.920612" />
<external_axis />
</planned>
<actual>
<robot_axis a1="2.337916" a2="-98.490692" a3="145.742218" a4="24.933773" a5="-50.295731" a6="-16.581987" />
<external_axis />
</actual>
<ipo_cycle>-21485</ipo_cycle>
</value>
<value>
<planned>
<robot_axis a1="2.453730" a2="-97.264915" a3="144.982895" a4="26.108055" a5="-51.029964" a6="-17.174433" />
<external_axis />
</planned>
<actual>
<robot_axis a1="2.388875" a2="-97.956879" a3="145.414871" a4="25.443922" a5="-50.616203" a6="-16.841017" />
<external_axis />
</actual>
<ipo_cycle>-21482</ipo_cycle>
</value>
<value>
<planned>
<robot_axis a1="2.502642" a2="-96.740852" a3="144.650085" a4="26.611300" a5="-51.339893" a6="-17.424898" />
<external_axis />
</planned>
<actual>
<robot_axis a1="2.439372" a2="-97.428543" a3="145.084778" a4="25.950293" a5="-50.932304" a6="-17.095629" />
<external_axis />
</actual>
<ipo_cycle>-21479</ipo_cycle>
</value>
<value>
<planned>
<robot_axis a1="2.550552" a2="-96.220345" a3="144.314819" a4="27.111809" a5="-51.645370" a6="-17.672213" />
<external_axis />
</planned>
<actual>
<robot_axis a1="2.488401" a2="-96.904076" a3="144.753326" a4="26.453890" a5="-51.243496" a6="-17.347357" />
<external_axis />
</actual>
<ipo_cycle>-21476</ipo_cycle>
</value>
<value>
<planned>
<robot_axis a1="2.597473" a2="-95.703339" a3="143.977127" a4="27.609709" a5="-51.946457" a6="-17.916571" />
<external_axis />
</planned>
<actual>
<robot_axis a1="2.536683" a2="-96.381416" a3="144.418732" a4="26.955214" a5="-51.550083" a6="-17.595160" />
<external_axis />
</actual>
<ipo_cycle>-21473</ipo_cycle>
</value>
<value>
<planned>
<robot_axis a1="2.643417" a2="-95.189774" a3="143.637039" a4="28.105120" a5="-52.243229" a6="-18.158155" />
<external_axis />
</planned>
<actual>
<robot_axis a1="2.583830" a2="-95.863533" a3="144.081650" a4="27.453823" a5="-51.852703" a6="-17.840338" />
<external_axis />
</actual>
<ipo_cycle>-21470</ipo_cycle>
</value>
<value>
<planned>
<robot_axis a1="2.688396" a2="-94.679604" a3="143.294556" a4="28.598154" a5="-52.535767" a6="-18.397148" />
<external_axis />
</planned>
<actual>
<robot_axis a1="2.630037" a2="-95.349945" a3="143.742706" a4="27.949522" a5="-52.150875" a6="-18.082874" />
<external_axis />
</actual>
<ipo_cycle>-21467</ipo_cycle>
</value>
<value>
<planned>
<robot_axis a1="2.732422" a2="-94.172760" a3="142.949707" a4="29.088917" a5="-52.824139" a6="-18.633717" />
<external_axis />
</planned>
<actual>
<robot_axis a1="2.675307" a2="-94.837578" a3="143.400726" a4="28.445477" a5="-52.444729" a6="-18.322498" />
<external_axis />
</actual>
<ipo_cycle>-21464</ipo_cycle>
</value>
<value>
<planned>
<robot_axis a1="2.775506" a2="-93.669197" a3="142.602478" a4="29.577507" a5="-53.108429" a6="-18.868025" />
<external_axis />
</planned>
<actual>
<robot_axis a1="2.719662" a2="-94.329750" a3="143.056351" a4="28.937834" a5="-52.734367" a6="-18.560371" />
<external_axis />
</actual>
<ipo_cycle>-21461</ipo_cycle>
</value>
<value>
<planned>
<robot_axis a1="2.817659" a2="-93.168846" a3="142.252914" a4="30.064018" a5="-53.388710" a6="-19.100229" />
<external_axis />
</planned>
<actual>
<robot_axis a1="2.763135" a2="-93.825668" a3="142.709824" a4="29.426357" a5="-53.019947" a6="-18.794777" />
<external_axis />
</actual>
<ipo_cycle>-21458</ipo_cycle>
</value>
<value>
<planned>
<robot_axis a1="2.858894" a2="-92.671669" a3="141.901016" a4="30.548540" a5="-53.665062" a6="-19.330475" />
<external_axis />
</planned>
<actual>
<robot_axis a1="2.805617" a2="-93.324348" a3="142.361343" a4="29.913187" a5="-53.301361" a6="-19.028082" />
<external_axis />
</actual>
<ipo_cycle>-21455</ipo_cycle>
</value>
<value>
<planned>
<robot_axis a1="2.912462" a2="-92.013596" a3="141.428192" a4="31.191616" a5="-54.027557" a6="-19.634674" />
<external_axis />
</planned>
<actual>
<robot_axis a1="2.860553" a2="-92.660187" a3="141.892502" a4="30.557652" a5="-53.670746" a6="-19.335093" />
<external_axis />
</actual>
<ipo_cycle>-21451</ipo_cycle>
</value>
<value>
<planned>
<robot_axis a1="2.964440" a2="-91.360916" a3="140.951294" a4="31.831486" a5="-54.383400" a6="-19.935966" />
<external_axis />
</planned>
<actual>
<robot_axis a1="2.914361" a2="-92.003120" a3="141.419830" a4="31.198317" a5="-54.033127" a6="-19.639326" />
<external_axis />
</actual>
<ipo_cycle>-21447</ipo_cycle>
</value>
<value>
<planned>
<robot_axis a1="3.014854" a2="-90.713501" a3="140.470306" a4="32.468319" a5="-54.732773" a6="-20.234657" />
<external_axis />
</planned>
<actual>
<robot_axis a1="2.966312" a2="-91.349899" a3="140.942566" a4="31.840031" a5="-54.388660" a6="-19.940880" />
<external_axis />
</actual>
<ipo_cycle>-21443</ipo_cycle>
</value>
<value>
<planned>
<robot_axis a1="3.063728" a2="-90.071228" a3="139.985275" a4="33.102272" a5="-55.075874" a6="-20.531033" />
<external_axis />
</planned>
<actual>
<robot_axis a1="3.016509" a2="-90.702698" a3="140.461472" a4="32.478348" a5="-54.738102" a6="-20.239058" />
<external_axis />
</actual>
<ipo_cycle>-21439</ipo_cycle>
</value>
<value>
<planned>
<robot_axis a1="3.111085" a2="-89.433960" a3="139.496231" a4="33.733486" a5="-55.412895" a6="-20.825361" />
<external_axis />
</planned>
<actual>
<robot_axis a1="3.065239" a2="-90.060432" a3="139.976456" a4="33.113506" a5="-55.081161" a6="-20.535414" />
<external_axis />
</actual>
<ipo_cycle>-21435</ipo_cycle>
</value>
<value>
<planned>
<robot_axis a1="3.157036" a2="-88.801582" a3="139.003189" a4="34.362061" a5="-55.744007" a6="-21.117874" />
<external_axis />
</planned>
<actual>
<robot_axis a1="3.112028" a2="-89.423134" a3="139.487488" a4="33.744232" a5="-55.417881" a6="-20.830172" />
<external_axis />
</actual>
<ipo_cycle>-21431</ipo_cycle>
</value>
<value>
<planned>
<robot_axis a1="3.201343" a2="-88.173958" a3="138.506165" a4="34.988228" a5="-56.069447" a6="-21.408880" />
<external_axis />
</planned>
<actual>
<robot_axis a1="3.157734" a2="-88.791168" a3="138.994446" a4="34.372978" a5="-55.749092" a6="-21.122347" />
<external_axis />
</actual>
<ipo_cycle>-21427</ipo_cycle>
</value>
<value>
<planned>
<robot_axis a1="3.244288" a2="-87.550964" a3="138.005173" a4="35.611984" a5="-56.389366" a6="-21.698538" />
<external_axis />
</planned>
<actual>
<robot_axis a1="3.202863" a2="-88.163361" a3="138.496994" a4="34.998459" a5="-56.074276" a6="-21.413485" />
<external_axis />
</actual>
<ipo_cycle>-21423</ipo_cycle>
</value>
<value>
<planned>
<robot_axis a1="3.285807" a2="-86.932472" a3="137.500259" a4="36.233471" a5="-56.703964" a6="-21.987085" />
<external_axis />
</planned>
<actual>
<robot_axis a1="3.245956" a2="-87.540543" a3="137.996155" a4="35.621864" a5="-56.394295" a6="-21.703569" />
<external_axis />
</actual>
<ipo_cycle>-21419</ipo_cycle>
</value>
<value>
<planned>
<robot_axis a1="3.325920" a2="-86.318375" a3="136.991409" a4="36.852783" a5="-57.013435" a6="-22.274721" />
<external_axis />
</planned>
<actual>
<robot_axis a1="3.287381" a2="-86.922081" a3="137.491104" a4="36.242901" a5="-56.708923" a6="-21.991398" />
<external_axis />
</actual>
<ipo_cycle>-21415</ipo_cycle>
</value>
<value>
<planned>
<robot_axis a1="3.364650" a2="-85.708534" a3="136.478653" a4="37.470001" a5="-57.317966" a6="-22.561636" />
<external_axis />
</planned>
<actual>
<robot_axis a1="3.327099" a2="-86.308075" a3="136.982056" a4="36.861149" a5="-57.018204" a6="-22.278872" />
<external_axis />
</actual>
<ipo_cycle>-21411</ipo_cycle>
</value>
<value>
<planned>
<robot_axis a1="3.402015" a2="-85.102844" a3="135.962006" a4="38.085209" a5="-57.617744" a6="-22.848013" />
<external_axis />
</planned>
<actual>
<robot_axis a1="3.365816" a2="-85.697990" a3="136.469376" a4="37.479763" a5="-57.322708" a6="-22.566095" />
<external_axis />
</actual>
<ipo_cycle>-21407</ipo_cycle>
</value>
<value>
<planned>
<robot_axis a1="3.438036" a2="-84.501175" a3="135.441467" a4="38.698471" a5="-57.912956" a6="-23.134020" />
<external_axis />
</planned>
<actual>
<robot_axis a1="3.403516" a2="-85.092804" a3="135.952606" a4="38.096111" a5="-57.622509" a6="-22.851896" />
<external_axis />
</actual>
<ipo_cycle>-21403</ipo_cycle>
</value>
<value>
<planned>
<robot_axis a1="3.472733" a2="-83.903419" a3="134.917053" a4="39.309856" a5="-58.203789" a6="-23.419815" />
<external_axis />
</planned>
<actual>
<robot_axis a1="3.439029" a2="-84.491074" a3="135.432144" a4="38.709755" a5="-57.917503" a6="-23.137634" />
<external_axis />
</actual>
<ipo_cycle>-21399</ipo_cycle>
</value>
<value>
<planned>
<robot_axis a1="3.506125" a2="-83.309464" a3="134.388779" a4="39.919418" a5="-58.490421" a6="-23.705551" />
<external_axis />
</planned>
<actual>
<robot_axis a1="3.474265" a2="-83.893326" a3="134.907745" a4="39.320080" a5="-58.208424" a6="-23.424160" />
<external_axis />
</actual>
<ipo_cycle>-21395</ipo_cycle>
</value>
<value>
<planned>
<robot_axis a1="3.538231" a2="-82.719177" a3="133.856659" a4="40.527210" a5="-58.773041" a6="-23.991369" />
<external_axis />
</planned>
<actual>
<robot_axis a1="3.507046" a2="-83.299118" a3="134.379257" a4="39.927486" a5="-58.494968" a6="-23.709372" />
<external_axis />
</actual>
<ipo_cycle>-21391</ipo_cycle>
</value>
<value>
<planned>
<robot_axis a1="3.569068" a2="-82.132469" a3="133.320663" a4="41.133278" a5="-59.051819" a6="-24.277403" />
<external_axis />
</planned>
<actual>
<robot_axis a1="3.539424" a2="-82.709160" a3="133.847168" a4="40.534092" a5="-58.777290" a6="-23.995529" />
<external_axis />
</actual>
<ipo_cycle>-21387</ipo_cycle>
</value>
<value>
<planned>
<robot_axis a1="3.598656" a2="-81.549210" a3="132.780838" a4="41.737659" a5="-59.326942" a6="-24.563778" />
<external_axis />
</planned>
<actual>
<robot_axis a1="3.570186" a2="-82.122414" a3="133.311020" a4="41.142181" a5="-59.056065" a6="-24.282221" />
<external_axis />
</actual>
<ipo_cycle>-21383</ipo_cycle>
</value>
<value>
<planned>
<robot_axis a1="3.627012" a2="-80.969307" a3="132.237167" a4="42.340389" a5="-59.598583" a6="-24.850615" />
<external_axis />
</planned>
<actual>
<robot_axis a1="3.599523" a2="-81.539452" a3="132.771271" a4="41.747814" a5="-59.331165" a6="-24.568142" />
<external_axis />
</actual>
<ipo_cycle>-21379</ipo_cycle>
</value>
<value>
<planned>
<robot_axis a1="3.654154" a2="-80.392639" a3="131.689636" a4="42.941505" a5="-59.866920" a6="-25.138021" />
<external_axis />
</planned>
<actual>
<robot_axis a1="3.627885" a2="-80.959404" a3="132.227341" a4="42.350929" a5="-59.602692" a6="-24.855221" />
<external_axis />
</actual>
<ipo_cycle>-21375</ipo_cycle>
</value>
<value>
<planned>
<robot_axis a1="3.680097" a2="-79.819099" a3="131.138275" a4="43.541027" a5="-60.132118" a6="-25.426107" />
<external_axis />
</planned>
<actual>
<robot_axis a1="3.655238" a2="-80.382767" a3="131.679550" a4="42.950897" a5="-59.871250" a6="-25.142750" />
<external_axis />
</actual>
<ipo_cycle>-21371</ipo_cycle>
</value>
<value>
<planned>
<robot_axis a1="3.704860" a2="-79.248596" a3="130.583069" a4="44.138977" a5="-60.394348" a6="-25.714966" />
<external_axis />
</planned>
<actual>
<robot_axis a1="3.681030" a2="-79.809235" a3="131.128189" a4="43.551334" a5="-60.136250" a6="-25.430538" />
<external_axis />
</actual>
<ipo_cycle>-21367</ipo_cycle>
</value>
<value>
<planned>
<robot_axis a1="3.728458" a2="-78.681015" a3="130.024017" a4="44.735378" a5="-60.653786" a6="-26.004694" />
<external_axis />
</planned>
<actual>
<robot_axis a1="3.705970" a2="-79.238922" a3="130.573044" a4="44.148220" a5="-60.398266" a6="-25.719587" />
<external_axis />
</actual>
<ipo_cycle>-21363</ipo_cycle>
</value>
<value>
<planned>
<robot_axis a1="3.750909" a2="-78.116257" a3="129.461105" a4="45.330242" a5="-60.910587" a6="-26.295374" />
<external_axis />
</planned>
<actual>
<robot_axis a1="3.729610" a2="-78.671196" a3="130.014053" a4="44.744812" a5="-60.657669" a6="-26.009693" />
<external_axis />
</actual>
<ipo_cycle>-21359</ipo_cycle>
</value>
<value>
<planned>
<robot_axis a1="3.772226" a2="-77.554214" a3="128.894348" a4="45.923580" a5="-61.164921" a6="-26.587091" />
<external_axis />
</planned>
<actual>
<robot_axis a1="3.751903" a2="-78.106705" a3="129.451080" a4="45.339123" a5="-60.914536" a6="-26.299950" />
<external_axis />
</actual>
<ipo_cycle>-21355</ipo_cycle>
</value>
<value>
<planned>
<robot_axis a1="3.792427" a2="-76.994797" a3="128.323715" a4="46.515400" a5="-61.416946" a6="-26.879919" />
<external_axis />
</planned>
<actual>
<robot_axis a1="3.773093" a2="-77.544830" a3="128.884262" a4="45.931271" a5="-61.168732" a6="-26.591627" />
<external_axis />
</actual>
<ipo_cycle>-21351</ipo_cycle>
</value>
<value>
<planned>
<robot_axis a1="3.811526" a2="-76.437904" a3="127.749214" a4="47.105701" a5="-61.666824" a6="-27.173927" />
<external_axis />
</planned>
<actual>
<robot_axis a1="3.792926" a2="-76.985329" a3="128.313461" a4="46.524181" a5="-61.420841" a6="-26.884659" />
<external_axis />
</actual>
<ipo_cycle>-21347</ipo_cycle>
</value>
<value>
<planned>
<robot_axis a1="3.829539" a2="-75.883430" a3="127.170822" a4="47.694496" a5="-61.914711" a6="-27.469185" />
<external_axis />
</planned>
<actual>
<robot_axis a1="3.811900" a2="-76.428192" a3="127.739037" a4="47.115993" a5="-61.670712" a6="-27.178226" />
<external_axis />
</actual>
<ipo_cycle>-21343</ipo_cycle>
</value>
<value>
<planned>
<robot_axis a1="3.846479" a2="-75.331291" a3="126.588539" a4="48.281773" a5="-62.160759" a6="-27.765755" />
<external_axis />
</planned>
<actual>
<robot_axis a1="3.830116" a2="-75.873901" a3="127.160439" a4="47.705597" a5="-61.918404" a6="-27.473589" />
<external_axis />
</actual>
<ipo_cycle>-21339</ipo_cycle>
</value>
<value>
<planned>
<robot_axis a1="3.862363" a2="-74.781380" a3="126.002350" a4="48.867531" a5="-62.405121" a6="-28.063690" />
<external_axis />
</planned>
<actual>
<robot_axis a1="3.847469" a2="-75.321678" a3="126.578163" a4="48.292446" a5="-62.164646" a6="-27.770267" />
<external_axis />
</actual>
<ipo_cycle>-21335</ipo_cycle>
</value>
<value>
<planned>
<robot_axis a1="3.877203" a2="-74.233612" a3="125.412231" a4="49.451763" a5="-62.647949" a6="-28.363049" />
<external_axis />
</planned>
<actual>
<robot_axis a1="3.862828" a2="-74.771805" a3="125.991867" a4="48.875549" a5="-62.408966" a6="-28.067818" />
<external_axis />
</actual>
<ipo_cycle>-21331</ipo_cycle>
</value>
<value>
<planned>
<robot_axis a1="3.891013" a2="-73.687897" a3="124.818176" a4="50.034462" a5="-62.889385" a6="-28.663877" />
<external_axis />
</planned>
<actual>
<robot_axis a1="3.877217" a2="-74.224266" a3="125.401520" a4="49.458046" a5="-62.651745" a6="-28.367195" />
<external_axis />
</actual>
<ipo_cycle>-21327</ipo_cycle>
</value>
<value>
<planned>
<robot_axis a1="3.903809" a2="-73.144127" a3="124.220161" a4="50.615616" a5="-63.129578" a6="-28.966225" />
<external_axis />
</planned>
<actual>
<robot_axis a1="3.891494" a2="-73.678314" a3="124.807365" a4="50.041260" a5="-62.892998" a6="-28.668438" />
<external_axis />
</actual>
<ipo_cycle>-21323</ipo_cycle>
</value>
<value>
<planned>
<robot_axis a1="3.915602" a2="-72.602226" a3="123.618172" a4="51.195206" a5="-63.368668" a6="-29.270132" />
<external_axis />
</planned>
<actual>
<robot_axis a1="3.903967" a2="-73.134552" a3="124.209328" a4="50.625221" a5="-63.133183" a6="-28.970745" />
<external_axis />
</actual>
<ipo_cycle>-21319</ipo_cycle>
</value>
<value>
<planned>
<robot_axis a1="3.926406" a2="-72.062103" a3="123.012184" a4="51.773220" a5="-63.606796" a6="-29.575640" />
<external_axis />
</planned>
<actual>
<robot_axis a1="3.916127" a2="-72.592644" a3="123.607414" a4="51.205662" a5="-63.372265" a6="-29.274513" />
<external_axis />
</actual>
<ipo_cycle>-21315</ipo_cycle>
</value>
<value>
<planned>
<robot_axis a1="3.936235" a2="-71.523666" a3="122.402168" a4="52.349636" a5="-63.844105" a6="-29.882784" />
<external_axis />
</planned>
<actual>
<robot_axis a1="3.926465" a2="-72.052582" a3="123.001450" a4="51.783585" a5="-63.610432" a6="-29.580315" />
<external_axis />
</actual>
<ipo_cycle>-21311</ipo_cycle>
</value>
<value>
<planned>
<robot_axis a1="3.945101" a2="-70.986824" a3="121.788109" a4="52.924438" a5="-64.080719" a6="-30.191601" />
<external_axis />
</planned>
<actual>
<robot_axis a1="3.936503" a2="-71.514404" a3="122.391281" a4="52.359684" a5="-63.847713" a6="-29.887247" />
<external_axis />
</actual>
<ipo_cycle>-21307</ipo_cycle>
</value>
<value>
<planned>
<robot_axis a1="3.953017" a2="-70.451492" a3="121.169975" a4="53.497601" a5="-64.316780" a6="-30.502117" />
<external_axis />
</planned>
<actual>
<robot_axis a1="3.945195" a2="-70.977440" a3="121.777161" a4="52.934296" a5="-64.084251" a6="-30.196281" />
<external_axis />
</actual>
<ipo_cycle>-21303</ipo_cycle>
</value>
<value>
<planned>
<robot_axis a1="3.959995" a2="-69.917587" a3="120.547745" a4="54.069099" a5="-64.552414" a6="-30.814365" />
<external_axis />
</planned>
<actual>
<robot_axis a1="3.952949" a2="-70.442329" a3="121.158989" a4="53.505993" a5="-64.320633" a6="-30.507376" />
<external_axis />
</actual>
<ipo_cycle>-21299</ipo_cycle>
</value>
<value>
<planned>
<robot_axis a1="3.966048" a2="-69.385017" a3="119.921387" a4="54.638912" a5="-64.787758" a6="-31.128370" />
<external_axis />
</planned>
<actual>
<robot_axis a1="3.960054" a2="-69.908127" a3="120.536575" a4="54.077766" a5="-64.556038" a6="-30.819572" />
<external_axis />
</actual>
<ipo_cycle>-21295</ipo_cycle>
</value>
<value>
<planned>
<robot_axis a1="3.971009" a2="-68.873817" a3="119.314835" a4="55.185513" a5="-65.014015" a6="-31.432156" />
<external_axis />
</planned>
<actual>
<robot_axis a1="3.966277" a2="-69.375771" a3="119.910202" a4="54.646942" a5="-64.791397" a6="-31.133467" />
<external_axis />
</actual>
<ipo_cycle>-21291</ipo_cycle>
</value>
<value>
<planned>
<robot_axis a1="3.974315" a2="-68.473595" a3="118.836349" a4="55.613129" a5="-65.191452" a6="-31.671608" />
<external_axis />
</planned>
<actual>
<robot_axis a1="3.978642" a2="-68.877869" a3="119.310852" a4="55.196556" a5="-65.017174" a6="-31.437761" />
<external_axis />
</actual>
<ipo_cycle>-21287</ipo_cycle>
</value>
<value>
<planned>
<robot_axis a1="3.976552" a2="-68.160141" a3="118.459381" a4="55.947811" a5="-65.330627" a6="-31.860138" />
<external_axis />
</planned>
<actual>
<robot_axis a1="3.983142" a2="-68.400642" a3="118.739471" a4="55.710560" a5="-65.228996" a6="-31.724657" />
<external_axis />
</actual>
<ipo_cycle>-21282</ipo_cycle>
</value>
<syn_motion>
<program>cncDoToolChange</program>
<line>127</line>
<name>XToolMagChange</name>
<base>
<pos x="1858.680054" y="122.529999" z="243.300003" a="45.000000" b="0.000000" c="0.000000" /></base>
<tool>
<pos x="301.660004" y="0.000000" z="93.000000" a="0.000000" b="-90.000000" c="0.000000" /></tool>
<ipo_mode>base</ipo_mode>
<load>
<mass>250.000000</mass>
</load>
<bco_motion>FALSE</bco_motion>
<interrupt>FALSE</interrupt>
<motion_mode>STANDARD</motion_mode>
<ipo_cycle>-21268</ipo_cycle>
</syn_motion>
<syn_motion>
<program>cncDoToolChange</program>
<line>127</line>
<name>XToolMagChange</name>
<base>
<pos x="1858.680054" y="122.529999" z="243.300003" a="45.000000" b="0.000000" c="0.000000" /></base>
<tool>
<pos x="301.660004" y="0.000000" z="93.000000" a="0.000000" b="-90.000000" c="0.000000" /></tool>
<ipo_mode>base</ipo_mode>
<load>
<mass>250.000000</mass>
</load>
<bco_motion>FALSE</bco_motion>
<interrupt>FALSE</interrupt>
<motion_mode>STANDARD</motion_mode>
<ipo_cycle>-21267</ipo_cycle>
</syn_motion>
<value>
<planned>
<robot_axis a1="3.977136" a2="-67.753418" a3="118.392082" a4="55.929688" a5="-65.582146" a6="-31.597147" />
<external_axis />
</planned>
<actual>
<robot_axis a1="3.977030" a2="-67.878159" a3="118.368042" a4="56.014641" a5="-65.486519" a6="-31.759895" />
<external_axis />
</actual>
<ipo_cycle>-21250</ipo_cycle>
</value>
<value>
<planned>
<robot_axis a1="3.976927" a2="-67.295082" a3="118.490204" a4="55.722351" a5="-65.893723" a6="-31.092308" />
<external_axis />
</planned>
<actual>
<robot_axis a1="3.977034" a2="-67.476768" a3="118.450768" a4="55.812584" a5="-65.769821" a6="-31.293385" />
<external_axis />
</actual>
<ipo_cycle>-21240</ipo_cycle>
</value>
<value>
<planned>
<robot_axis a1="3.976717" a2="-66.826546" a3="118.583267" a4="55.516674" a5="-66.209839" a6="-30.585312" />
<external_axis />
</planned>
<actual>
<robot_axis a1="3.976902" a2="-67.010666" a3="118.547028" a4="55.599640" a5="-66.085594" a6="-30.785183" />
<external_axis />
</actual>
<ipo_cycle>-21230</ipo_cycle>
</value>
<value>
<planned>
<robot_axis a1="3.976508" a2="-66.353333" a3="118.670059" a4="55.315125" a5="-66.526695" a6="-30.082222" />
<external_axis />
</planned>
<actual>
<robot_axis a1="3.976521" a2="-66.538704" a3="118.637245" a4="55.395828" a5="-66.402023" a6="-30.280745" />
<external_axis />
</actual>
<ipo_cycle>-21220</ipo_cycle>
</value>
<value>
<planned>
<robot_axis a1="3.976300" a2="-65.875496" a3="118.750557" a4="55.117691" a5="-66.844200" a6="-29.583054" />
<external_axis />
</planned>
<actual>
<robot_axis a1="3.976324" a2="-66.062950" a3="118.720497" a4="55.196163" a5="-66.719177" a6="-29.779202" />
<external_axis />
</actual>
<ipo_cycle>-21210</ipo_cycle>
</value>
<value>
<planned>
<robot_axis a1="3.976072" a2="-65.344635" a3="118.831833" a4="54.905235" a5="-67.194084" a6="-29.038521" />
<external_axis />
</planned>
<actual>
<robot_axis a1="3.976192" a2="-65.534325" a3="118.803650" a4="54.980442" a5="-67.068825" a6="-29.232954" />
<external_axis />
</actual>
<ipo_cycle>-21199</ipo_cycle>
</value>
<value>
<planned>
<robot_axis a1="3.975846" a2="-64.808388" a3="118.905472" a4="54.697693" a5="-67.544502" a6="-28.498783" />
<external_axis />
</planned>
<actual>
<robot_axis a1="3.976051" a2="-65.000130" a3="118.879868" a4="54.771622" a5="-67.418816" a6="-28.690878" />
<external_axis />
</actual>
<ipo_cycle>-21188</ipo_cycle>
</value>
<value>
<planned>
<robot_axis a1="3.975621" a2="-64.266853" a3="118.971466" a4="54.495041" a5="-67.895332" a6="-27.963865" />
<external_axis />
</planned>
<actual>
<robot_axis a1="3.975832" a2="-64.460121" a3="118.948692" a4="54.566231" a5="-67.769699" a6="-28.154736" />
<external_axis />
</actual>
<ipo_cycle>-21177</ipo_cycle>
</value>
<value>
<planned>
<robot_axis a1="3.975397" a2="-63.720139" a3="119.029793" a4="54.297234" a5="-68.246445" a6="-27.433790" />
<external_axis />
</planned>
<actual>
<robot_axis a1="3.975529" a2="-63.915409" a3="119.010841" a4="54.366840" a5="-68.120644" a6="-27.622818" />
<external_axis />
</actual>
<ipo_cycle>-21166</ipo_cycle>
</value>
<value>
<planned>
<robot_axis a1="3.975194" a2="-63.218719" a3="119.076164" a4="54.121590" a5="-68.565773" a6="-26.956127" />
<external_axis />
</planned>
<actual>
<robot_axis a1="3.975246" a2="-63.415405" a3="119.058708" a4="54.189331" a5="-68.439880" a6="-27.143633" />
<external_axis />
</actual>
<ipo_cycle>-21156</ipo_cycle>
</value>
<value>
<planned>
<robot_axis a1="3.974993" a2="-62.713192" a3="119.116188" a4="53.949894" a5="-68.885132" a6="-26.482504" />
<external_axis />
</planned>
<actual>
<robot_axis a1="3.975045" a2="-62.911961" a3="119.100967" a4="54.016918" a5="-68.759262" a6="-26.668276" />
<external_axis />
</actual>
<ipo_cycle>-21146</ipo_cycle>
</value>
<value>
<planned>
<robot_axis a1="3.974798" a2="-62.219395" a3="119.148918" a4="53.787224" a5="-69.194595" a6="-26.027340" />
<external_axis />
</planned>
<actual>
<robot_axis a1="3.974849" a2="-62.405628" a3="119.136185" a4="53.847507" a5="-69.078453" a6="-26.197449" />
<external_axis />
</actual>
<ipo_cycle>-21136</ipo_cycle>
</value>
<syn_motion>
<program>cncDoToolChange</program>
<line>130</line>
<name>XToolAirBlow</name>
<base>
<pos x="1858.680054" y="122.529999" z="243.300003" a="45.000000" b="0.000000" c="0.000000" /></base>
<tool>
<pos x="301.660004" y="0.000000" z="93.000000" a="0.000000" b="-90.000000" c="0.000000" /></tool>
<ipo_mode>base</ipo_mode>
<load>
<mass>250.000000</mass>
</load>
<bco_motion>FALSE</bco_motion>
<interrupt>FALSE</interrupt>
<motion_mode>STANDARD</motion_mode>
<ipo_cycle>-21115</ipo_cycle>
</syn_motion>
<syn_motion>
<program>cncDoToolChange</program>
<line>130</line>
<name>XToolAirBlow</name>
<base>
<pos x="1858.680054" y="122.529999" z="243.300003" a="45.000000" b="0.000000" c="0.000000" /></base>
<tool>
<pos x="301.660004" y="0.000000" z="93.000000" a="0.000000" b="-90.000000" c="0.000000" /></tool>
<ipo_mode>base</ipo_mode>
<load>
<mass>250.000000</mass>
</load>
<bco_motion>FALSE</bco_motion>
<interrupt>FALSE</interrupt>
<motion_mode>STANDARD</motion_mode>
<ipo_cycle>-21114</ipo_cycle>
</syn_motion>
<value>
<planned>
<robot_axis a1="3.974648" a2="-61.835716" a3="119.170097" a4="53.664165" a5="-69.433350" a6="-25.678635" />
<external_axis />
</planned>
<actual>
<robot_axis a1="3.974558" a2="-61.900299" a3="119.173965" a4="53.693371" a5="-69.383324" a6="-25.756680" />
<external_axis />
</actual>
<ipo_cycle>-21103</ipo_cycle>
</value>
<value>
<planned>
<robot_axis a1="3.974440" a2="-61.314331" a3="119.193062" a4="53.501453" a5="-69.755455" a6="-25.211515" />
<external_axis />
</planned>
<actual>
<robot_axis a1="3.974502" a2="-61.507816" a3="119.187263" a4="53.565609" a5="-69.629997" a6="-25.393335" />
<external_axis />
</actual>
<ipo_cycle>-21091</ipo_cycle>
</value>
<value>
<planned>
<robot_axis a1="3.974249" a2="-60.794090" a3="119.209373" a4="53.344162" a5="-70.074158" a6="-24.752991" />
<external_axis />
</planned>
<actual>
<robot_axis a1="3.974464" a2="-60.997860" a3="119.203430" a4="53.405876" a5="-69.948814" a6="-24.932198" />
<external_axis />
</actual>
<ipo_cycle>-21081</ipo_cycle>
</value>
<value>
<planned>
<robot_axis a1="3.974051" a2="-60.270149" a3="119.219337" a4="53.190655" a5="-70.392433" a6="-24.298578" />
<external_axis />
</planned>
<actual>
<robot_axis a1="3.974276" a2="-60.475693" a3="119.216431" a4="53.250107" a5="-70.267273" a6="-24.476706" />
<external_axis />
</actual>
<ipo_cycle>-21071</ipo_cycle>
</value>
<value>
<planned>
<robot_axis a1="3.973854" a2="-59.742596" a3="119.222923" a4="53.040909" a5="-70.710190" a6="-23.848309" />
<external_axis />
</planned>
<actual>
<robot_axis a1="3.973980" a2="-59.948368" a3="119.222870" a4="53.099281" a5="-70.585251" a6="-24.025223" />
<external_axis />
</actual>
<ipo_cycle>-21061</ipo_cycle>
</value>
<value>
<planned>
<robot_axis a1="3.973657" a2="-59.211517" a3="119.220146" a4="52.894882" a5="-71.027321" a6="-23.402197" />
<external_axis />
</planned>
<actual>
<robot_axis a1="3.973668" a2="-59.419006" a3="119.223145" a4="52.951447" a5="-70.902542" a6="-23.577339" />
<external_axis />
</actual>
<ipo_cycle>-21051</ipo_cycle>
</value>
<value>
<planned>
<robot_axis a1="3.973462" a2="-58.677002" a3="119.210991" a4="52.752541" a5="-71.343742" a6="-22.960260" />
<external_axis />
</planned>
<actual>
<robot_axis a1="3.973463" a2="-58.881737" a3="119.221420" a4="52.806534" a5="-71.219162" a6="-23.133974" />
<external_axis />
</actual>
<ipo_cycle>-21041</ipo_cycle>
</value>
<value>
<planned>
<robot_axis a1="3.973266" a2="-58.139149" a3="119.195465" a4="52.613842" a5="-71.659355" a6="-22.522514" />
<external_axis />
</planned>
<actual>
<robot_axis a1="3.973322" a2="-58.346737" a3="119.204903" a4="52.667591" a5="-71.535286" a6="-22.694353" />
<external_axis />
</actual>
<ipo_cycle>-21031</ipo_cycle>
</value>
<value>
<planned>
<robot_axis a1="3.973072" a2="-57.598042" a3="119.173576" a4="52.478745" a5="-71.974060" a6="-22.088974" />
<external_axis />
</planned>
<actual>
<robot_axis a1="3.973159" a2="-57.809628" a3="119.181839" a4="52.532124" a5="-71.850281" a6="-22.258898" />
<external_axis />
</actual>
<ipo_cycle>-21021</ipo_cycle>
</value>
<value>
<planned>
<robot_axis a1="3.972877" a2="-57.053780" a3="119.145317" a4="52.347206" a5="-72.287773" a6="-21.659657" />
<external_axis />
</planned>
<actual>
<robot_axis a1="3.973022" a2="-57.267693" a3="119.155922" a4="52.398125" a5="-72.164284" a6="-21.827976" />
<external_axis />
</actual>
<ipo_cycle>-21011</ipo_cycle>
</value>
<value>
<planned>
<robot_axis a1="3.972686" a2="-56.512886" a3="119.111145" a4="52.220669" a5="-72.596733" a6="-21.239538" />
<external_axis />
</planned>
<actual>
<robot_axis a1="3.972834" a2="-56.720806" a3="119.124916" a4="52.269039" a5="-72.477287" a6="-21.401321" />
<external_axis />
</actual>
<ipo_cycle>-21001</ipo_cycle>
</value>
<value>
<planned>
<robot_axis a1="3.972563" a2="-56.163441" a3="119.085884" a4="52.141075" a5="-72.794861" a6="-20.971510" />
<external_axis />
</planned>
<actual>
<robot_axis a1="3.972535" a2="-56.219578" a3="119.083351" a4="52.151245" a5="-72.768745" a6="-21.004471" />
<external_axis />
</actual>
<ipo_cycle>-20989</ipo_cycle>
</value>
<syn_motion>
<program>cncDoToolChange</program>
<line>137</line>
<name>XToolChangerPickup</name>
<base>
<pos x="1858.680054" y="122.529999" z="243.300003" a="45.000000" b="0.000000" c="0.000000" /></base>
<tool>
<pos x="301.660004" y="0.000000" z="93.000000" a="0.000000" b="-90.000000" c="0.000000" /></tool>
<ipo_mode>base</ipo_mode>
<load>
<mass>250.000000</mass>
</load>
<bco_motion>FALSE</bco_motion>
<interrupt>FALSE</interrupt>
<motion_mode>STANDARD</motion_mode>
<ipo_cycle>-20892</ipo_cycle>
</syn_motion>
<syn_motion>
<program>cncDoToolChange</program>
<line>137</line>
<name>XToolChangerPickup</name>
<base>
<pos x="1858.680054" y="122.529999" z="243.300003" a="45.000000" b="0.000000" c="0.000000" /></base>
<tool>
<pos x="301.660004" y="0.000000" z="93.000000" a="0.000000" b="-90.000000" c="0.000000" /></tool>
<ipo_mode>base</ipo_mode>
<load>
<mass>250.000000</mass>
</load>
<bco_motion>FALSE</bco_motion>
<interrupt>FALSE</interrupt>
<motion_mode>STANDARD</motion_mode>
<ipo_cycle>-20891</ipo_cycle>
</syn_motion>
<value>
<planned>
<robot_axis a1="3.972386" a2="-55.660210" a3="119.045174" a4="52.029350" a5="-73.078125" a6="-20.590109" />
<external_axis />
</planned>
<actual>
<robot_axis a1="3.972543" a2="-55.761879" a3="119.056252" a4="52.059559" a5="-73.017975" a6="-20.671562" />
<external_axis />
</actual>
<ipo_cycle>-20863</ipo_cycle>
</value>
<value>
<planned>
<robot_axis a1="3.972238" a2="-55.235329" a3="119.006866" a4="51.937614" a5="-73.315430" a6="-20.272215" />
<external_axis />
</planned>
<actual>
<robot_axis a1="3.972500" a2="-55.257656" a3="119.006989" a4="51.942078" a5="-73.306763" a6="-20.285528" />
<external_axis />
</actual>
<ipo_cycle>-20840</ipo_cycle>
</value>
<move>
<key_image k3="+1" />
<mouse_override m1="0.000000" m2="0.000000" m3="0.000000" m4="0.000000" m5="0.000000" m6="0.000000" />
<mode>BASE</mode>
<base>
<pos x="1858.680054" y="122.529999" z="243.300003" a="45.000000" b="0.000000" c="0.000000" /></base>
<tool>
<pos x="301.660004" y="0.000000" z="93.000000" a="0.000000" b="-90.000000" c="0.000000" /></tool>
<ipo_mode>base</ipo_mode>
<motion_mode>STANDARD</motion_mode>
<ipo_cycle>-625</ipo_cycle>
</move>
<value>
<planned>
<robot_axis a1="3.972238" a2="-55.743782" a3="119.052460" a4="52.047913" a5="-73.030411" a6="-20.653234" />
<external_axis />
</planned>
<actual>
<robot_axis a1="3.972133" a2="-55.700954" a3="119.047050" a4="52.040916" a5="-73.055321" a6="-20.620024" />
<external_axis />
</actual>
<ipo_cycle>-569</ipo_cycle>
</value>
<value>
<planned>
<robot_axis a1="3.972238" a2="-56.251682" a3="119.092819" a4="52.161510" a5="-72.743240" a6="-21.039276" />
<external_axis />
</planned>
<actual>
<robot_axis a1="3.972098" a2="-56.209419" a3="119.087929" a4="52.155727" a5="-72.767998" a6="-21.006004" />
<external_axis />
</actual>
<ipo_cycle>-523</ipo_cycle>
</value>
<value>
<planned>
<robot_axis a1="3.972238" a2="-56.757084" a3="119.127777" a4="52.278038" a5="-72.455032" a6="-21.428930" />
<external_axis />
</planned>
<actual>
<robot_axis a1="3.972158" a2="-56.714825" a3="119.126244" a4="52.264874" a5="-72.479622" a6="-21.396862" />
<external_axis />
</actual>
<ipo_cycle>-477</ipo_cycle>
</value>
<value>
<planned>
<robot_axis a1="3.972238" a2="-57.259911" a3="119.157326" a4="52.397533" a5="-72.165848" a6="-21.822186" />
<external_axis />
</planned>
<actual>
<robot_axis a1="3.972227" a2="-57.217670" a3="119.154510" a4="52.386425" a5="-72.190491" a6="-21.786806" />
<external_axis />
</actual>
<ipo_cycle>-431</ipo_cycle>
</value>
<value>
<planned>
<robot_axis a1="3.972238" a2="-57.760094" a3="119.181458" a4="52.520031" a5="-71.875778" a6="-22.219032" />
<external_axis />
</planned>
<actual>
<robot_axis a1="3.972265" a2="-57.718128" a3="119.178741" a4="52.509827" a5="-71.900574" a6="-22.184280" />
<external_axis />
</actual>
<ipo_cycle>-385</ipo_cycle>
</value>
<value>
<planned>
<robot_axis a1="3.972238" a2="-58.268341" a3="119.200523" a4="52.648323" a5="-71.578545" a6="-22.628201" />
<external_axis />
</planned>
<actual>
<robot_axis a1="3.972261" a2="-58.226788" a3="119.198875" a4="52.638863" a5="-71.603333" a6="-22.591949" />
<external_axis />
</actual>
<ipo_cycle>-338</ipo_cycle>
</value>
<value>
<planned>
<robot_axis a1="3.972238" a2="-58.773678" a3="119.213921" a4="52.779816" a5="-71.280540" a6="-23.041090" />
<external_axis />
</planned>
<actual>
<robot_axis a1="3.972197" a2="-58.732147" a3="119.212936" a4="52.767864" a5="-71.305595" a6="-23.005058" />
<external_axis />
</actual>
<ipo_cycle>-291</ipo_cycle>
</value>
<value>
<planned>
<robot_axis a1="3.972238" a2="-59.276024" a3="119.221664" a4="52.914547" a5="-70.981827" a6="-23.457689" />
<external_axis />
</planned>
<actual>
<robot_axis a1="3.972197" a2="-59.235153" a3="119.221176" a4="52.905228" a5="-71.006889" a6="-23.423597" />
<external_axis />
</actual>
<ipo_cycle>-244</ipo_cycle>
</value>
<value>
<planned>
<robot_axis a1="3.972238" a2="-59.785892" a3="119.223732" a4="53.055519" a5="-70.676109" a6="-23.886965" />
<external_axis />
</planned>
<actual>
<robot_axis a1="3.972197" a2="-59.744972" a3="119.223656" a4="53.043159" a5="-70.701309" a6="-23.851715" />
<external_axis />
</actual>
<ipo_cycle>-196</ipo_cycle>
</value>
<value>
<planned>
<robot_axis a1="3.972238" a2="-60.292480" a3="119.219894" a4="53.199932" a5="-70.369835" a6="-24.320082" />
<external_axis />
</planned>
<actual>
<robot_axis a1="3.972218" a2="-60.251472" a3="119.223450" a4="53.188339" a5="-70.394890" a6="-24.283186" />
<external_axis />
</actual>
<ipo_cycle>-148</ipo_cycle>
</value>
<value>
<planned>
<robot_axis a1="3.972238" a2="-60.795715" a3="119.210144" a4="53.347824" a5="-70.063080" a6="-24.757023" />
<external_axis />
</planned>
<actual>
<robot_axis a1="3.972252" a2="-60.755375" a3="119.212181" a4="53.336811" a5="-70.088646" a6="-24.720047" />
<external_axis />
</actual>
<ipo_cycle>-100</ipo_cycle>
</value>
<value>
<planned>
<robot_axis a1="3.972238" a2="-61.305885" a3="119.194107" a4="53.502415" a5="-69.749527" a6="-25.206995" />
<external_axis />
</planned>
<actual>
<robot_axis a1="3.972274" a2="-61.265888" a3="119.197319" a4="53.491344" a5="-69.775070" a6="-25.171135" />
<external_axis />
</actual>
<ipo_cycle>-51</ipo_cycle>
</value>
</poslog>
