<?xml-stylesheet href="poslog.xsl" type="text/xsl"?>
<poslog serialno="1074578" trafo="#KR250R2700_2 C4 FLR" date="JAN 31 2022" time="08:32:18" tick="519818976" timestamp="519771350" trigger="ENABLING SWITCH">
<value>
<planned>
<robot_axis a1="45.945496" a2="-119.074257" a3="155.275604" a4="1.595851" a5="-36.262577" a6="3.637016" />
<external_axis />
</planned>
<actual>
<robot_axis a1="45.945488" a2="-119.074257" a3="155.275604" a4="1.595857" a5="-36.262577" a6="3.637016" />
<external_axis />
</actual>
<ipo_cycle>-3454</ipo_cycle>
</value>
<syn_motion>
<program>PROGRAM02</program>
<line>32</line>
<name>$POS_ACT</name>
<base>
<pos x="1486.225952" y="-367.585999" z="-90.000000" a="-45.000000" b="0.000000" c="0.000000" /></base>
<tool>
<pos x="301.660004" y="0.000000" z="93.000000" a="0.000000" b="-90.000000" c="0.000000" /></tool>
<ipo_mode>base</ipo_mode>
<load>
<mass>18.000000</mass>
</load>
<bco_motion>TRUE</bco_motion>
<interrupt>FALSE</interrupt>
<motion_mode>STANDARD</motion_mode>
<ipo_cycle>-268</ipo_cycle>
</syn_motion>
<syn_motion>
<program>PROGRAM02</program>
<line>34</line>
<name>XHOME2</name>
<base>
<pos x="1486.225952" y="-367.585999" z="-90.000000" a="-45.000000" b="0.000000" c="0.000000" /></base>
<tool>
<pos x="301.660004" y="0.000000" z="93.000000" a="0.000000" b="-90.000000" c="0.000000" /></tool>
<ipo_mode>base</ipo_mode>
<load>
<mass>18.000000</mass>
</load>
<bco_motion>FALSE</bco_motion>
<interrupt>FALSE</interrupt>
<motion_mode>STANDARD</motion_mode>
<ipo_cycle>-120</ipo_cycle>
</syn_motion>
<value>
<planned>
<robot_axis a1="45.929070" a2="-119.134514" a3="155.437393" a4="1.320506" a5="-36.788219" a6="3.758940" />
<external_axis />
</planned>
<actual>
<robot_axis a1="45.937721" a2="-119.106384" a3="155.377151" a4="1.439546" a5="-36.571529" a6="3.702136" />
<external_axis />
</actual>
<ipo_cycle>-98</ipo_cycle>
</value>
<value>
<planned>
<robot_axis a1="45.911510" a2="-119.194214" a3="155.605209" a4="1.040641" a5="-37.337605" a6="3.878958" />
<external_axis />
</planned>
<actual>
<robot_axis a1="45.922821" a2="-119.156448" a3="155.510040" a4="1.213064" a5="-37.002651" a6="3.805375" />
<external_axis />
</actual>
<ipo_cycle>-92</ipo_cycle>
</value>
<value>
<planned>
<robot_axis a1="45.894436" a2="-119.247993" a3="155.763718" a4="0.781461" a5="-37.860409" a6="3.986453" />
<external_axis />
</planned>
<actual>
<robot_axis a1="45.909103" a2="-119.205788" a3="155.642365" a4="0.992178" a5="-37.439816" a6="3.899720" />
<external_axis />
</actual>
<ipo_cycle>-86</ipo_cycle>
</value>
<value>
<planned>
<robot_axis a1="45.873287" a2="-119.309189" a3="155.954163" a4="0.476375" a5="-38.493698" a6="4.108332" />
<external_axis />
</planned>
<actual>
<robot_axis a1="45.890903" a2="-119.262215" a3="155.806686" a4="0.722502" a5="-37.985600" a6="4.011868" />
<external_axis />
</actual>
<ipo_cycle>-82</ipo_cycle>
</value>
<value>
<planned>
<robot_axis a1="45.853207" a2="-119.362099" a3="156.129395" a4="0.201542" a5="-39.081463" a6="4.213634" />
<external_axis />
</planned>
<actual>
<robot_axis a1="45.872559" a2="-119.311829" a3="155.961304" a4="0.473031" a5="-38.502029" a6="4.110298" />
<external_axis />
</actual>
<ipo_cycle>-78</ipo_cycle>
</value>
<value>
<planned>
<robot_axis a1="45.830116" a2="-119.417168" a3="156.324783" a4="-0.098558" a5="-39.742718" a6="4.323562" />
<external_axis />
</planned>
<actual>
<robot_axis a1="45.851952" a2="-119.364487" a3="156.136154" a4="0.198135" a5="-39.090984" a6="4.215820" />
<external_axis />
</actual>
<ipo_cycle>-74</ipo_cycle>
</value>
<value>
<planned>
<robot_axis a1="45.810684" a2="-119.459000" a3="156.484467" a4="-0.339017" a5="-40.287842" a6="4.407678" />
<external_axis />
</planned>
<actual>
<robot_axis a1="45.834930" a2="-119.405693" a3="156.281097" a4="-0.023768" a5="-39.580795" a6="4.297101" />
<external_axis />
</actual>
<ipo_cycle>-71</ipo_cycle>
</value>
<value>
<planned>
<robot_axis a1="45.789341" a2="-119.500534" a3="156.655273" a4="-0.591700" a5="-40.875725" a6="4.492163" />
<external_axis />
</planned>
<actual>
<robot_axis a1="45.816235" a2="-119.447006" a3="156.436981" a4="-0.259623" a5="-40.112759" a6="4.381464" />
<external_axis />
</actual>
<ipo_cycle>-68</ipo_cycle>
</value>
<value>
<planned>
<robot_axis a1="45.765965" a2="-119.540970" a3="156.837158" a4="-0.855768" a5="-41.507412" a6="4.575965" />
<external_axis />
</planned>
<actual>
<robot_axis a1="45.795303" a2="-119.488869" a3="156.604141" a4="-0.508000" a5="-40.687092" a6="4.466532" />
<external_axis />
</actual>
<ipo_cycle>-64</ipo_cycle>
</value>
<value>
<planned>
<robot_axis a1="45.740463" a2="-119.579491" a3="157.029922" a4="-1.130303" a5="-42.183361" a6="4.658103" />
<external_axis />
</planned>
<actual>
<robot_axis a1="45.772617" a2="-119.529518" a3="156.782257" a4="-0.769347" a5="-41.304863" a6="4.550462" />
<external_axis />
</actual>
<ipo_cycle>-62</ipo_cycle>
</value>
<value>
<planned>
<robot_axis a1="45.712650" a2="-119.615059" a3="157.233734" a4="-1.414708" a5="-42.905743" a6="4.737452" />
<external_axis />
</planned>
<actual>
<robot_axis a1="45.747803" a2="-119.568214" a3="156.971512" a4="-1.042359" a5="-41.967056" a6="4.632937" />
<external_axis />
</actual>
<ipo_cycle>-59</ipo_cycle>
</value>
<value>
<planned>
<robot_axis a1="45.692703" a2="-119.636719" a3="157.376099" a4="-1.610008" a5="-43.415131" a6="4.788481" />
<external_axis />
</planned>
<actual>
<robot_axis a1="45.729599" a2="-119.593140" a3="157.103638" a4="-1.229889" a5="-42.433220" a6="4.686874" />
<external_axis />
</actual>
<ipo_cycle>-57</ipo_cycle>
</value>
<value>
<planned>
<robot_axis a1="45.671616" a2="-119.656319" a3="157.523422" a4="-1.809304" a5="-43.946400" a6="4.837579" />
<external_axis />
</planned>
<actual>
<robot_axis a1="45.710533" a2="-119.616074" a3="157.240814" a4="-1.421854" a5="-42.920685" a6="4.739206" />
<external_axis />
</actual>
<ipo_cycle>-55</ipo_cycle>
</value>
<value>
<planned>
<robot_axis a1="45.649460" a2="-119.673546" a3="157.674973" a4="-2.011569" a5="-44.497326" a6="4.884356" />
<external_axis />
</planned>
<actual>
<robot_axis a1="45.690754" a2="-119.637344" a3="157.383118" a4="-1.617664" a5="-43.430962" a6="4.790666" />
<external_axis />
</actual>
<ipo_cycle>-53</ipo_cycle>
</value>
<value>
<planned>
<robot_axis a1="45.626308" a2="-119.687973" a3="157.829956" a4="-2.215585" a5="-45.065472" a6="4.928300" />
<external_axis />
</planned>
<actual>
<robot_axis a1="45.669498" a2="-119.656509" a3="157.530304" a4="-1.816727" a5="-43.962696" a6="4.838779" />
<external_axis />
</actual>
<ipo_cycle>-51</ipo_cycle>
</value>
<value>
<planned>
<robot_axis a1="45.602283" a2="-119.699326" a3="157.987396" a4="-2.420105" a5="-45.647610" a6="4.969074" />
<external_axis />
</planned>
<actual>
<robot_axis a1="45.647678" a2="-119.673286" a3="157.681763" a4="-2.018894" a5="-44.514591" a6="4.885538" />
<external_axis />
</actual>
<ipo_cycle>-49</ipo_cycle>
</value>
<value>
<planned>
<robot_axis a1="45.578354" a2="-119.707588" a3="158.141388" a4="-2.617879" a5="-46.221256" a6="5.005711" />
<external_axis />
</planned>
<actual>
<robot_axis a1="45.624275" a2="-119.687721" a3="157.836639" a4="-2.222812" a5="-45.082924" a6="4.930120" />
<external_axis />
</actual>
<ipo_cycle>-46</ipo_cycle>
</value>
<value>
<planned>
<robot_axis a1="45.554749" a2="-119.712776" a3="158.290604" a4="-2.807376" a5="-46.781307" a6="5.038098" />
<external_axis />
</planned>
<actual>
<robot_axis a1="45.600449" a2="-119.698227" a3="157.992996" a4="-2.428166" a5="-45.664612" a6="4.970513" />
<external_axis />
</actual>
<ipo_cycle>-45</ipo_cycle>
</value>
<value>
<planned>
<robot_axis a1="45.531441" a2="-119.714928" a3="158.435211" a4="-2.988994" a5="-47.328423" a6="5.066432" />
<external_axis />
</planned>
<actual>
<robot_axis a1="45.576469" a2="-119.706482" a3="158.146698" a4="-2.627958" a5="-46.239204" a6="5.006493" />
<external_axis />
</actual>
<ipo_cycle>-43</ipo_cycle>
</value>
<value>
<planned>
<robot_axis a1="45.508438" a2="-119.713966" a3="158.575211" a4="-3.162777" a5="-47.862637" a6="5.090743" />
<external_axis />
</planned>
<actual>
<robot_axis a1="45.552799" a2="-119.711166" a3="158.295990" a4="-2.818504" a5="-46.798824" a6="5.039903" />
<external_axis />
</actual>
<ipo_cycle>-41</ipo_cycle>
</value>
<value>
<planned>
<robot_axis a1="45.485718" a2="-119.709854" a3="158.710693" a4="-3.328930" a5="-48.384411" a6="5.111094" />
<external_axis />
</planned>
<actual>
<robot_axis a1="45.529739" a2="-119.712654" a3="158.440582" a4="-3.000091" a5="-47.345581" a6="5.068679" />
<external_axis />
</actual>
<ipo_cycle>-39</ipo_cycle>
</value>
<value>
<planned>
<robot_axis a1="45.463154" a2="-119.702621" a3="158.842499" a4="-3.488670" a5="-48.896870" a6="5.127814" />
<external_axis />
</planned>
<actual>
<robot_axis a1="45.506908" a2="-119.712494" a3="158.580597" a4="-3.173337" a5="-47.879406" a6="5.090601" />
<external_axis />
</actual>
<ipo_cycle>-37</ipo_cycle>
</value>
<value>
<planned>
<robot_axis a1="45.440655" a2="-119.692276" a3="158.971268" a4="-3.642949" a5="-49.402531" a6="5.141134" />
<external_axis />
</planned>
<actual>
<robot_axis a1="45.483978" a2="-119.710594" a3="158.716202" a4="-3.337988" a5="-48.400803" a6="5.112517" />
<external_axis />
</actual>
<ipo_cycle>-34</ipo_cycle>
</value>
<value>
<planned>
<robot_axis a1="45.418076" a2="-119.678741" a3="159.097839" a4="-3.792885" a5="-49.904613" a6="5.151258" />
<external_axis />
</planned>
<actual>
<robot_axis a1="45.461609" a2="-119.705338" a3="158.847931" a4="-3.496552" a5="-48.913074" a6="5.127567" />
<external_axis />
</actual>
<ipo_cycle>-33</ipo_cycle>
</value>
<value>
<planned>
<robot_axis a1="45.395103" a2="-119.662056" a3="159.224243" a4="-3.941123" a5="-50.410812" a6="5.158665" />
<external_axis />
</planned>
<actual>
<robot_axis a1="45.438911" a2="-119.695786" a3="158.976715" a4="-3.648825" a5="-49.418209" a6="5.140761" />
<external_axis />
</actual>
<ipo_cycle>-31</ipo_cycle>
</value>
<value>
<planned>
<robot_axis a1="45.371788" a2="-119.642967" a3="159.350754" a4="-4.088441" a5="-50.921078" a6="5.164103" />
<external_axis />
</planned>
<actual>
<robot_axis a1="45.416336" a2="-119.681908" a3="159.103577" a4="-3.797486" a5="-49.920406" a6="5.152491" />
<external_axis />
</actual>
<ipo_cycle>-29</ipo_cycle>
</value>
<value>
<planned>
<robot_axis a1="45.348232" a2="-119.621422" a3="159.476761" a4="-4.234123" a5="-51.433178" a6="5.167475" />
<external_axis />
</planned>
<actual>
<robot_axis a1="45.393391" a2="-119.664803" a3="159.230072" a4="-3.943821" a5="-50.425957" a6="5.160334" />
<external_axis />
</actual>
<ipo_cycle>-26</ipo_cycle>
</value>
<value>
<planned>
<robot_axis a1="45.324421" a2="-119.597176" a3="159.602173" a4="-4.378019" a5="-51.947113" a6="5.168631" />
<external_axis />
</planned>
<actual>
<robot_axis a1="45.370064" a2="-119.644951" a3="159.356522" a4="-4.090709" a5="-50.936497" a6="5.165152" />
<external_axis />
</actual>
<ipo_cycle>-25</ipo_cycle>
</value>
<value>
<planned>
<robot_axis a1="45.300377" a2="-119.570129" a3="159.726822" a4="-4.519952" a5="-52.462402" a6="5.167518" />
<external_axis />
</planned>
<actual>
<robot_axis a1="45.346527" a2="-119.622604" a3="159.482376" a4="-4.236536" a5="-51.448967" a6="5.168683" />
<external_axis />
</actual>
<ipo_cycle>-23</ipo_cycle>
</value>
<value>
<planned>
<robot_axis a1="45.276115" a2="-119.540161" a3="159.850540" a4="-4.659749" a5="-52.978596" a6="5.164081" />
<external_axis />
</planned>
<actual>
<robot_axis a1="45.322598" a2="-119.597488" a3="159.607727" a4="-4.380485" a5="-51.962704" a6="5.170303" />
<external_axis />
</actual>
<ipo_cycle>-20</ipo_cycle>
</value>
<value>
<planned>
<robot_axis a1="45.251652" a2="-119.507103" a3="159.973099" a4="-4.797146" a5="-53.495102" a6="5.158213" />
<external_axis />
</planned>
<actual>
<robot_axis a1="45.298740" a2="-119.569862" a3="159.732239" a4="-4.522871" a5="-52.478317" a6="5.170251" />
<external_axis />
</actual>
<ipo_cycle>-19</ipo_cycle>
</value>
<value>
<planned>
<robot_axis a1="45.227016" a2="-119.470947" a3="160.094406" a4="-4.932121" a5="-54.011551" a6="5.149978" />
<external_axis />
</planned>
<actual>
<robot_axis a1="45.274471" a2="-119.539375" a3="159.855820" a4="-4.663031" a5="-52.994640" a6="5.168690" />
<external_axis />
</actual>
<ipo_cycle>-16</ipo_cycle>
</value>
<value>
<planned>
<robot_axis a1="45.202240" a2="-119.431564" a3="160.214188" a4="-5.064416" a5="-54.527203" a6="5.139309" />
<external_axis />
</planned>
<actual>
<robot_axis a1="45.249809" a2="-119.505478" a3="159.978333" a4="-4.800589" a5="-53.510864" a6="5.163577" />
<external_axis />
</actual>
<ipo_cycle>-14</ipo_cycle>
</value>
<value>
<planned>
<robot_axis a1="45.177654" a2="-119.390160" a3="160.331345" a4="-5.193073" a5="-55.035942" a6="5.126929" />
<external_axis />
</planned>
<actual>
<robot_axis a1="45.225235" a2="-119.468788" a3="160.099518" a4="-4.936021" a5="-54.027645" a6="5.159101" />
<external_axis />
</actual>
<ipo_cycle>-13</ipo_cycle>
</value>
<value>
<planned>
<robot_axis a1="45.153091" a2="-119.346725" a3="160.446930" a4="-5.319412" a5="-55.541859" a6="5.113013" />
<external_axis />
</planned>
<actual>
<robot_axis a1="45.200260" a2="-119.429642" a3="160.218979" a4="-5.067890" a5="-54.542599" a6="5.150447" />
<external_axis />
</actual>
<ipo_cycle>-11</ipo_cycle>
</value>
<value>
<planned>
<robot_axis a1="45.128548" a2="-119.301147" a3="160.560913" a4="-5.443405" a5="-56.044945" a6="5.097521" />
<external_axis />
</planned>
<actual>
<robot_axis a1="45.175800" a2="-119.387825" a3="160.336258" a4="-5.196942" a5="-55.051945" a6="5.134244" />
<external_axis />
</actual>
<ipo_cycle>-9</ipo_cycle>
</value>
<value>
<planned>
<robot_axis a1="45.104034" a2="-119.253349" a3="160.673141" a4="-5.564912" a5="-56.544838" a6="5.080408" />
<external_axis />
</planned>
<actual>
<robot_axis a1="45.151241" a2="-119.344093" a3="160.451691" a4="-5.322398" a5="-55.557804" a6="5.121124" />
<external_axis />
</actual>
<ipo_cycle>-7</ipo_cycle>
</value>
<value>
<planned>
<robot_axis a1="45.079586" a2="-119.203331" a3="160.783478" a4="-5.683808" a5="-57.040939" a6="5.061700" />
<external_axis />
</planned>
<actual>
<robot_axis a1="45.126320" a2="-119.298218" a3="160.565613" a4="-5.445457" a5="-56.060413" a6="5.102475" />
<external_axis />
</actual>
<ipo_cycle>-5</ipo_cycle>
</value>
<value>
<planned>
<robot_axis a1="45.055229" a2="-119.151024" a3="160.891724" a4="-5.799918" a5="-57.532642" a6="5.041378" />
<external_axis />
</planned>
<actual>
<robot_axis a1="45.101921" a2="-119.250404" a3="160.677856" a4="-5.566357" a5="-56.560493" a6="5.084210" />
<external_axis />
</actual>
<ipo_cycle>-2</ipo_cycle>
</value>
<value>
<planned>
<robot_axis a1="45.019161" a2="-119.068924" a3="161.048935" a4="-5.967643" a5="-58.256260" a6="5.008201" />
<external_axis />
</planned>
<actual>
<robot_axis a1="45.065727" a2="-119.174171" a3="160.842346" a4="-5.743866" a5="-57.302681" a6="5.055068" />
<external_axis />
</actual>
<ipo_cycle>1</ipo_cycle>
</value>
<value>
<planned>
<robot_axis a1="44.987534" a2="-118.993492" a3="161.184525" a4="-6.111668" a5="-58.887547" a6="4.976856" />
<external_axis />
</planned>
<actual>
<robot_axis a1="45.029266" a2="-119.093842" a3="161.001373" a4="-5.915566" a5="-58.034061" a6="5.021251" />
<external_axis />
</actual>
<ipo_cycle>3</ipo_cycle>
</value>
<value>
<planned>
<robot_axis a1="44.961395" a2="-118.929619" a3="161.295578" a4="-6.229362" a5="-59.407841" a6="4.949966" />
<external_axis />
</planned>
<actual>
<robot_axis a1="44.996277" a2="-119.017014" a3="161.144485" a4="-6.071474" a5="-58.704750" a6="4.986741" />
<external_axis />
</actual>
<ipo_cycle>6</ipo_cycle>
</value>
<value>
<planned>
<robot_axis a1="44.941017" a2="-118.878647" a3="161.381393" a4="-6.320128" a5="-59.812435" a6="4.928257" />
<external_axis />
</planned>
<actual>
<robot_axis a1="44.968685" a2="-118.949463" a3="161.263260" a4="-6.196891" a5="-59.258144" a6="4.957872" />
<external_axis />
</actual>
<ipo_cycle>9</ipo_cycle>
</value>
<value>
<planned>
<robot_axis a1="44.923698" a2="-118.834015" a3="161.453506" a4="-6.396204" a5="-60.155178" a6="4.908995" />
<external_axis />
</planned>
<actual>
<robot_axis a1="44.940647" a2="-118.879410" a3="161.382797" a4="-6.323447" a5="-59.820728" a6="4.927313" />
<external_axis />
</actual>
<ipo_cycle>13</ipo_cycle>
</value>
</poslog>
