<?xml-stylesheet href="poslog.xsl" type="text/xsl"?>
<poslog serialno="1074578" trafo="#KR250R2700_2 C4 FLR" date="JAN 27 2022" time="12:57:25" tick="190125119" timestamp="190077493" trigger="ENABLING SWITCH">
<value>
<planned>
<robot_axis a1="3.972238" a2="-61.691582" a3="119.177788" a4="53.622505" a5="-69.510750" a6="-25.551996" />
<external_axis />
</planned>
<actual>
<robot_axis a1="3.972248" a2="-61.690968" a3="119.176498" a4="53.625980" a5="-69.510468" a6="-25.553335" />
<external_axis />
</actual>
<ipo_cycle>-16143</ipo_cycle>
</value>
<move>
<key_image k1="+1" />
<mouse_override m1="0.000000" m2="0.000000" m3="0.000000" m4="0.000000" m5="0.000000" m6="0.000000" />
<mode>AXIS</mode>
<motion_mode>STANDARD</motion_mode>
<ipo_cycle>-528</ipo_cycle>
</move>
<value>
<planned>
<robot_axis a1="4.493850" a2="-61.690968" a3="119.176498" a4="53.625973" a5="-69.510468" a6="-25.553335" />
<external_axis />
</planned>
<actual>
<robot_axis a1="4.395235" a2="-61.690968" a3="119.176430" a4="53.625980" a5="-69.510345" a6="-25.553343" />
<external_axis />
</actual>
<ipo_cycle>-477</ipo_cycle>
</value>
<value>
<planned>
<robot_axis a1="5.026134" a2="-61.690968" a3="119.176498" a4="53.625973" a5="-69.510468" a6="-25.553335" />
<external_axis />
</planned>
<actual>
<robot_axis a1="4.862310" a2="-61.690968" a3="119.176468" a4="53.625980" a5="-69.510384" a6="-25.553335" />
<external_axis />
</actual>
<ipo_cycle>-463</ipo_cycle>
</value>
<value>
<planned>
<robot_axis a1="5.572046" a2="-61.690968" a3="119.176498" a4="53.625973" a5="-69.510468" a6="-25.553335" />
<external_axis />
</planned>
<actual>
<robot_axis a1="5.351756" a2="-61.690968" a3="119.176498" a4="53.625969" a5="-69.510506" a6="-25.553320" />
<external_axis />
</actual>
<ipo_cycle>-453</ipo_cycle>
</value>
<value>
<planned>
<robot_axis a1="6.111048" a2="-61.690968" a3="119.176498" a4="53.625973" a5="-69.510468" a6="-25.553335" />
<external_axis />
</planned>
<actual>
<robot_axis a1="5.848542" a2="-61.690968" a3="119.176468" a4="53.625980" a5="-69.510468" a6="-25.553335" />
<external_axis />
</actual>
<ipo_cycle>-445</ipo_cycle>
</value>
<value>
<planned>
<robot_axis a1="6.664001" a2="-61.690968" a3="119.176498" a4="53.625973" a5="-69.510468" a6="-25.553335" />
<external_axis />
</planned>
<actual>
<robot_axis a1="6.391919" a2="-61.690968" a3="119.176445" a4="53.625980" a5="-69.510429" a6="-25.553335" />
<external_axis />
</actual>
<ipo_cycle>-437</ipo_cycle>
</value>
<value>
<planned>
<robot_axis a1="7.216956" a2="-61.690968" a3="119.176498" a4="53.625973" a5="-69.510468" a6="-25.553335" />
<external_axis />
</planned>
<actual>
<robot_axis a1="6.945296" a2="-61.690968" a3="119.176445" a4="53.625980" a5="-69.510414" a6="-25.553328" />
<external_axis />
</actual>
<ipo_cycle>-429</ipo_cycle>
</value>
<value>
<planned>
<robot_axis a1="7.769909" a2="-61.690968" a3="119.176498" a4="53.625973" a5="-69.510468" a6="-25.553335" />
<external_axis />
</planned>
<actual>
<robot_axis a1="7.499294" a2="-61.690968" a3="119.176437" a4="53.625980" a5="-69.510406" a6="-25.553335" />
<external_axis />
</actual>
<ipo_cycle>-421</ipo_cycle>
</value>
<value>
<planned>
<robot_axis a1="8.322863" a2="-61.690968" a3="119.176498" a4="53.625973" a5="-69.510468" a6="-25.553335" />
<external_axis />
</planned>
<actual>
<robot_axis a1="8.052252" a2="-61.690968" a3="119.176430" a4="53.625980" a5="-69.510376" a6="-25.553335" />
<external_axis />
</actual>
<ipo_cycle>-413</ipo_cycle>
</value>
<value>
<planned>
<robot_axis a1="8.875817" a2="-61.690968" a3="119.176498" a4="53.625973" a5="-69.510468" a6="-25.553335" />
<external_axis />
</planned>
<actual>
<robot_axis a1="8.604770" a2="-61.690968" a3="119.176437" a4="53.625973" a5="-69.510368" a6="-25.553335" />
<external_axis />
</actual>
<ipo_cycle>-405</ipo_cycle>
</value>
<value>
<planned>
<robot_axis a1="9.428771" a2="-61.690968" a3="119.176498" a4="53.625973" a5="-69.510468" a6="-25.553335" />
<external_axis />
</planned>
<actual>
<robot_axis a1="9.157578" a2="-61.690968" a3="119.176430" a4="53.625965" a5="-69.510345" a6="-25.553335" />
<external_axis />
</actual>
<ipo_cycle>-397</ipo_cycle>
</value>
<value>
<planned>
<robot_axis a1="9.981725" a2="-61.690968" a3="119.176498" a4="53.625973" a5="-69.510468" a6="-25.553335" />
<external_axis />
</planned>
<actual>
<robot_axis a1="9.710797" a2="-61.690968" a3="119.176430" a4="53.625992" a5="-69.510338" a6="-25.553335" />
<external_axis />
</actual>
<ipo_cycle>-389</ipo_cycle>
</value>
<value>
<planned>
<robot_axis a1="10.534678" a2="-61.690968" a3="119.176498" a4="53.625973" a5="-69.510468" a6="-25.553335" />
<external_axis />
</planned>
<actual>
<robot_axis a1="10.263947" a2="-61.690968" a3="119.176437" a4="53.625973" a5="-69.510345" a6="-25.553335" />
<external_axis />
</actual>
<ipo_cycle>-381</ipo_cycle>
</value>
<value>
<planned>
<robot_axis a1="11.087632" a2="-61.690968" a3="119.176498" a4="53.625973" a5="-69.510468" a6="-25.553335" />
<external_axis />
</planned>
<actual>
<robot_axis a1="10.816791" a2="-61.690968" a3="119.176430" a4="53.625980" a5="-69.510330" a6="-25.553335" />
<external_axis />
</actual>
<ipo_cycle>-373</ipo_cycle>
</value>
<value>
<planned>
<robot_axis a1="11.640586" a2="-61.690968" a3="119.176498" a4="53.625973" a5="-69.510468" a6="-25.553335" />
<external_axis />
</planned>
<actual>
<robot_axis a1="11.369650" a2="-61.690968" a3="119.176430" a4="53.625980" a5="-69.510323" a6="-25.553335" />
<external_axis />
</actual>
<ipo_cycle>-365</ipo_cycle>
</value>
<value>
<planned>
<robot_axis a1="12.193540" a2="-61.690968" a3="119.176498" a4="53.625973" a5="-69.510468" a6="-25.553335" />
<external_axis />
</planned>
<actual>
<robot_axis a1="11.922698" a2="-61.690968" a3="119.176437" a4="53.625980" a5="-69.510323" a6="-25.553329" />
<external_axis />
</actual>
<ipo_cycle>-357</ipo_cycle>
</value>
<value>
<planned>
<robot_axis a1="12.746493" a2="-61.690968" a3="119.176498" a4="53.625973" a5="-69.510468" a6="-25.553335" />
<external_axis />
</planned>
<actual>
<robot_axis a1="12.475635" a2="-61.690968" a3="119.176445" a4="53.625992" a5="-69.510323" a6="-25.553329" />
<external_axis />
</actual>
<ipo_cycle>-349</ipo_cycle>
</value>
<value>
<planned>
<robot_axis a1="13.299447" a2="-61.690968" a3="119.176498" a4="53.625973" a5="-69.510468" a6="-25.553335" />
<external_axis />
</planned>
<actual>
<robot_axis a1="13.028597" a2="-61.690968" a3="119.176445" a4="53.625965" a5="-69.510323" a6="-25.553335" />
<external_axis />
</actual>
<ipo_cycle>-341</ipo_cycle>
</value>
<value>
<planned>
<robot_axis a1="13.852401" a2="-61.690968" a3="119.176498" a4="53.625973" a5="-69.510468" a6="-25.553335" />
<external_axis />
</planned>
<actual>
<robot_axis a1="13.581650" a2="-61.690968" a3="119.176453" a4="53.625969" a5="-69.510330" a6="-25.553335" />
<external_axis />
</actual>
<ipo_cycle>-333</ipo_cycle>
</value>
<value>
<planned>
<robot_axis a1="14.405354" a2="-61.690968" a3="119.176498" a4="53.625973" a5="-69.510468" a6="-25.553335" />
<external_axis />
</planned>
<actual>
<robot_axis a1="14.134445" a2="-61.690968" a3="119.176445" a4="53.625980" a5="-69.510345" a6="-25.553335" />
<external_axis />
</actual>
<ipo_cycle>-325</ipo_cycle>
</value>
<value>
<planned>
<robot_axis a1="14.958309" a2="-61.690968" a3="119.176498" a4="53.625973" a5="-69.510468" a6="-25.553335" />
<external_axis />
</planned>
<actual>
<robot_axis a1="14.687344" a2="-61.690968" a3="119.176453" a4="53.625969" a5="-69.510361" a6="-25.553335" />
<external_axis />
</actual>
<ipo_cycle>-317</ipo_cycle>
</value>
<value>
<planned>
<robot_axis a1="15.511263" a2="-61.690968" a3="119.176498" a4="53.625973" a5="-69.510468" a6="-25.553335" />
<external_axis />
</planned>
<actual>
<robot_axis a1="15.240366" a2="-61.690971" a3="119.176468" a4="53.625980" a5="-69.510376" a6="-25.553322" />
<external_axis />
</actual>
<ipo_cycle>-309</ipo_cycle>
</value>
<value>
<planned>
<robot_axis a1="16.064217" a2="-61.690968" a3="119.176498" a4="53.625973" a5="-69.510468" a6="-25.553335" />
<external_axis />
</planned>
<actual>
<robot_axis a1="15.793375" a2="-61.690968" a3="119.176468" a4="53.625980" a5="-69.510376" a6="-25.553335" />
<external_axis />
</actual>
<ipo_cycle>-301</ipo_cycle>
</value>
<value>
<planned>
<robot_axis a1="16.617170" a2="-61.690968" a3="119.176498" a4="53.625973" a5="-69.510468" a6="-25.553335" />
<external_axis />
</planned>
<actual>
<robot_axis a1="16.346355" a2="-61.690968" a3="119.176483" a4="53.625980" a5="-69.510391" a6="-25.553335" />
<external_axis />
</actual>
<ipo_cycle>-293</ipo_cycle>
</value>
<value>
<planned>
<robot_axis a1="17.170124" a2="-61.690968" a3="119.176498" a4="53.625973" a5="-69.510468" a6="-25.553335" />
<external_axis />
</planned>
<actual>
<robot_axis a1="16.899296" a2="-61.690968" a3="119.176476" a4="53.625984" a5="-69.510414" a6="-25.553335" />
<external_axis />
</actual>
<ipo_cycle>-285</ipo_cycle>
</value>
<value>
<planned>
<robot_axis a1="17.723078" a2="-61.690968" a3="119.176498" a4="53.625973" a5="-69.510468" a6="-25.553335" />
<external_axis />
</planned>
<actual>
<robot_axis a1="17.452288" a2="-61.690968" a3="119.176491" a4="53.625973" a5="-69.510429" a6="-25.553335" />
<external_axis />
</actual>
<ipo_cycle>-277</ipo_cycle>
</value>
<value>
<planned>
<robot_axis a1="18.276031" a2="-61.690968" a3="119.176498" a4="53.625973" a5="-69.510468" a6="-25.553335" />
<external_axis />
</planned>
<actual>
<robot_axis a1="18.005135" a2="-61.690968" a3="119.176483" a4="53.625969" a5="-69.510445" a6="-25.553328" />
<external_axis />
</actual>
<ipo_cycle>-269</ipo_cycle>
</value>
<value>
<planned>
<robot_axis a1="18.828985" a2="-61.690968" a3="119.176498" a4="53.625973" a5="-69.510468" a6="-25.553335" />
<external_axis />
</planned>
<actual>
<robot_axis a1="18.558025" a2="-61.690968" a3="119.176483" a4="53.625973" a5="-69.510468" a6="-25.553335" />
<external_axis />
</actual>
<ipo_cycle>-261</ipo_cycle>
</value>
<value>
<planned>
<robot_axis a1="19.381939" a2="-61.690968" a3="119.176498" a4="53.625973" a5="-69.510468" a6="-25.553335" />
<external_axis />
</planned>
<actual>
<robot_axis a1="19.111086" a2="-61.690968" a3="119.176498" a4="53.625973" a5="-69.510468" a6="-25.553328" />
<external_axis />
</actual>
<ipo_cycle>-253</ipo_cycle>
</value>
<value>
<planned>
<robot_axis a1="19.934893" a2="-61.690968" a3="119.176498" a4="53.625973" a5="-69.510468" a6="-25.553335" />
<external_axis />
</planned>
<actual>
<robot_axis a1="19.664043" a2="-61.690968" a3="119.176491" a4="53.625969" a5="-69.510490" a6="-25.553328" />
<external_axis />
</actual>
<ipo_cycle>-245</ipo_cycle>
</value>
<value>
<planned>
<robot_axis a1="20.487846" a2="-61.690968" a3="119.176498" a4="53.625973" a5="-69.510468" a6="-25.553335" />
<external_axis />
</planned>
<actual>
<robot_axis a1="20.216986" a2="-61.690968" a3="119.176491" a4="53.625980" a5="-69.510506" a6="-25.553335" />
<external_axis />
</actual>
<ipo_cycle>-237</ipo_cycle>
</value>
<value>
<planned>
<robot_axis a1="21.040800" a2="-61.690968" a3="119.176498" a4="53.625973" a5="-69.510468" a6="-25.553335" />
<external_axis />
</planned>
<actual>
<robot_axis a1="20.769888" a2="-61.690968" a3="119.176491" a4="53.625969" a5="-69.510506" a6="-25.553333" />
<external_axis />
</actual>
<ipo_cycle>-229</ipo_cycle>
</value>
<value>
<planned>
<robot_axis a1="21.593754" a2="-61.690968" a3="119.176498" a4="53.625973" a5="-69.510468" a6="-25.553335" />
<external_axis />
</planned>
<actual>
<robot_axis a1="21.322739" a2="-61.690968" a3="119.176491" a4="53.625980" a5="-69.510521" a6="-25.553333" />
<external_axis />
</actual>
<ipo_cycle>-221</ipo_cycle>
</value>
<value>
<planned>
<robot_axis a1="22.146708" a2="-61.690968" a3="119.176498" a4="53.625973" a5="-69.510468" a6="-25.553335" />
<external_axis />
</planned>
<actual>
<robot_axis a1="21.875847" a2="-61.690971" a3="119.176491" a4="53.625980" a5="-69.510521" a6="-25.553333" />
<external_axis />
</actual>
<ipo_cycle>-213</ipo_cycle>
</value>
<value>
<planned>
<robot_axis a1="22.699661" a2="-61.690968" a3="119.176498" a4="53.625973" a5="-69.510468" a6="-25.553335" />
<external_axis />
</planned>
<actual>
<robot_axis a1="22.428907" a2="-61.690968" a3="119.176491" a4="53.625965" a5="-69.510521" a6="-25.553328" />
<external_axis />
</actual>
<ipo_cycle>-205</ipo_cycle>
</value>
<value>
<planned>
<robot_axis a1="23.252615" a2="-61.690968" a3="119.176498" a4="53.625973" a5="-69.510468" a6="-25.553335" />
<external_axis />
</planned>
<actual>
<robot_axis a1="22.981741" a2="-61.690968" a3="119.176491" a4="53.625969" a5="-69.510521" a6="-25.553333" />
<external_axis />
</actual>
<ipo_cycle>-197</ipo_cycle>
</value>
<value>
<planned>
<robot_axis a1="23.805571" a2="-61.690968" a3="119.176498" a4="53.625973" a5="-69.510468" a6="-25.553335" />
<external_axis />
</planned>
<actual>
<robot_axis a1="23.534653" a2="-61.690968" a3="119.176476" a4="53.625980" a5="-69.510521" a6="-25.553320" />
<external_axis />
</actual>
<ipo_cycle>-189</ipo_cycle>
</value>
<value>
<planned>
<robot_axis a1="24.358524" a2="-61.690968" a3="119.176498" a4="53.625973" a5="-69.510468" a6="-25.553335" />
<external_axis />
</planned>
<actual>
<robot_axis a1="24.087717" a2="-61.690975" a3="119.176476" a4="53.625980" a5="-69.510506" a6="-25.553335" />
<external_axis />
</actual>
<ipo_cycle>-181</ipo_cycle>
</value>
<value>
<planned>
<robot_axis a1="24.911478" a2="-61.690968" a3="119.176498" a4="53.625973" a5="-69.510468" a6="-25.553335" />
<external_axis />
</planned>
<actual>
<robot_axis a1="24.640654" a2="-61.690971" a3="119.176468" a4="53.625969" a5="-69.510490" a6="-25.553322" />
<external_axis />
</actual>
<ipo_cycle>-173</ipo_cycle>
</value>
<value>
<planned>
<robot_axis a1="25.464432" a2="-61.690968" a3="119.176498" a4="53.625973" a5="-69.510468" a6="-25.553335" />
<external_axis />
</planned>
<actual>
<robot_axis a1="25.193514" a2="-61.690968" a3="119.176468" a4="53.625973" a5="-69.510468" a6="-25.553335" />
<external_axis />
</actual>
<ipo_cycle>-165</ipo_cycle>
</value>
<value>
<planned>
<robot_axis a1="26.017385" a2="-61.690968" a3="119.176498" a4="53.625973" a5="-69.510468" a6="-25.553335" />
<external_axis />
</planned>
<actual>
<robot_axis a1="25.746618" a2="-61.690975" a3="119.176460" a4="53.625969" a5="-69.510468" a6="-25.553335" />
<external_axis />
</actual>
<ipo_cycle>-157</ipo_cycle>
</value>
<value>
<planned>
<robot_axis a1="26.570339" a2="-61.690968" a3="119.176498" a4="53.625973" a5="-69.510468" a6="-25.553335" />
<external_axis />
</planned>
<actual>
<robot_axis a1="26.299606" a2="-61.690968" a3="119.176445" a4="53.625969" a5="-69.510445" a6="-25.553328" />
<external_axis />
</actual>
<ipo_cycle>-149</ipo_cycle>
</value>
<value>
<planned>
<robot_axis a1="27.123293" a2="-61.690968" a3="119.176498" a4="53.625973" a5="-69.510468" a6="-25.553335" />
<external_axis />
</planned>
<actual>
<robot_axis a1="26.852398" a2="-61.690968" a3="119.176445" a4="53.625965" a5="-69.510414" a6="-25.553335" />
<external_axis />
</actual>
<ipo_cycle>-141</ipo_cycle>
</value>
<value>
<planned>
<robot_axis a1="27.676247" a2="-61.690968" a3="119.176498" a4="53.625973" a5="-69.510468" a6="-25.553335" />
<external_axis />
</planned>
<actual>
<robot_axis a1="27.405363" a2="-61.690968" a3="119.176437" a4="53.625969" a5="-69.510414" a6="-25.553335" />
<external_axis />
</actual>
<ipo_cycle>-133</ipo_cycle>
</value>
<value>
<planned>
<robot_axis a1="28.229200" a2="-61.690968" a3="119.176498" a4="53.625973" a5="-69.510468" a6="-25.553335" />
<external_axis />
</planned>
<actual>
<robot_axis a1="27.958464" a2="-61.690968" a3="119.176437" a4="53.625980" a5="-69.510384" a6="-25.553335" />
<external_axis />
</actual>
<ipo_cycle>-125</ipo_cycle>
</value>
<value>
<planned>
<robot_axis a1="28.782154" a2="-61.690968" a3="119.176498" a4="53.625973" a5="-69.510468" a6="-25.553335" />
<external_axis />
</planned>
<actual>
<robot_axis a1="28.511280" a2="-61.690968" a3="119.176430" a4="53.625973" a5="-69.510376" a6="-25.553322" />
<external_axis />
</actual>
<ipo_cycle>-117</ipo_cycle>
</value>
<value>
<planned>
<robot_axis a1="29.335108" a2="-61.690968" a3="119.176498" a4="53.625973" a5="-69.510468" a6="-25.553335" />
<external_axis />
</planned>
<actual>
<robot_axis a1="29.064209" a2="-61.690968" a3="119.176430" a4="53.625969" a5="-69.510353" a6="-25.553343" />
<external_axis />
</actual>
<ipo_cycle>-109</ipo_cycle>
</value>
<value>
<planned>
<robot_axis a1="29.888062" a2="-61.690968" a3="119.176498" a4="53.625973" a5="-69.510468" a6="-25.553335" />
<external_axis />
</planned>
<actual>
<robot_axis a1="29.617191" a2="-61.690968" a3="119.176430" a4="53.625980" a5="-69.510338" a6="-25.553335" />
<external_axis />
</actual>
<ipo_cycle>-101</ipo_cycle>
</value>
<value>
<planned>
<robot_axis a1="30.441015" a2="-61.690968" a3="119.176498" a4="53.625973" a5="-69.510468" a6="-25.553335" />
<external_axis />
</planned>
<actual>
<robot_axis a1="30.170137" a2="-61.690968" a3="119.176437" a4="53.625992" a5="-69.510330" a6="-25.553335" />
<external_axis />
</actual>
<ipo_cycle>-93</ipo_cycle>
</value>
<value>
<planned>
<robot_axis a1="30.993969" a2="-61.690968" a3="119.176498" a4="53.625973" a5="-69.510468" a6="-25.553335" />
<external_axis />
</planned>
<actual>
<robot_axis a1="30.723167" a2="-61.690968" a3="119.176437" a4="53.625973" a5="-69.510330" a6="-25.553335" />
<external_axis />
</actual>
<ipo_cycle>-85</ipo_cycle>
</value>
<value>
<planned>
<robot_axis a1="31.546923" a2="-61.690968" a3="119.176498" a4="53.625973" a5="-69.510468" a6="-25.553335" />
<external_axis />
</planned>
<actual>
<robot_axis a1="31.276075" a2="-61.690968" a3="119.176430" a4="53.625980" a5="-69.510315" a6="-25.553335" />
<external_axis />
</actual>
<ipo_cycle>-77</ipo_cycle>
</value>
<value>
<planned>
<robot_axis a1="32.099876" a2="-61.690968" a3="119.176498" a4="53.625973" a5="-69.510468" a6="-25.553335" />
<external_axis />
</planned>
<actual>
<robot_axis a1="31.829094" a2="-61.690968" a3="119.176437" a4="53.625980" a5="-69.510315" a6="-25.553335" />
<external_axis />
</actual>
<ipo_cycle>-69</ipo_cycle>
</value>
<value>
<planned>
<robot_axis a1="32.652832" a2="-61.690968" a3="119.176498" a4="53.625973" a5="-69.510468" a6="-25.553335" />
<external_axis />
</planned>
<actual>
<robot_axis a1="32.381939" a2="-61.690968" a3="119.176437" a4="53.625980" a5="-69.510315" a6="-25.553335" />
<external_axis />
</actual>
<ipo_cycle>-61</ipo_cycle>
</value>
<value>
<planned>
<robot_axis a1="33.205784" a2="-61.690968" a3="119.176498" a4="53.625973" a5="-69.510468" a6="-25.553335" />
<external_axis />
</planned>
<actual>
<robot_axis a1="32.934875" a2="-61.690968" a3="119.176437" a4="53.625965" a5="-69.510323" a6="-25.553335" />
<external_axis />
</actual>
<ipo_cycle>-53</ipo_cycle>
</value>
<value>
<planned>
<robot_axis a1="33.758739" a2="-61.690968" a3="119.176498" a4="53.625973" a5="-69.510468" a6="-25.553335" />
<external_axis />
</planned>
<actual>
<robot_axis a1="33.487766" a2="-61.690968" a3="119.176460" a4="53.625969" a5="-69.510330" a6="-25.553329" />
<external_axis />
</actual>
<ipo_cycle>-45</ipo_cycle>
</value>
<value>
<planned>
<robot_axis a1="34.311691" a2="-61.690968" a3="119.176498" a4="53.625973" a5="-69.510468" a6="-25.553335" />
<external_axis />
</planned>
<actual>
<robot_axis a1="34.040783" a2="-61.690968" a3="119.176460" a4="53.625980" a5="-69.510330" a6="-25.553329" />
<external_axis />
</actual>
<ipo_cycle>-37</ipo_cycle>
</value>
<value>
<planned>
<robot_axis a1="34.864647" a2="-61.690968" a3="119.176498" a4="53.625973" a5="-69.510468" a6="-25.553335" />
<external_axis />
</planned>
<actual>
<robot_axis a1="34.593880" a2="-61.690968" a3="119.176460" a4="53.625969" a5="-69.510345" a6="-25.553343" />
<external_axis />
</actual>
<ipo_cycle>-29</ipo_cycle>
</value>
<value>
<planned>
<robot_axis a1="35.417599" a2="-61.690968" a3="119.176498" a4="53.625973" a5="-69.510468" a6="-25.553335" />
<external_axis />
</planned>
<actual>
<robot_axis a1="35.146679" a2="-61.690968" a3="119.176460" a4="53.625980" a5="-69.510361" a6="-25.553349" />
<external_axis />
</actual>
<ipo_cycle>-21</ipo_cycle>
</value>
<value>
<planned>
<robot_axis a1="35.970554" a2="-61.690968" a3="119.176498" a4="53.625973" a5="-69.510468" a6="-25.553335" />
<external_axis />
</planned>
<actual>
<robot_axis a1="35.699635" a2="-61.690968" a3="119.176468" a4="53.625965" a5="-69.510368" a6="-25.553328" />
<external_axis />
</actual>
<ipo_cycle>-13</ipo_cycle>
</value>
<value>
<planned>
<robot_axis a1="36.523506" a2="-61.690968" a3="119.176498" a4="53.625973" a5="-69.510468" a6="-25.553335" />
<external_axis />
</planned>
<actual>
<robot_axis a1="36.252686" a2="-61.690968" a3="119.176476" a4="53.625992" a5="-69.510384" a6="-25.553335" />
<external_axis />
</actual>
<ipo_cycle>-5</ipo_cycle>
</value>
<value>
<planned>
<robot_axis a1="36.799984" a2="-61.690968" a3="119.176498" a4="53.625973" a5="-69.510468" a6="-25.553335" />
<external_axis />
</planned>
<actual>
<robot_axis a1="36.774075" a2="-61.690968" a3="119.176491" a4="53.625973" a5="-69.510468" a6="-25.553328" />
<external_axis />
</actual>
<ipo_cycle>3</ipo_cycle>
</value>
</poslog>
