<?xml-stylesheet href="poslog.xsl" type="text/xsl"?>
<poslog serialno="1074578" trafo="#KR250R2700_2 C4 FLR" date="FEB 03 2022" time="13:34:53" tick="227534" timestamp="177055" trigger="ENABLING SWITCH">
<value>
<planned>
<robot_axis a1="1.111343" a2="-139.999771" a3="154.189224" a4="8.750151" a5="-14.392967" a6="-8.495878" />
<external_axis />
</planned>
<actual>
<robot_axis a1="1.109779" a2="-139.997711" a3="154.190674" a4="8.748951" a5="-14.393270" a6="-8.494671" />
<external_axis />
</actual>
<ipo_cycle>-1994</ipo_cycle>
</value>
<move>
<key_image k1="+1" />
<mouse_override m1="0.000000" m2="0.000000" m3="0.000000" m4="0.000000" m5="0.000000" m6="0.000000" />
<mode>AXIS</mode>
<motion_mode>STANDARD</motion_mode>
<ipo_cycle>-597</ipo_cycle>
</move>
<value>
<planned>
<robot_axis a1="1.631402" a2="-139.997665" a3="154.190659" a4="8.748951" a5="-14.393232" a6="-8.494658" />
<external_axis />
</planned>
<actual>
<robot_axis a1="1.526563" a2="-139.997711" a3="154.190598" a4="8.748951" a5="-14.393110" a6="-8.494672" />
<external_axis />
</actual>
<ipo_cycle>-546</ipo_cycle>
</value>
<value>
<planned>
<robot_axis a1="2.163686" a2="-139.997665" a3="154.190659" a4="8.748951" a5="-14.393232" a6="-8.494658" />
<external_axis />
</planned>
<actual>
<robot_axis a1="1.991778" a2="-139.997711" a3="154.190659" a4="8.748951" a5="-14.393190" a6="-8.494672" />
<external_axis />
</actual>
<ipo_cycle>-532</ipo_cycle>
</value>
<value>
<planned>
<robot_axis a1="2.709598" a2="-139.997665" a3="154.190659" a4="8.748951" a5="-14.393232" a6="-8.494658" />
<external_axis />
</planned>
<actual>
<robot_axis a1="2.479732" a2="-139.997711" a3="154.190659" a4="8.748951" a5="-14.393291" a6="-8.494671" />
<external_axis />
</actual>
<ipo_cycle>-522</ipo_cycle>
</value>
<value>
<planned>
<robot_axis a1="3.261902" a2="-139.997665" a3="154.190659" a4="8.748951" a5="-14.393232" a6="-8.494658" />
<external_axis />
</planned>
<actual>
<robot_axis a1="2.979686" a2="-139.997711" a3="154.190628" a4="8.748951" a5="-14.393217" a6="-8.494671" />
<external_axis />
</actual>
<ipo_cycle>-514</ipo_cycle>
</value>
<value>
<planned>
<robot_axis a1="3.834563" a2="-139.997665" a3="154.190659" a4="8.748951" a5="-14.393232" a6="-8.494658" />
<external_axis />
</planned>
<actual>
<robot_axis a1="3.506618" a2="-139.997711" a3="154.190598" a4="8.748951" a5="-14.393153" a6="-8.494672" />
<external_axis />
</actual>
<ipo_cycle>-507</ipo_cycle>
</value>
<value>
<planned>
<robot_axis a1="4.344749" a2="-139.997665" a3="154.190659" a4="8.748951" a5="-14.393232" a6="-8.494658" />
<external_axis />
</planned>
<actual>
<robot_axis a1="4.011475" a2="-139.997711" a3="154.190613" a4="8.748956" a5="-14.393110" a6="-8.494672" />
<external_axis />
</actual>
<ipo_cycle>-501</ipo_cycle>
</value>
<value>
<planned>
<robot_axis a1="4.854936" a2="-139.997665" a3="154.190659" a4="8.748951" a5="-14.393232" a6="-8.494658" />
<external_axis />
</planned>
<actual>
<robot_axis a1="4.521532" a2="-139.997711" a3="154.190659" a4="8.748951" a5="-14.393180" a6="-8.494672" />
<external_axis />
</actual>
<ipo_cycle>-495</ipo_cycle>
</value>
<value>
<planned>
<robot_axis a1="5.365122" a2="-139.997665" a3="154.190659" a4="8.748951" a5="-14.393232" a6="-8.494658" />
<external_axis />
</planned>
<actual>
<robot_axis a1="5.031932" a2="-139.997711" a3="154.190689" a4="8.748951" a5="-14.393270" a6="-8.494671" />
<external_axis />
</actual>
<ipo_cycle>-489</ipo_cycle>
</value>
<value>
<planned>
<robot_axis a1="5.875309" a2="-139.997665" a3="154.190659" a4="8.748951" a5="-14.393232" a6="-8.494658" />
<external_axis />
</planned>
<actual>
<robot_axis a1="5.542118" a2="-139.997711" a3="154.190659" a4="8.748951" a5="-14.393302" a6="-8.494671" />
<external_axis />
</actual>
<ipo_cycle>-483</ipo_cycle>
</value>
<value>
<planned>
<robot_axis a1="6.385495" a2="-139.997665" a3="154.190659" a4="8.748951" a5="-14.393232" a6="-8.494658" />
<external_axis />
</planned>
<actual>
<robot_axis a1="6.052338" a2="-139.997711" a3="154.190613" a4="8.748951" a5="-14.393190" a6="-8.494672" />
<external_axis />
</actual>
<ipo_cycle>-477</ipo_cycle>
</value>
<value>
<planned>
<robot_axis a1="6.895682" a2="-139.997665" a3="154.190659" a4="8.748951" a5="-14.393232" a6="-8.494658" />
<external_axis />
</planned>
<actual>
<robot_axis a1="6.562575" a2="-139.997711" a3="154.190582" a4="8.748956" a5="-14.393116" a6="-8.494672" />
<external_axis />
</actual>
<ipo_cycle>-471</ipo_cycle>
</value>
<value>
<planned>
<robot_axis a1="7.405869" a2="-139.997665" a3="154.190659" a4="8.748951" a5="-14.393232" a6="-8.494658" />
<external_axis />
</planned>
<actual>
<robot_axis a1="7.072663" a2="-139.997711" a3="154.190628" a4="8.748956" a5="-14.393137" a6="-8.494672" />
<external_axis />
</actual>
<ipo_cycle>-465</ipo_cycle>
</value>
<value>
<planned>
<robot_axis a1="7.916055" a2="-139.997665" a3="154.190659" a4="8.748951" a5="-14.393232" a6="-8.494658" />
<external_axis />
</planned>
<actual>
<robot_axis a1="7.582836" a2="-139.997711" a3="154.190674" a4="8.748951" a5="-14.393222" a6="-8.494671" />
<external_axis />
</actual>
<ipo_cycle>-459</ipo_cycle>
</value>
<value>
<planned>
<robot_axis a1="8.426242" a2="-139.997665" a3="154.190659" a4="8.748951" a5="-14.393232" a6="-8.494658" />
<external_axis />
</planned>
<actual>
<robot_axis a1="8.093091" a2="-139.997711" a3="154.190674" a4="8.748951" a5="-14.393286" a6="-8.494671" />
<external_axis />
</actual>
<ipo_cycle>-453</ipo_cycle>
</value>
<value>
<planned>
<robot_axis a1="8.936428" a2="-139.997665" a3="154.190659" a4="8.748951" a5="-14.393232" a6="-8.494658" />
<external_axis />
</planned>
<actual>
<robot_axis a1="8.603204" a2="-139.997696" a3="154.190628" a4="8.748951" a5="-14.393259" a6="-8.494671" />
<external_axis />
</actual>
<ipo_cycle>-447</ipo_cycle>
</value>
<value>
<planned>
<robot_axis a1="9.446614" a2="-139.997665" a3="154.190659" a4="8.748951" a5="-14.393232" a6="-8.494658" />
<external_axis />
</planned>
<actual>
<robot_axis a1="9.113493" a2="-139.997711" a3="154.190598" a4="8.748951" a5="-14.393143" a6="-8.494672" />
<external_axis />
</actual>
<ipo_cycle>-441</ipo_cycle>
</value>
<value>
<planned>
<robot_axis a1="9.956801" a2="-139.997665" a3="154.190659" a4="8.748951" a5="-14.393232" a6="-8.494658" />
<external_axis />
</planned>
<actual>
<robot_axis a1="9.623696" a2="-139.997711" a3="154.190598" a4="8.748956" a5="-14.393106" a6="-8.494672" />
<external_axis />
</actual>
<ipo_cycle>-435</ipo_cycle>
</value>
<value>
<planned>
<robot_axis a1="10.466988" a2="-139.997665" a3="154.190659" a4="8.748951" a5="-14.393232" a6="-8.494658" />
<external_axis />
</planned>
<actual>
<robot_axis a1="10.133711" a2="-139.997711" a3="154.190643" a4="8.748951" a5="-14.393164" a6="-8.494672" />
<external_axis />
</actual>
<ipo_cycle>-429</ipo_cycle>
</value>
<value>
<planned>
<robot_axis a1="10.977174" a2="-139.997665" a3="154.190659" a4="8.748951" a5="-14.393232" a6="-8.494658" />
<external_axis />
</planned>
<actual>
<robot_axis a1="10.643982" a2="-139.997711" a3="154.190674" a4="8.748945" a5="-14.393259" a6="-8.494671" />
<external_axis />
</actual>
<ipo_cycle>-423</ipo_cycle>
</value>
<value>
<planned>
<robot_axis a1="11.487361" a2="-139.997665" a3="154.190659" a4="8.748951" a5="-14.393232" a6="-8.494658" />
<external_axis />
</planned>
<actual>
<robot_axis a1="11.154199" a2="-139.997711" a3="154.190659" a4="8.748951" a5="-14.393291" a6="-8.494671" />
<external_axis />
</actual>
<ipo_cycle>-417</ipo_cycle>
</value>
<value>
<planned>
<robot_axis a1="11.997547" a2="-139.997665" a3="154.190659" a4="8.748951" a5="-14.393232" a6="-8.494658" />
<external_axis />
</planned>
<actual>
<robot_axis a1="11.664410" a2="-139.997711" a3="154.190613" a4="8.748951" a5="-14.393211" a6="-8.494671" />
<external_axis />
</actual>
<ipo_cycle>-411</ipo_cycle>
</value>
<value>
<planned>
<robot_axis a1="12.507733" a2="-139.997665" a3="154.190659" a4="8.748951" a5="-14.393232" a6="-8.494658" />
<external_axis />
</planned>
<actual>
<robot_axis a1="12.174618" a2="-139.997711" a3="154.190598" a4="8.748951" a5="-14.393116" a6="-8.494672" />
<external_axis />
</actual>
<ipo_cycle>-405</ipo_cycle>
</value>
<value>
<planned>
<robot_axis a1="13.017920" a2="-139.997665" a3="154.190659" a4="8.748951" a5="-14.393232" a6="-8.494658" />
<external_axis />
</planned>
<actual>
<robot_axis a1="12.684842" a2="-139.997711" a3="154.190613" a4="8.748956" a5="-14.393116" a6="-8.494672" />
<external_axis />
</actual>
<ipo_cycle>-399</ipo_cycle>
</value>
<value>
<planned>
<robot_axis a1="13.528107" a2="-139.997665" a3="154.190659" a4="8.748951" a5="-14.393232" a6="-8.494658" />
<external_axis />
</planned>
<actual>
<robot_axis a1="13.194917" a2="-139.997711" a3="154.190659" a4="8.748951" a5="-14.393201" a6="-8.494672" />
<external_axis />
</actual>
<ipo_cycle>-393</ipo_cycle>
</value>
<value>
<planned>
<robot_axis a1="14.038293" a2="-139.997665" a3="154.190659" a4="8.748951" a5="-14.393232" a6="-8.494658" />
<external_axis />
</planned>
<actual>
<robot_axis a1="13.705120" a2="-139.997711" a3="154.190674" a4="8.748951" a5="-14.393291" a6="-8.494671" />
<external_axis />
</actual>
<ipo_cycle>-387</ipo_cycle>
</value>
<value>
<planned>
<robot_axis a1="14.548480" a2="-139.997665" a3="154.190659" a4="8.748951" a5="-14.393232" a6="-8.494658" />
<external_axis />
</planned>
<actual>
<robot_axis a1="14.215306" a2="-139.997711" a3="154.190643" a4="8.748956" a5="-14.393275" a6="-8.494671" />
<external_axis />
</actual>
<ipo_cycle>-381</ipo_cycle>
</value>
<value>
<planned>
<robot_axis a1="15.058666" a2="-139.997665" a3="154.190659" a4="8.748951" a5="-14.393232" a6="-8.494658" />
<external_axis />
</planned>
<actual>
<robot_axis a1="14.725569" a2="-139.997711" a3="154.190598" a4="8.748956" a5="-14.393143" a6="-8.494672" />
<external_axis />
</actual>
<ipo_cycle>-375</ipo_cycle>
</value>
<value>
<planned>
<robot_axis a1="15.568852" a2="-139.997665" a3="154.190659" a4="8.748951" a5="-14.393232" a6="-8.494658" />
<external_axis />
</planned>
<actual>
<robot_axis a1="15.235750" a2="-139.997711" a3="154.190598" a4="8.748951" a5="-14.393100" a6="-8.494672" />
<external_axis />
</actual>
<ipo_cycle>-369</ipo_cycle>
</value>
<value>
<planned>
<robot_axis a1="16.079039" a2="-139.997665" a3="154.190659" a4="8.748951" a5="-14.393232" a6="-8.494658" />
<external_axis />
</planned>
<actual>
<robot_axis a1="15.745783" a2="-139.997711" a3="154.190643" a4="8.748951" a5="-14.393153" a6="-8.494672" />
<external_axis />
</actual>
<ipo_cycle>-363</ipo_cycle>
</value>
<value>
<planned>
<robot_axis a1="16.589226" a2="-139.997665" a3="154.190659" a4="8.748951" a5="-14.393232" a6="-8.494658" />
<external_axis />
</planned>
<actual>
<robot_axis a1="16.256037" a2="-139.997711" a3="154.190689" a4="8.748951" a5="-14.393259" a6="-8.494671" />
<external_axis />
</actual>
<ipo_cycle>-357</ipo_cycle>
</value>
<value>
<planned>
<robot_axis a1="17.099413" a2="-139.997665" a3="154.190659" a4="8.748951" a5="-14.393232" a6="-8.494658" />
<external_axis />
</planned>
<actual>
<robot_axis a1="16.766258" a2="-139.997711" a3="154.190659" a4="8.748951" a5="-14.393302" a6="-8.494671" />
<external_axis />
</actual>
<ipo_cycle>-351</ipo_cycle>
</value>
<value>
<planned>
<robot_axis a1="17.609598" a2="-139.997665" a3="154.190659" a4="8.748951" a5="-14.393232" a6="-8.494658" />
<external_axis />
</planned>
<actual>
<robot_axis a1="17.276384" a2="-139.997711" a3="154.190613" a4="8.748956" a5="-14.393222" a6="-8.494671" />
<external_axis />
</actual>
<ipo_cycle>-345</ipo_cycle>
</value>
<value>
<planned>
<robot_axis a1="18.119785" a2="-139.997665" a3="154.190659" a4="8.748951" a5="-14.393232" a6="-8.494658" />
<external_axis />
</planned>
<actual>
<robot_axis a1="17.786642" a2="-139.997711" a3="154.190598" a4="8.748956" a5="-14.393126" a6="-8.494672" />
<external_axis />
</actual>
<ipo_cycle>-339</ipo_cycle>
</value>
<value>
<planned>
<robot_axis a1="18.629972" a2="-139.997665" a3="154.190659" a4="8.748951" a5="-14.393232" a6="-8.494658" />
<external_axis />
</planned>
<actual>
<robot_axis a1="18.296782" a2="-139.997711" a3="154.190613" a4="8.748956" a5="-14.393126" a6="-8.494672" />
<external_axis />
</actual>
<ipo_cycle>-333</ipo_cycle>
</value>
<value>
<planned>
<robot_axis a1="19.140158" a2="-139.997665" a3="154.190659" a4="8.748951" a5="-14.393232" a6="-8.494658" />
<external_axis />
</planned>
<actual>
<robot_axis a1="18.806959" a2="-139.997711" a3="154.190659" a4="8.748951" a5="-14.393201" a6="-8.494672" />
<external_axis />
</actual>
<ipo_cycle>-327</ipo_cycle>
</value>
<value>
<planned>
<robot_axis a1="19.650345" a2="-139.997665" a3="154.190659" a4="8.748951" a5="-14.393232" a6="-8.494658" />
<external_axis />
</planned>
<actual>
<robot_axis a1="19.317226" a2="-139.997696" a3="154.190659" a4="8.748951" a5="-14.393286" a6="-8.494671" />
<external_axis />
</actual>
<ipo_cycle>-321</ipo_cycle>
</value>
<value>
<planned>
<robot_axis a1="20.160532" a2="-139.997665" a3="154.190659" a4="8.748951" a5="-14.393232" a6="-8.494658" />
<external_axis />
</planned>
<actual>
<robot_axis a1="19.827335" a2="-139.997711" a3="154.190643" a4="8.748951" a5="-14.393280" a6="-8.494671" />
<external_axis />
</actual>
<ipo_cycle>-315</ipo_cycle>
</value>
<value>
<planned>
<robot_axis a1="20.670717" a2="-139.997665" a3="154.190659" a4="8.748951" a5="-14.393232" a6="-8.494658" />
<external_axis />
</planned>
<actual>
<robot_axis a1="20.337627" a2="-139.997711" a3="154.190598" a4="8.748951" a5="-14.393169" a6="-8.494672" />
<external_axis />
</actual>
<ipo_cycle>-309</ipo_cycle>
</value>
<value>
<planned>
<robot_axis a1="21.180904" a2="-139.997665" a3="154.190659" a4="8.748951" a5="-14.393232" a6="-8.494658" />
<external_axis />
</planned>
<actual>
<robot_axis a1="20.847757" a2="-139.997711" a3="154.190598" a4="8.748951" a5="-14.393106" a6="-8.494665" />
<external_axis />
</actual>
<ipo_cycle>-303</ipo_cycle>
</value>
<value>
<planned>
<robot_axis a1="21.691092" a2="-139.997665" a3="154.190659" a4="8.748951" a5="-14.393232" a6="-8.494658" />
<external_axis />
</planned>
<actual>
<robot_axis a1="21.357817" a2="-139.997711" a3="154.190628" a4="8.748956" a5="-14.393153" a6="-8.494672" />
<external_axis />
</actual>
<ipo_cycle>-297</ipo_cycle>
</value>
<value>
<planned>
<robot_axis a1="22.201277" a2="-139.997665" a3="154.190659" a4="8.748951" a5="-14.393232" a6="-8.494658" />
<external_axis />
</planned>
<actual>
<robot_axis a1="21.868053" a2="-139.997711" a3="154.190689" a4="8.748956" a5="-14.393232" a6="-8.494671" />
<external_axis />
</actual>
<ipo_cycle>-291</ipo_cycle>
</value>
<value>
<planned>
<robot_axis a1="22.711464" a2="-139.997665" a3="154.190659" a4="8.748951" a5="-14.393232" a6="-8.494658" />
<external_axis />
</planned>
<actual>
<robot_axis a1="22.378307" a2="-139.997711" a3="154.190659" a4="8.748951" a5="-14.393296" a6="-8.494671" />
<external_axis />
</actual>
<ipo_cycle>-285</ipo_cycle>
</value>
<value>
<planned>
<robot_axis a1="23.221651" a2="-139.997665" a3="154.190659" a4="8.748951" a5="-14.393232" a6="-8.494658" />
<external_axis />
</planned>
<actual>
<robot_axis a1="22.888447" a2="-139.997711" a3="154.190628" a4="8.748951" a5="-14.393238" a6="-8.494671" />
<external_axis />
</actual>
<ipo_cycle>-279</ipo_cycle>
</value>
<value>
<planned>
<robot_axis a1="23.731836" a2="-139.997665" a3="154.190659" a4="8.748951" a5="-14.393232" a6="-8.494658" />
<external_axis />
</planned>
<actual>
<robot_axis a1="23.398731" a2="-139.997711" a3="154.190598" a4="8.748961" a5="-14.393137" a6="-8.494672" />
<external_axis />
</actual>
<ipo_cycle>-273</ipo_cycle>
</value>
<value>
<planned>
<robot_axis a1="24.242023" a2="-139.997665" a3="154.190659" a4="8.748951" a5="-14.393232" a6="-8.494658" />
<external_axis />
</planned>
<actual>
<robot_axis a1="23.908865" a2="-139.997711" a3="154.190613" a4="8.748951" a5="-14.393116" a6="-8.494672" />
<external_axis />
</actual>
<ipo_cycle>-267</ipo_cycle>
</value>
<value>
<planned>
<robot_axis a1="24.752211" a2="-139.997665" a3="154.190659" a4="8.748951" a5="-14.393232" a6="-8.494658" />
<external_axis />
</planned>
<actual>
<robot_axis a1="24.418974" a2="-139.997711" a3="154.190659" a4="8.748951" a5="-14.393190" a6="-8.494672" />
<external_axis />
</actual>
<ipo_cycle>-261</ipo_cycle>
</value>
<value>
<planned>
<robot_axis a1="25.262396" a2="-139.997665" a3="154.190659" a4="8.748951" a5="-14.393232" a6="-8.494658" />
<external_axis />
</planned>
<actual>
<robot_axis a1="24.929203" a2="-139.997711" a3="154.190674" a4="8.748951" a5="-14.393286" a6="-8.494671" />
<external_axis />
</actual>
<ipo_cycle>-255</ipo_cycle>
</value>
<value>
<planned>
<robot_axis a1="25.772583" a2="-139.997665" a3="154.190659" a4="8.748951" a5="-14.393232" a6="-8.494658" />
<external_axis />
</planned>
<actual>
<robot_axis a1="25.439436" a2="-139.997711" a3="154.190628" a4="8.748951" a5="-14.393275" a6="-8.494671" />
<external_axis />
</actual>
<ipo_cycle>-249</ipo_cycle>
</value>
<value>
<planned>
<robot_axis a1="26.282770" a2="-139.997665" a3="154.190659" a4="8.748951" a5="-14.393232" a6="-8.494658" />
<external_axis />
</planned>
<actual>
<robot_axis a1="25.949644" a2="-139.997711" a3="154.190598" a4="8.748951" a5="-14.393180" a6="-8.494672" />
<external_axis />
</actual>
<ipo_cycle>-243</ipo_cycle>
</value>
<value>
<planned>
<robot_axis a1="26.792955" a2="-139.997665" a3="154.190659" a4="8.748951" a5="-14.393232" a6="-8.494658" />
<external_axis />
</planned>
<actual>
<robot_axis a1="26.459801" a2="-139.997711" a3="154.190582" a4="8.748956" a5="-14.393110" a6="-8.494672" />
<external_axis />
</actual>
<ipo_cycle>-237</ipo_cycle>
</value>
<value>
<planned>
<robot_axis a1="27.303143" a2="-139.997665" a3="154.190659" a4="8.748951" a5="-14.393232" a6="-8.494658" />
<external_axis />
</planned>
<actual>
<robot_axis a1="26.969961" a2="-139.997711" a3="154.190628" a4="8.748956" a5="-14.393137" a6="-8.494672" />
<external_axis />
</actual>
<ipo_cycle>-231</ipo_cycle>
</value>
<value>
<planned>
<robot_axis a1="27.813330" a2="-139.997665" a3="154.190659" a4="8.748951" a5="-14.393232" a6="-8.494658" />
<external_axis />
</planned>
<actual>
<robot_axis a1="27.480047" a2="-139.997711" a3="154.190674" a4="8.748951" a5="-14.393238" a6="-8.494671" />
<external_axis />
</actual>
<ipo_cycle>-225</ipo_cycle>
</value>
<value>
<planned>
<robot_axis a1="28.323515" a2="-139.997665" a3="154.190659" a4="8.748951" a5="-14.393232" a6="-8.494658" />
<external_axis />
</planned>
<actual>
<robot_axis a1="27.990332" a2="-139.997711" a3="154.190659" a4="8.748951" a5="-14.393307" a6="-8.494671" />
<external_axis />
</actual>
<ipo_cycle>-219</ipo_cycle>
</value>
<value>
<planned>
<robot_axis a1="28.833702" a2="-139.997665" a3="154.190659" a4="8.748951" a5="-14.393232" a6="-8.494658" />
<external_axis />
</planned>
<actual>
<robot_axis a1="28.500484" a2="-139.997711" a3="154.190628" a4="8.748951" a5="-14.393249" a6="-8.494671" />
<external_axis />
</actual>
<ipo_cycle>-213</ipo_cycle>
</value>
<value>
<planned>
<robot_axis a1="29.343889" a2="-139.997665" a3="154.190659" a4="8.748951" a5="-14.393232" a6="-8.494658" />
<external_axis />
</planned>
<actual>
<robot_axis a1="29.010725" a2="-139.997711" a3="154.190582" a4="8.748956" a5="-14.393143" a6="-8.494672" />
<external_axis />
</actual>
<ipo_cycle>-207</ipo_cycle>
</value>
<value>
<planned>
<robot_axis a1="29.854074" a2="-139.997665" a3="154.190659" a4="8.748951" a5="-14.393232" a6="-8.494658" />
<external_axis />
</planned>
<actual>
<robot_axis a1="29.520950" a2="-139.997711" a3="154.190613" a4="8.748951" a5="-14.393106" a6="-8.494672" />
<external_axis />
</actual>
<ipo_cycle>-201</ipo_cycle>
</value>
<value>
<planned>
<robot_axis a1="30.364262" a2="-139.997665" a3="154.190659" a4="8.748951" a5="-14.393232" a6="-8.494658" />
<external_axis />
</planned>
<actual>
<robot_axis a1="30.031008" a2="-139.997711" a3="154.190643" a4="8.748951" a5="-14.393169" a6="-8.494672" />
<external_axis />
</actual>
<ipo_cycle>-195</ipo_cycle>
</value>
<value>
<planned>
<robot_axis a1="30.874449" a2="-139.997665" a3="154.190659" a4="8.748951" a5="-14.393232" a6="-8.494658" />
<external_axis />
</planned>
<actual>
<robot_axis a1="30.541199" a2="-139.997711" a3="154.190674" a4="8.748951" a5="-14.393275" a6="-8.494671" />
<external_axis />
</actual>
<ipo_cycle>-189</ipo_cycle>
</value>
<value>
<planned>
<robot_axis a1="31.384634" a2="-139.997665" a3="154.190659" a4="8.748951" a5="-14.393232" a6="-8.494658" />
<external_axis />
</planned>
<actual>
<robot_axis a1="31.051466" a2="-139.997711" a3="154.190659" a4="8.748951" a5="-14.393291" a6="-8.494671" />
<external_axis />
</actual>
<ipo_cycle>-183</ipo_cycle>
</value>
<value>
<planned>
<robot_axis a1="31.894821" a2="-139.997665" a3="154.190659" a4="8.748951" a5="-14.393232" a6="-8.494658" />
<external_axis />
</planned>
<actual>
<robot_axis a1="31.561716" a2="-139.997711" a3="154.190598" a4="8.748951" a5="-14.393195" a6="-8.494672" />
<external_axis />
</actual>
<ipo_cycle>-177</ipo_cycle>
</value>
<value>
<planned>
<robot_axis a1="32.405006" a2="-139.997665" a3="154.190659" a4="8.748951" a5="-14.393232" a6="-8.494658" />
<external_axis />
</planned>
<actual>
<robot_axis a1="32.071869" a2="-139.997711" a3="154.190598" a4="8.748956" a5="-14.393110" a6="-8.494672" />
<external_axis />
</actual>
<ipo_cycle>-171</ipo_cycle>
</value>
<value>
<planned>
<robot_axis a1="32.915195" a2="-139.997665" a3="154.190659" a4="8.748951" a5="-14.393232" a6="-8.494658" />
<external_axis />
</planned>
<actual>
<robot_axis a1="32.581997" a2="-139.997711" a3="154.190613" a4="8.748951" a5="-14.393137" a6="-8.494672" />
<external_axis />
</actual>
<ipo_cycle>-165</ipo_cycle>
</value>
<value>
<planned>
<robot_axis a1="33.425381" a2="-139.997665" a3="154.190659" a4="8.748951" a5="-14.393232" a6="-8.494658" />
<external_axis />
</planned>
<actual>
<robot_axis a1="33.092117" a2="-139.997711" a3="154.190674" a4="8.748951" a5="-14.393217" a6="-8.494671" />
<external_axis />
</actual>
<ipo_cycle>-159</ipo_cycle>
</value>
<value>
<planned>
<robot_axis a1="33.935566" a2="-139.997665" a3="154.190659" a4="8.748951" a5="-14.393232" a6="-8.494658" />
<external_axis />
</planned>
<actual>
<robot_axis a1="33.602280" a2="-139.997711" a3="154.190674" a4="8.748956" a5="-14.393291" a6="-8.494671" />
<external_axis />
</actual>
<ipo_cycle>-153</ipo_cycle>
</value>
<value>
<planned>
<robot_axis a1="34.445755" a2="-139.997665" a3="154.190659" a4="8.748951" a5="-14.393232" a6="-8.494658" />
<external_axis />
</planned>
<actual>
<robot_axis a1="34.112556" a2="-139.997711" a3="154.190628" a4="8.748951" a5="-14.393265" a6="-8.494671" />
<external_axis />
</actual>
<ipo_cycle>-147</ipo_cycle>
</value>
<value>
<planned>
<robot_axis a1="34.955940" a2="-139.997665" a3="154.190659" a4="8.748951" a5="-14.393232" a6="-8.494658" />
<external_axis />
</planned>
<actual>
<robot_axis a1="34.622875" a2="-139.997711" a3="154.190598" a4="8.748956" a5="-14.393153" a6="-8.494672" />
<external_axis />
</actual>
<ipo_cycle>-141</ipo_cycle>
</value>
<value>
<planned>
<robot_axis a1="35.466125" a2="-139.997665" a3="154.190659" a4="8.748951" a5="-14.393232" a6="-8.494658" />
<external_axis />
</planned>
<actual>
<robot_axis a1="35.133011" a2="-139.997711" a3="154.190598" a4="8.748951" a5="-14.393106" a6="-8.494672" />
<external_axis />
</actual>
<ipo_cycle>-135</ipo_cycle>
</value>
<value>
<planned>
<robot_axis a1="35.976315" a2="-139.997665" a3="154.190659" a4="8.748951" a5="-14.393232" a6="-8.494658" />
<external_axis />
</planned>
<actual>
<robot_axis a1="35.643097" a2="-139.997711" a3="154.190643" a4="8.748956" a5="-14.393164" a6="-8.494672" />
<external_axis />
</actual>
<ipo_cycle>-129</ipo_cycle>
</value>
<value>
<planned>
<robot_axis a1="36.486500" a2="-139.997665" a3="154.190659" a4="8.748951" a5="-14.393232" a6="-8.494658" />
<external_axis />
</planned>
<actual>
<robot_axis a1="36.153267" a2="-139.997711" a3="154.190674" a4="8.748951" a5="-14.393270" a6="-8.494671" />
<external_axis />
</actual>
<ipo_cycle>-123</ipo_cycle>
</value>
<value>
<planned>
<robot_axis a1="36.996685" a2="-139.997665" a3="154.190659" a4="8.748951" a5="-14.393232" a6="-8.494658" />
<external_axis />
</planned>
<actual>
<robot_axis a1="36.663460" a2="-139.997711" a3="154.190659" a4="8.748956" a5="-14.393291" a6="-8.494671" />
<external_axis />
</actual>
<ipo_cycle>-117</ipo_cycle>
</value>
<value>
<planned>
<robot_axis a1="37.506874" a2="-139.997665" a3="154.190659" a4="8.748951" a5="-14.393232" a6="-8.494658" />
<external_axis />
</planned>
<actual>
<robot_axis a1="37.173733" a2="-139.997711" a3="154.190613" a4="8.748951" a5="-14.393217" a6="-8.494671" />
<external_axis />
</actual>
<ipo_cycle>-111</ipo_cycle>
</value>
<value>
<planned>
<robot_axis a1="38.017059" a2="-139.997665" a3="154.190659" a4="8.748951" a5="-14.393232" a6="-8.494658" />
<external_axis />
</planned>
<actual>
<robot_axis a1="37.683964" a2="-139.997711" a3="154.190598" a4="8.748956" a5="-14.393110" a6="-8.494672" />
<external_axis />
</actual>
<ipo_cycle>-105</ipo_cycle>
</value>
<value>
<planned>
<robot_axis a1="38.527245" a2="-139.997665" a3="154.190659" a4="8.748951" a5="-14.393232" a6="-8.494658" />
<external_axis />
</planned>
<actual>
<robot_axis a1="38.194160" a2="-139.997711" a3="154.190613" a4="8.748945" a5="-14.393126" a6="-8.494672" />
<external_axis />
</actual>
<ipo_cycle>-99</ipo_cycle>
</value>
<value>
<planned>
<robot_axis a1="39.037434" a2="-139.997665" a3="154.190659" a4="8.748951" a5="-14.393232" a6="-8.494658" />
<external_axis />
</planned>
<actual>
<robot_axis a1="38.704208" a2="-139.997711" a3="154.190659" a4="8.748951" a5="-14.393217" a6="-8.494671" />
<external_axis />
</actual>
<ipo_cycle>-93</ipo_cycle>
</value>
<value>
<planned>
<robot_axis a1="39.547619" a2="-139.997665" a3="154.190659" a4="8.748951" a5="-14.393232" a6="-8.494658" />
<external_axis />
</planned>
<actual>
<robot_axis a1="39.214417" a2="-139.997711" a3="154.190674" a4="8.748951" a5="-14.393291" a6="-8.494671" />
<external_axis />
</actual>
<ipo_cycle>-87</ipo_cycle>
</value>
<value>
<planned>
<robot_axis a1="40.057804" a2="-139.997665" a3="154.190659" a4="8.748951" a5="-14.393232" a6="-8.494658" />
<external_axis />
</planned>
<actual>
<robot_axis a1="39.724541" a2="-139.997711" a3="154.190643" a4="8.748945" a5="-14.393270" a6="-8.494671" />
<external_axis />
</actual>
<ipo_cycle>-81</ipo_cycle>
</value>
<value>
<planned>
<robot_axis a1="40.567993" a2="-139.997665" a3="154.190659" a4="8.748951" a5="-14.393232" a6="-8.494658" />
<external_axis />
</planned>
<actual>
<robot_axis a1="40.234886" a2="-139.997711" a3="154.190598" a4="8.748951" a5="-14.393164" a6="-8.494672" />
<external_axis />
</actual>
<ipo_cycle>-75</ipo_cycle>
</value>
<value>
<planned>
<robot_axis a1="41.078178" a2="-139.997665" a3="154.190659" a4="8.748951" a5="-14.393232" a6="-8.494658" />
<external_axis />
</planned>
<actual>
<robot_axis a1="40.745064" a2="-139.997711" a3="154.190598" a4="8.748951" a5="-14.393110" a6="-8.494672" />
<external_axis />
</actual>
<ipo_cycle>-69</ipo_cycle>
</value>
<value>
<planned>
<robot_axis a1="41.588364" a2="-139.997665" a3="154.190659" a4="8.748951" a5="-14.393232" a6="-8.494658" />
<external_axis />
</planned>
<actual>
<robot_axis a1="41.255180" a2="-139.997711" a3="154.190643" a4="8.748956" a5="-14.393158" a6="-8.494672" />
<external_axis />
</actual>
<ipo_cycle>-63</ipo_cycle>
</value>
<value>
<planned>
<robot_axis a1="42.098553" a2="-139.997665" a3="154.190659" a4="8.748951" a5="-14.393232" a6="-8.494658" />
<external_axis />
</planned>
<actual>
<robot_axis a1="41.765308" a2="-139.997711" a3="154.190674" a4="8.748945" a5="-14.393259" a6="-8.494671" />
<external_axis />
</actual>
<ipo_cycle>-57</ipo_cycle>
</value>
<value>
<planned>
<robot_axis a1="42.608738" a2="-139.997665" a3="154.190659" a4="8.748951" a5="-14.393232" a6="-8.494658" />
<external_axis />
</planned>
<actual>
<robot_axis a1="42.275513" a2="-139.997711" a3="154.190674" a4="8.748956" a5="-14.393296" a6="-8.494671" />
<external_axis />
</actual>
<ipo_cycle>-51</ipo_cycle>
</value>
<value>
<planned>
<robot_axis a1="43.118923" a2="-139.997665" a3="154.190659" a4="8.748951" a5="-14.393232" a6="-8.494658" />
<external_axis />
</planned>
<actual>
<robot_axis a1="42.785782" a2="-139.997711" a3="154.190613" a4="8.748951" a5="-14.393232" a6="-8.494671" />
<external_axis />
</actual>
<ipo_cycle>-45</ipo_cycle>
</value>
<value>
<planned>
<robot_axis a1="43.629112" a2="-139.997665" a3="154.190659" a4="8.748951" a5="-14.393232" a6="-8.494658" />
<external_axis />
</planned>
<actual>
<robot_axis a1="43.295967" a2="-139.997711" a3="154.190598" a4="8.748945" a5="-14.393121" a6="-8.494672" />
<external_axis />
</actual>
<ipo_cycle>-39</ipo_cycle>
</value>
<value>
<planned>
<robot_axis a1="44.139297" a2="-139.997665" a3="154.190659" a4="8.748951" a5="-14.393232" a6="-8.494658" />
<external_axis />
</planned>
<actual>
<robot_axis a1="43.806232" a2="-139.997711" a3="154.190613" a4="8.748956" a5="-14.393121" a6="-8.494672" />
<external_axis />
</actual>
<ipo_cycle>-33</ipo_cycle>
</value>
<value>
<planned>
<robot_axis a1="44.649483" a2="-139.997665" a3="154.190659" a4="8.748951" a5="-14.393232" a6="-8.494658" />
<external_axis />
</planned>
<actual>
<robot_axis a1="44.316250" a2="-139.997711" a3="154.190659" a4="8.748951" a5="-14.393190" a6="-8.494672" />
<external_axis />
</actual>
<ipo_cycle>-27</ipo_cycle>
</value>
<value>
<planned>
<robot_axis a1="45.159672" a2="-139.997665" a3="154.190659" a4="8.748951" a5="-14.393232" a6="-8.494658" />
<external_axis />
</planned>
<actual>
<robot_axis a1="44.826435" a2="-139.997711" a3="154.190674" a4="8.748951" a5="-14.393286" a6="-8.494671" />
<external_axis />
</actual>
<ipo_cycle>-21</ipo_cycle>
</value>
<value>
<planned>
<robot_axis a1="45.669857" a2="-139.997665" a3="154.190659" a4="8.748951" a5="-14.393232" a6="-8.494658" />
<external_axis />
</planned>
<actual>
<robot_axis a1="45.336624" a2="-139.997711" a3="154.190659" a4="8.748951" a5="-14.393270" a6="-8.494671" />
<external_axis />
</actual>
<ipo_cycle>-15</ipo_cycle>
</value>
<value>
<planned>
<robot_axis a1="46.180042" a2="-139.997665" a3="154.190659" a4="8.748951" a5="-14.393232" a6="-8.494658" />
<external_axis />
</planned>
<actual>
<robot_axis a1="45.846889" a2="-139.997711" a3="154.190598" a4="8.748951" a5="-14.393169" a6="-8.494672" />
<external_axis />
</actual>
<ipo_cycle>-9</ipo_cycle>
</value>
<value>
<planned>
<robot_axis a1="46.690231" a2="-139.997665" a3="154.190659" a4="8.748951" a5="-14.393232" a6="-8.494658" />
<external_axis />
</planned>
<actual>
<robot_axis a1="46.357098" a2="-139.997711" a3="154.190598" a4="8.748951" a5="-14.393100" a6="-8.494672" />
<external_axis />
</actual>
<ipo_cycle>-3</ipo_cycle>
</value>
<value>
<planned>
<robot_axis a1="46.860294" a2="-139.997665" a3="154.190659" a4="8.748951" a5="-14.393232" a6="-8.494658" />
<external_axis />
</planned>
<actual>
<robot_axis a1="46.870174" a2="-139.997711" a3="154.190643" a4="8.748951" a5="-14.393143" a6="-8.494672" />
<external_axis />
</actual>
<ipo_cycle>4</ipo_cycle>
</value>
</poslog>
