<?xml-stylesheet href="poslog.xsl" type="text/xsl"?>
<poslog serialno="1074578" trafo="#KR250R2700_2 C4 FLR" date="JAN 28 2022" time="11:53:15" tick="272675567" timestamp="272627941" trigger="ENABLING SWITCH">
<syn_motion>
<program>PROGRAM02</program>
<line>32</line>
<name>XHOME2</name>
<base>
<pos x="1486.225952" y="-367.585999" z="-90.000000" a="-45.000000" b="0.000000" c="0.000000" /></base>
<tool>
<pos x="301.660004" y="0.000000" z="93.000000" a="0.000000" b="-90.000000" c="0.000000" /></tool>
<ipo_mode>base</ipo_mode>
<load>
<mass>20.000000</mass>
</load>
<bco_motion>TRUE</bco_motion>
<interrupt>FALSE</interrupt>
<motion_mode>STANDARD</motion_mode>
<ipo_cycle>-5894</ipo_cycle>
</syn_motion>
<syn_motion>
<program>PROGRAM02</program>
<line>32</line>
<name>XHOME2</name>
<base>
<pos x="1486.225952" y="-367.585999" z="-90.000000" a="-45.000000" b="0.000000" c="0.000000" /></base>
<tool>
<pos x="301.660004" y="0.000000" z="93.000000" a="0.000000" b="-90.000000" c="0.000000" /></tool>
<ipo_mode>base</ipo_mode>
<load>
<mass>0.000000</mass>
</load>
<bco_motion>TRUE</bco_motion>
<interrupt>FALSE</interrupt>
<motion_mode>STANDARD</motion_mode>
<ipo_cycle>-5562</ipo_cycle>
</syn_motion>
<value>
<planned>
<robot_axis a1="46.166019" a2="-115.462463" a3="153.750916" a4="16.427008" a5="-28.545248" a6="-16.460644" />
<external_axis />
</planned>
<actual>
<robot_axis a1="46.045418" a2="-115.186066" a3="153.639664" a4="17.338364" a5="-27.946108" a6="-17.443689" />
<external_axis />
</actual>
<ipo_cycle>-5053</ipo_cycle>
</value>
<value>
<planned>
<robot_axis a1="46.259121" a2="-115.674164" a3="153.836777" a4="15.733125" a5="-29.001566" a6="-15.711654" />
<external_axis />
</planned>
<actual>
<robot_axis a1="46.138615" a2="-115.397705" a3="153.725601" a4="16.643867" a5="-28.402597" a6="-16.694885" />
<external_axis />
</actual>
<ipo_cycle>-5050</ipo_cycle>
</value>
<value>
<planned>
<robot_axis a1="46.352222" a2="-115.885864" a3="153.922653" a4="15.039241" a5="-29.457886" a6="-14.962664" />
<external_axis />
</planned>
<actual>
<robot_axis a1="46.231533" a2="-115.609230" a3="153.811386" a4="15.949823" a5="-28.858593" a6="-15.945827" />
<external_axis />
</actual>
<ipo_cycle>-5047</ipo_cycle>
</value>
<value>
<planned>
<robot_axis a1="46.445328" a2="-116.097565" a3="154.008514" a4="14.345356" a5="-29.914204" a6="-14.213674" />
<external_axis />
</planned>
<actual>
<robot_axis a1="46.324741" a2="-115.820839" a3="153.897400" a4="15.255669" a5="-29.314993" a6="-15.196958" />
<external_axis />
</actual>
<ipo_cycle>-5044</ipo_cycle>
</value>
<value>
<planned>
<robot_axis a1="46.538429" a2="-116.309265" a3="154.094376" a4="13.651472" a5="-30.370523" a6="-13.464684" />
<external_axis />
</planned>
<actual>
<robot_axis a1="46.417774" a2="-116.032295" a3="153.983185" a4="14.561707" a5="-29.771378" a6="-14.447983" />
<external_axis />
</actual>
<ipo_cycle>-5041</ipo_cycle>
</value>
<value>
<planned>
<robot_axis a1="46.631531" a2="-116.520958" a3="154.180252" a4="12.957588" a5="-30.826841" a6="-12.715693" />
<external_axis />
</planned>
<actual>
<robot_axis a1="46.510830" a2="-116.244072" a3="154.068909" a4="13.869005" a5="-30.227501" a6="-13.699045" />
<external_axis />
</actual>
<ipo_cycle>-5038</ipo_cycle>
</value>
<value>
<planned>
<robot_axis a1="46.724632" a2="-116.732658" a3="154.266113" a4="12.263704" a5="-31.283161" a6="-11.966703" />
<external_axis />
</planned>
<actual>
<robot_axis a1="46.604122" a2="-116.455727" a3="154.154755" a4="13.174629" a5="-30.684040" a6="-12.950007" />
<external_axis />
</actual>
<ipo_cycle>-5035</ipo_cycle>
</value>
<value>
<planned>
<robot_axis a1="46.817730" a2="-116.944351" a3="154.351974" a4="11.569858" a5="-31.739456" a6="-11.217753" />
<external_axis />
</planned>
<actual>
<robot_axis a1="46.697140" a2="-116.667526" a3="154.240814" a4="12.482281" a5="-31.140575" a6="-12.201009" />
<external_axis />
</actual>
<ipo_cycle>-5032</ipo_cycle>
</value>
<value>
<planned>
<robot_axis a1="46.910412" a2="-117.155090" a3="154.437454" a4="10.879115" a5="-32.193707" a6="-10.472156" />
<external_axis />
</planned>
<actual>
<robot_axis a1="46.790138" a2="-116.879288" a3="154.326416" a4="11.788446" a5="-31.596718" a6="-11.452264" />
<external_axis />
</actual>
<ipo_cycle>-5029</ipo_cycle>
</value>
<value>
<planned>
<robot_axis a1="47.001629" a2="-117.362503" a3="154.521591" a4="10.199286" a5="-32.640785" a6="-9.738337" />
<external_axis />
</planned>
<actual>
<robot_axis a1="46.883011" a2="-117.090248" a3="154.412170" a4="11.094623" a5="-32.052052" a6="-10.704278" />
<external_axis />
</actual>
<ipo_cycle>-5026</ipo_cycle>
</value>
<value>
<planned>
<robot_axis a1="47.090282" a2="-117.564087" a3="154.603348" a4="9.538562" a5="-33.075294" a6="-9.025139" />
<external_axis />
</planned>
<actual>
<robot_axis a1="46.974586" a2="-117.298569" a3="154.497116" a4="10.407560" a5="-32.502132" a6="-9.965192" />
<external_axis />
</actual>
<ipo_cycle>-5023</ipo_cycle>
</value>
<value>
<planned>
<robot_axis a1="47.175274" a2="-117.757339" a3="154.681732" a4="8.905129" a5="-33.491859" a6="-8.341402" />
<external_axis />
</planned>
<actual>
<robot_axis a1="47.063923" a2="-117.501747" a3="154.579391" a4="9.739040" a5="-32.941017" a6="-9.244311" />
<external_axis />
</actual>
<ipo_cycle>-5020</ipo_cycle>
</value>
<value>
<planned>
<robot_axis a1="47.255505" a2="-117.939774" a3="154.755737" a4="8.307180" a5="-33.885090" a6="-7.695966" />
<external_axis />
</planned>
<actual>
<robot_axis a1="47.150074" a2="-117.697342" a3="154.659256" a4="9.095774" a5="-33.363983" a6="-8.549958" />
<external_axis />
</actual>
<ipo_cycle>-5017</ipo_cycle>
</value>
<value>
<planned>
<robot_axis a1="47.329926" a2="-118.108994" a3="154.824371" a4="7.752526" a5="-34.249847" a6="-7.097263" />
<external_axis />
</planned>
<actual>
<robot_axis a1="47.231575" a2="-117.883095" a3="154.734650" a4="8.486400" a5="-33.765022" a6="-7.891242" />
<external_axis />
</actual>
<ipo_cycle>-5014</ipo_cycle>
</value>
<value>
<planned>
<robot_axis a1="47.398125" a2="-118.264069" a3="154.887268" a4="7.244243" a5="-34.584110" a6="-6.548613" />
<external_axis />
</planned>
<actual>
<robot_axis a1="47.307919" a2="-118.056465" a3="154.804932" a4="7.917232" a5="-34.139408" a6="-7.277006" />
<external_axis />
</actual>
<ipo_cycle>-5011</ipo_cycle>
</value>
<value>
<planned>
<robot_axis a1="47.460098" a2="-118.404984" a3="154.944427" a4="6.782367" a5="-34.887852" a6="-6.050057" />
<external_axis />
</planned>
<actual>
<robot_axis a1="47.377815" a2="-118.215988" a3="154.869492" a4="7.393661" a5="-34.483086" a6="-6.712264" />
<external_axis />
</actual>
<ipo_cycle>-5008</ipo_cycle>
</value>
<value>
<planned>
<robot_axis a1="47.515842" a2="-118.531738" a3="154.995850" a4="6.366901" a5="-35.161076" a6="-5.601596" />
<external_axis />
</planned>
<actual>
<robot_axis a1="47.441708" a2="-118.361465" a3="154.928055" a4="6.918073" a5="-34.796417" a6="-6.198469" />
<external_axis />
</actual>
<ipo_cycle>-5005</ipo_cycle>
</value>
<value>
<planned>
<robot_axis a1="47.580482" a2="-118.678719" a3="155.055466" a4="5.885137" a5="-35.477898" a6="-5.081572" />
<external_axis />
</planned>
<actual>
<robot_axis a1="47.517082" a2="-118.533470" a3="154.997681" a4="6.355290" a5="-35.166656" a6="-5.590914" />
<external_axis />
</actual>
<ipo_cycle>-5001</ipo_cycle>
</value>
<value>
<planned>
<robot_axis a1="47.634056" a2="-118.800529" a3="155.104874" a4="5.485878" a5="-35.740463" a6="-4.650605" />
<external_axis />
</planned>
<actual>
<robot_axis a1="47.581451" a2="-118.679878" a3="155.057068" a4="5.873653" a5="-35.482639" a6="-5.071833" />
<external_axis />
</actual>
<ipo_cycle>-4997</ipo_cycle>
</value>
<value>
<planned>
<robot_axis a1="47.685452" a2="-118.917397" a3="155.152267" a4="5.102825" a5="-35.992371" a6="-4.237131" />
<external_axis />
</planned>
<actual>
<robot_axis a1="47.646225" a2="-118.827629" a3="155.116241" a4="5.390884" a5="-35.801357" a6="-4.548535" />
<external_axis />
</actual>
<ipo_cycle>-4992</ipo_cycle>
</value>
<value>
<planned>
<robot_axis a1="47.732185" a2="-119.023659" a3="155.195374" a4="4.754535" a5="-36.221416" a6="-3.861181" />
<external_axis />
</planned>
<actual>
<robot_axis a1="47.713718" a2="-118.981331" a3="155.178207" a4="4.886276" a5="-36.134846" a6="-4.001227" />
<external_axis />
</actual>
<ipo_cycle>-4984</ipo_cycle>
</value>
<move>
<key_image k4="+1" />
<mouse_override m1="0.000000" m2="0.000000" m3="0.000000" m4="0.000000" m5="0.000000" m6="0.000000" />
<mode>BASE</mode>
<base>
<pos x="1486.225952" y="-367.585999" z="-90.000000" a="-45.000000" b="0.000000" c="0.000000" /></base>
<tool>
<pos x="301.660004" y="0.000000" z="93.000000" a="0.000000" b="-90.000000" c="0.000000" /></tool>
<ipo_mode>base</ipo_mode>
<motion_mode>STANDARD</motion_mode>
<ipo_cycle>-3010</ipo_cycle>
</move>
<value>
<planned>
<robot_axis a1="47.857986" a2="-119.049385" a3="155.205353" a4="5.299449" a5="-36.322784" a6="-4.271101" />
<external_axis />
</planned>
<actual>
<robot_axis a1="47.823116" a2="-119.055786" a3="155.208237" a4="5.075861" a5="-36.312164" a6="-4.101547" />
<external_axis />
</actual>
<ipo_cycle>-2988</ipo_cycle>
</value>
<value>
<planned>
<robot_axis a1="47.949337" a2="-119.042946" a3="155.202332" a4="5.833591" a5="-36.351063" a6="-4.701458" />
<external_axis />
</planned>
<actual>
<robot_axis a1="47.914330" a2="-119.049599" a3="155.208054" a4="5.624055" a5="-36.338699" a6="-4.532806" />
<external_axis />
</actual>
<ipo_cycle>-2978</ipo_cycle>
</value>
<value>
<planned>
<robot_axis a1="48.040649" a2="-119.035896" a3="155.199020" a4="6.366871" a5="-36.382042" a6="-5.130917" />
<external_axis />
</planned>
<actual>
<robot_axis a1="48.005695" a2="-119.041695" a3="155.207184" a4="6.158122" a5="-36.368862" a6="-4.962313" />
<external_axis />
</actual>
<ipo_cycle>-2968</ipo_cycle>
</value>
<value>
<planned>
<robot_axis a1="48.131916" a2="-119.028221" a3="155.195419" a4="6.899214" a5="-36.415703" a6="-5.559401" />
<external_axis />
</planned>
<actual>
<robot_axis a1="48.097054" a2="-119.033691" a3="155.203735" a4="6.689591" a5="-36.401989" a6="-5.391083" />
<external_axis />
</actual>
<ipo_cycle>-2958</ipo_cycle>
</value>
<value>
<planned>
<robot_axis a1="48.223141" a2="-119.019928" a3="155.191513" a4="7.430546" a5="-36.452045" a6="-5.986831" />
<external_axis />
</planned>
<actual>
<robot_axis a1="48.188190" a2="-119.023567" a3="155.199677" a4="7.219426" a5="-36.437260" a6="-5.818907" />
<external_axis />
</actual>
<ipo_cycle>-2948</ipo_cycle>
</value>
<value>
<planned>
<robot_axis a1="48.314312" a2="-119.011017" a3="155.187332" a4="7.960792" a5="-36.491051" a6="-6.413130" />
<external_axis />
</planned>
<actual>
<robot_axis a1="48.279419" a2="-119.015724" a3="155.194031" a4="7.750719" a5="-36.474819" a6="-6.245717" />
<external_axis />
</actual>
<ipo_cycle>-2938</ipo_cycle>
</value>
<value>
<planned>
<robot_axis a1="48.405430" a2="-119.001495" a3="155.182846" a4="8.489881" a5="-36.532711" a6="-6.838223" />
<external_axis />
</planned>
<actual>
<robot_axis a1="48.370369" a2="-119.005669" a3="155.186325" a4="8.279040" a5="-36.515518" a6="-6.671292" />
<external_axis />
</actual>
<ipo_cycle>-2928</ipo_cycle>
</value>
<value>
<planned>
<robot_axis a1="48.496490" a2="-118.991348" a3="155.178085" a4="9.017738" a5="-36.577015" a6="-7.262033" />
<external_axis />
</planned>
<actual>
<robot_axis a1="48.461567" a2="-118.995186" a3="155.181686" a4="8.809670" a5="-36.559158" a6="-7.095246" />
<external_axis />
</actual>
<ipo_cycle>-2918</ipo_cycle>
</value>
<value>
<planned>
<robot_axis a1="48.587490" a2="-118.980591" a3="155.173019" a4="9.544296" a5="-36.623947" a6="-7.684489" />
<external_axis />
</planned>
<actual>
<robot_axis a1="48.552483" a2="-118.985336" a3="155.177673" a4="9.336838" a5="-36.605328" a6="-7.518026" />
<external_axis />
</actual>
<ipo_cycle>-2908</ipo_cycle>
</value>
<value>
<planned>
<robot_axis a1="48.678429" a2="-118.969215" a3="155.167664" a4="10.069486" a5="-36.673500" a6="-8.105517" />
<external_axis />
</planned>
<actual>
<robot_axis a1="48.643120" a2="-118.973320" a3="155.172195" a4="9.865198" a5="-36.653786" a6="-7.939538" />
<external_axis />
</actual>
<ipo_cycle>-2898</ipo_cycle>
</value>
<value>
<planned>
<robot_axis a1="48.769295" a2="-118.957230" a3="155.162018" a4="10.593237" a5="-36.725655" a6="-8.525047" />
<external_axis />
</planned>
<actual>
<robot_axis a1="48.734116" a2="-118.962608" a3="155.163895" a4="10.390741" a5="-36.704803" a6="-8.359833" />
<external_axis />
</actual>
<ipo_cycle>-2888</ipo_cycle>
</value>
<value>
<planned>
<robot_axis a1="48.860092" a2="-118.944626" a3="155.156082" a4="11.115484" a5="-36.780396" a6="-8.943009" />
<external_axis />
</planned>
<actual>
<robot_axis a1="48.825138" a2="-118.949516" a3="155.157333" a4="10.912506" a5="-36.758945" a6="-8.778288" />
<external_axis />
</actual>
<ipo_cycle>-2878</ipo_cycle>
</value>
<value>
<planned>
<robot_axis a1="48.950813" a2="-118.931412" a3="155.149857" a4="11.636164" a5="-36.837708" a6="-9.359334" />
<external_axis />
</planned>
<actual>
<robot_axis a1="48.916012" a2="-118.936310" a3="155.152939" a4="11.428035" a5="-36.814705" a6="-9.195333" />
<external_axis />
</actual>
<ipo_cycle>-2868</ipo_cycle>
</value>
<value>
<planned>
<robot_axis a1="49.041454" a2="-118.917595" a3="155.143341" a4="12.155210" a5="-36.897579" a6="-9.773956" />
<external_axis />
</planned>
<actual>
<robot_axis a1="49.006702" a2="-118.923813" a3="155.146439" a4="11.948231" a5="-36.873188" a6="-9.610772" />
<external_axis />
</actual>
<ipo_cycle>-2858</ipo_cycle>
</value>
<value>
<planned>
<robot_axis a1="49.132015" a2="-118.903160" a3="155.136536" a4="12.672562" a5="-36.959991" a6="-10.186809" />
<external_axis />
</planned>
<actual>
<robot_axis a1="49.097324" a2="-118.908264" a3="155.136459" a4="12.467367" a5="-36.935139" a6="-10.024226" />
<external_axis />
</actual>
<ipo_cycle>-2848</ipo_cycle>
</value>
<value>
<planned>
<robot_axis a1="49.222492" a2="-118.888115" a3="155.129440" a4="13.188158" a5="-37.024921" a6="-10.597829" />
<external_axis />
</planned>
<actual>
<robot_axis a1="49.187771" a2="-118.894150" a3="155.132217" a4="12.983863" a5="-36.999058" a6="-10.435729" />
<external_axis />
</actual>
<ipo_cycle>-2838</ipo_cycle>
</value>
<value>
<planned>
<robot_axis a1="49.312878" a2="-118.872467" a3="155.122055" a4="13.701941" a5="-37.092361" a6="-11.006955" />
<external_axis />
</planned>
<actual>
<robot_axis a1="49.278172" a2="-118.878891" a3="155.126328" a4="13.502186" a5="-37.065300" a6="-10.845658" />
<external_axis />
</actual>
<ipo_cycle>-2828</ipo_cycle>
</value>
<value>
<planned>
<robot_axis a1="49.403172" a2="-118.856209" a3="155.114380" a4="14.213850" a5="-37.162289" a6="-11.414125" />
<external_axis />
</planned>
<actual>
<robot_axis a1="49.368336" a2="-118.861984" a3="155.117783" a4="14.012865" a5="-37.134293" a6="-11.253447" />
<external_axis />
</actual>
<ipo_cycle>-2818</ipo_cycle>
</value>
<value>
<planned>
<robot_axis a1="49.493370" a2="-118.839348" a3="155.106415" a4="14.723832" a5="-37.234680" a6="-11.819281" />
<external_axis />
</planned>
<actual>
<robot_axis a1="49.458496" a2="-118.845810" a3="155.108215" a4="14.525682" a5="-37.205936" a6="-11.660409" />
<external_axis />
</actual>
<ipo_cycle>-2808</ipo_cycle>
</value>
<value>
<planned>
<robot_axis a1="49.583466" a2="-118.821884" a3="155.098160" a4="15.231833" a5="-37.309521" a6="-12.222365" />
<external_axis />
</planned>
<actual>
<robot_axis a1="49.548672" a2="-118.829269" a3="155.102493" a4="15.033788" a5="-37.279980" a6="-12.064644" />
<external_axis />
</actual>
<ipo_cycle>-2798</ipo_cycle>
</value>
<value>
<planned>
<robot_axis a1="49.673462" a2="-118.803818" a3="155.089615" a4="15.737798" a5="-37.386791" a6="-12.623322" />
<external_axis />
</planned>
<actual>
<robot_axis a1="49.639000" a2="-118.811699" a3="155.092529" a4="15.539535" a5="-37.355648" a6="-12.465984" />
<external_axis />
</actual>
<ipo_cycle>-2788</ipo_cycle>
</value>
<value>
<planned>
<robot_axis a1="49.763351" a2="-118.785149" a3="155.080780" a4="16.241676" a5="-37.466469" a6="-13.022099" />
<external_axis />
</planned>
<actual>
<robot_axis a1="49.729107" a2="-118.792595" a3="155.084076" a4="16.042486" a5="-37.434944" a6="-12.865880" />
<external_axis />
</actual>
<ipo_cycle>-2778</ipo_cycle>
</value>
<value>
<planned>
<robot_axis a1="49.853130" a2="-118.765877" a3="155.071655" a4="16.743422" a5="-37.548534" a6="-13.418641" />
<external_axis />
</planned>
<actual>
<robot_axis a1="49.818871" a2="-118.772919" a3="155.076706" a4="16.545504" a5="-37.515671" a6="-13.262344" />
<external_axis />
</actual>
<ipo_cycle>-2768</ipo_cycle>
</value>
<value>
<planned>
<robot_axis a1="49.951756" a2="-118.743988" a3="155.061295" a4="17.292820" a5="-37.641541" a6="-13.852199" />
<external_axis />
</planned>
<actual>
<robot_axis a1="49.917313" a2="-118.751099" a3="155.062378" a4="17.094965" a5="-37.607620" a6="-13.696844" />
<external_axis />
</actual>
<ipo_cycle>-2757</ipo_cycle>
</value>
<value>
<planned>
<robot_axis a1="50.050240" a2="-118.721382" a3="155.050568" a4="17.839518" a5="-37.737377" a6="-14.282928" />
<external_axis />
</planned>
<actual>
<robot_axis a1="50.015682" a2="-118.729027" a3="155.054871" a4="17.641989" a5="-37.702766" a6="-14.128792" />
<external_axis />
</actual>
<ipo_cycle>-2746</ipo_cycle>
</value>
<value>
<planned>
<robot_axis a1="50.148579" a2="-118.698059" a3="155.039505" a4="18.383455" a5="-37.836021" a6="-14.710768" />
<external_axis />
</planned>
<actual>
<robot_axis a1="50.113987" a2="-118.705872" a3="155.042679" a4="18.189161" a5="-37.800510" a6="-14.557446" />
<external_axis />
</actual>
<ipo_cycle>-2735</ipo_cycle>
</value>
<move>
<key_image k4="-1" />
<mouse_override m1="0.000000" m2="0.000000" m3="0.000000" m4="0.000000" m5="0.000000" m6="0.000000" />
<mode>BASE</mode>
<base>
<pos x="1486.225952" y="-367.585999" z="-90.000000" a="-45.000000" b="0.000000" c="0.000000" /></base>
<tool>
<pos x="301.660004" y="0.000000" z="93.000000" a="0.000000" b="-90.000000" c="0.000000" /></tool>
<ipo_mode>base</ipo_mode>
<motion_mode>STANDARD</motion_mode>
<ipo_cycle>-2695</ipo_cycle>
</move>
<value>
<planned>
<robot_axis a1="50.052200" a2="-118.720924" a3="155.050354" a4="17.850397" a5="-37.739319" a6="-14.291492" />
<external_axis />
</planned>
<actual>
<robot_axis a1="50.087818" a2="-118.706909" a3="155.038849" a4="18.049543" a5="-37.777988" a6="-14.444571" />
<external_axis />
</actual>
<ipo_cycle>-2673</ipo_cycle>
</value>
<value>
<planned>
<robot_axis a1="49.953720" a2="-118.743546" a3="155.061081" a4="17.303753" a5="-37.643421" a6="-13.860820" />
<external_axis />
</planned>
<actual>
<robot_axis a1="49.988510" a2="-118.730843" a3="155.048309" a4="17.499619" a5="-37.678505" a6="-14.015019" />
<external_axis />
</actual>
<ipo_cycle>-2662</ipo_cycle>
</value>
<value>
<planned>
<robot_axis a1="49.855099" a2="-118.765450" a3="155.071457" a4="16.754410" a5="-37.550362" a6="-13.427319" />
<external_axis />
</planned>
<actual>
<robot_axis a1="49.889595" a2="-118.755013" a3="155.062439" a4="16.949076" a5="-37.583771" a6="-13.582127" />
<external_axis />
</actual>
<ipo_cycle>-2651</ipo_cycle>
</value>
<value>
<planned>
<robot_axis a1="49.765324" a2="-118.784729" a3="155.080582" a4="16.252710" a5="-37.468243" a6="-13.030825" />
<external_axis />
</planned>
<actual>
<robot_axis a1="49.799911" a2="-118.776016" a3="155.075760" a4="16.448494" a5="-37.500088" a6="-13.186846" />
<external_axis />
</actual>
<ipo_cycle>-2641</ipo_cycle>
</value>
<value>
<planned>
<robot_axis a1="49.675434" a2="-118.803413" a3="155.089417" a4="15.748878" a5="-37.388512" a6="-12.632097" />
<external_axis />
</planned>
<actual>
<robot_axis a1="49.710384" a2="-118.796013" a3="155.084396" a4="15.946260" a5="-37.420021" a6="-12.789334" />
<external_axis />
</actual>
<ipo_cycle>-2631</ipo_cycle>
</value>
<value>
<planned>
<robot_axis a1="49.585442" a2="-118.821495" a3="155.097977" a4="15.242957" a5="-37.311188" a6="-12.231188" />
<external_axis />
</planned>
<actual>
<robot_axis a1="49.620426" a2="-118.814339" a3="155.092560" a4="15.440077" a5="-37.340893" a6="-12.389424" />
<external_axis />
</actual>
<ipo_cycle>-2621</ipo_cycle>
</value>
<value>
<planned>
<robot_axis a1="49.495346" a2="-118.838974" a3="155.106232" a4="14.735002" a5="-37.236294" a6="-11.828150" />
<external_axis />
</planned>
<actual>
<robot_axis a1="49.530254" a2="-118.831818" a3="155.103851" a4="14.935065" a5="-37.265713" a6="-11.987592" />
<external_axis />
</actual>
<ipo_cycle>-2611</ipo_cycle>
</value>
<value>
<planned>
<robot_axis a1="49.405151" a2="-118.855843" a3="155.114212" a4="14.225062" a5="-37.163845" a6="-11.423038" />
<external_axis />
</planned>
<actual>
<robot_axis a1="49.439995" a2="-118.848412" a3="155.109955" a4="14.428705" a5="-37.192135" a6="-11.582710" />
<external_axis />
</actual>
<ipo_cycle>-2601</ipo_cycle>
</value>
<value>
<planned>
<robot_axis a1="49.314861" a2="-118.872116" a3="155.121887" a4="13.713194" a5="-37.093868" a6="-11.015912" />
<external_axis />
</planned>
<actual>
<robot_axis a1="49.349617" a2="-118.865494" a3="155.118698" a4="13.915657" a5="-37.120892" a6="-11.176284" />
<external_axis />
</actual>
<ipo_cycle>-2591</ipo_cycle>
</value>
<value>
<planned>
<robot_axis a1="49.224476" a2="-118.887779" a3="155.129288" a4="13.199452" a5="-37.026375" a6="-10.606829" />
<external_axis />
</planned>
<actual>
<robot_axis a1="49.259178" a2="-118.882187" a3="155.127350" a4="13.402139" a5="-37.052475" a6="-10.767847" />
<external_axis />
</actual>
<ipo_cycle>-2581</ipo_cycle>
</value>
<value>
<planned>
<robot_axis a1="49.134003" a2="-118.902832" a3="155.136383" a4="12.683895" a5="-36.961384" a6="-10.195849" />
<external_axis />
</planned>
<actual>
<robot_axis a1="49.168732" a2="-118.896484" a3="155.132675" a4="12.889487" a5="-36.986797" a6="-10.357888" />
<external_axis />
</actual>
<ipo_cycle>-2571</ipo_cycle>
</value>
<value>
<planned>
<robot_axis a1="49.043446" a2="-118.917282" a3="155.143204" a4="12.166582" a5="-36.898918" a6="-9.783035" />
<external_axis />
</planned>
<actual>
<robot_axis a1="49.078396" a2="-118.911438" a3="155.139023" a4="12.371274" a5="-36.923176" a6="-9.945879" />
<external_axis />
</actual>
<ipo_cycle>-2561</ipo_cycle>
</value>
<value>
<planned>
<robot_axis a1="48.952805" a2="-118.931122" a3="155.149719" a4="11.647572" a5="-36.838993" a6="-9.368452" />
<external_axis />
</planned>
<actual>
<robot_axis a1="48.987804" a2="-118.926315" a3="155.148819" a4="11.852458" a5="-36.862080" a6="-9.531601" />
<external_axis />
</actual>
<ipo_cycle>-2551</ipo_cycle>
</value>
<value>
<planned>
<robot_axis a1="48.862083" a2="-118.944344" a3="155.155945" a4="11.126927" a5="-36.781624" a6="-8.952164" />
<external_axis />
</planned>
<actual>
<robot_axis a1="48.897327" a2="-118.938240" a3="155.153687" a4="11.330147" a5="-36.803768" a6="-9.116227" />
<external_axis />
</actual>
<ipo_cycle>-2541</ipo_cycle>
</value>
<value>
<planned>
<robot_axis a1="48.771290" a2="-118.956963" a3="155.161896" a4="10.604713" a5="-36.726826" a6="-8.534237" />
<external_axis />
</planned>
<actual>
<robot_axis a1="48.806606" a2="-118.952187" a3="155.158447" a4="10.805907" a5="-36.748268" a6="-8.699394" />
<external_axis />
</actual>
<ipo_cycle>-2531</ipo_cycle>
</value>
<value>
<planned>
<robot_axis a1="48.680424" a2="-118.968964" a3="155.167542" a4="10.080995" a5="-36.674614" a6="-8.114741" />
<external_axis />
</planned>
<actual>
<robot_axis a1="48.715458" a2="-118.964394" a3="155.164658" a4="10.284855" a5="-36.694855" a6="-8.279551" />
<external_axis />
</actual>
<ipo_cycle>-2521</ipo_cycle>
</value>
<value>
<planned>
<robot_axis a1="48.589489" a2="-118.980347" a3="155.172897" a4="9.555837" a5="-36.625008" a6="-7.693745" />
<external_axis />
</planned>
<actual>
<robot_axis a1="48.624321" a2="-118.975540" a3="155.172318" a4="9.765819" a5="-36.644302" a6="-7.859372" />
<external_axis />
</actual>
<ipo_cycle>-2511</ipo_cycle>
</value>
<value>
<planned>
<robot_axis a1="48.498489" a2="-118.991119" a3="155.177979" a4="9.029307" a5="-36.578014" a6="-7.271319" />
<external_axis />
</planned>
<actual>
<robot_axis a1="48.533527" a2="-118.986816" a3="155.176147" a4="9.239491" a5="-36.596149" a6="-7.437591" />
<external_axis />
</actual>
<ipo_cycle>-2501</ipo_cycle>
</value>
<value>
<planned>
<robot_axis a1="48.407429" a2="-119.001274" a3="155.182755" a4="8.501477" a5="-36.533653" a6="-6.847537" />
<external_axis />
</planned>
<actual>
<robot_axis a1="48.442429" a2="-118.997292" a3="155.180038" a4="8.711258" a5="-36.551086" a6="-7.014469" />
<external_axis />
</actual>
<ipo_cycle>-2491</ipo_cycle>
</value>
<value>
<planned>
<robot_axis a1="48.316311" a2="-119.010818" a3="155.187241" a4="7.972415" a5="-36.491936" a6="-6.422472" />
<external_axis />
</planned>
<actual>
<robot_axis a1="48.351086" a2="-119.006996" a3="155.184296" a4="8.181528" a5="-36.507668" a6="-6.590185" />
<external_axis />
</actual>
<ipo_cycle>-2481</ipo_cycle>
</value>
<value>
<planned>
<robot_axis a1="48.257832" a2="-119.016617" a3="155.189957" a4="7.632409" a5="-36.466564" a6="-6.149154" />
<external_axis />
</planned>
<actual>
<robot_axis a1="48.264530" a2="-119.016197" a3="155.189972" a4="7.655891" a5="-36.468128" a6="-6.171771" />
<external_axis />
</actual>
<ipo_cycle>-2471</ipo_cycle>
</value>
<move>
<key_image k4="-1" />
<mouse_override m1="0.000000" m2="0.000000" m3="0.000000" m4="0.000000" m5="0.000000" m6="0.000000" />
<mode>BASE</mode>
<base>
<pos x="1486.225952" y="-367.585999" z="-90.000000" a="-45.000000" b="0.000000" c="0.000000" /></base>
<tool>
<pos x="301.660004" y="0.000000" z="93.000000" a="0.000000" b="-90.000000" c="0.000000" /></tool>
<ipo_mode>base</ipo_mode>
<motion_mode>STANDARD</motion_mode>
<ipo_cycle>-2402</ipo_cycle>
</move>
<value>
<planned>
<robot_axis a1="48.164890" a2="-119.025299" a3="155.194046" a4="7.091363" a5="-36.428524" a6="-5.714004" />
<external_axis />
</planned>
<actual>
<robot_axis a1="48.199959" a2="-119.020111" a3="155.191086" a4="7.322087" a5="-36.444405" a6="-5.888020" />
<external_axis />
</actual>
<ipo_cycle>-2382</ipo_cycle>
</value>
<value>
<planned>
<robot_axis a1="48.073639" a2="-119.033195" a3="155.197754" a4="6.559377" a5="-36.393894" a6="-5.285892" />
<external_axis />
</planned>
<actual>
<robot_axis a1="48.108814" a2="-119.028633" a3="155.192627" a4="6.770257" a5="-36.407276" a6="-5.454650" />
<external_axis />
</actual>
<ipo_cycle>-2372</ipo_cycle>
</value>
<value>
<planned>
<robot_axis a1="47.982342" a2="-119.040474" a3="155.201172" a4="6.026426" a5="-36.361946" a6="-4.856776" />
<external_axis />
</planned>
<actual>
<robot_axis a1="48.017185" a2="-119.037910" a3="155.198639" a4="6.233413" a5="-36.374058" a6="-5.025455" />
<external_axis />
</actual>
<ipo_cycle>-2362</ipo_cycle>
</value>
<value>
<planned>
<robot_axis a1="47.891006" a2="-119.047134" a3="155.204300" a4="5.492587" a5="-36.332687" a6="-4.426735" />
<external_axis />
</planned>
<actual>
<robot_axis a1="47.925678" a2="-119.044106" a3="155.201782" a4="5.701998" a5="-36.344460" a6="-4.595640" />
<external_axis />
</actual>
<ipo_cycle>-2352</ipo_cycle>
</value>
<value>
<planned>
<robot_axis a1="47.801167" a2="-119.053070" a3="155.207092" a4="4.966931" a5="-36.306561" a6="-4.003098" />
<external_axis />
</planned>
<actual>
<robot_axis a1="47.834610" a2="-119.050301" a3="155.204742" a4="5.170926" a5="-36.316620" a6="-4.165374" />
<external_axis />
</actual>
<ipo_cycle>-2342</ipo_cycle>
</value>
<move>
<key_image k4="-1" />
<mouse_override m1="0.000000" m2="0.000000" m3="0.000000" m4="0.000000" m5="0.000000" m6="0.000000" />
<mode>BASE</mode>
<base>
<pos x="1486.225952" y="-367.585999" z="-90.000000" a="-45.000000" b="0.000000" c="0.000000" /></base>
<tool>
<pos x="301.660004" y="0.000000" z="93.000000" a="0.000000" b="-90.000000" c="0.000000" /></tool>
<ipo_mode>base</ipo_mode>
<motion_mode>STANDARD</motion_mode>
<ipo_cycle>-2295</ipo_cycle>
</move>
<value>
<planned>
<robot_axis a1="47.711826" a2="-119.058388" a3="155.209579" a4="4.443666" a5="-36.283173" a6="-3.581224" />
<external_axis />
</planned>
<actual>
<robot_axis a1="47.746819" a2="-119.055115" a3="155.208099" a4="4.678994" a5="-36.292042" a6="-3.756589" />
<external_axis />
</actual>
<ipo_cycle>-2276</ipo_cycle>
</value>
<move>
<key_image k4="+1" />
<mouse_override m1="0.000000" m2="0.000000" m3="0.000000" m4="0.000000" m5="0.000000" m6="0.000000" />
<mode>BASE</mode>
<base>
<pos x="1486.225952" y="-367.585999" z="-90.000000" a="-45.000000" b="0.000000" c="0.000000" /></base>
<tool>
<pos x="301.660004" y="0.000000" z="93.000000" a="0.000000" b="-90.000000" c="0.000000" /></tool>
<ipo_mode>base</ipo_mode>
<motion_mode>STANDARD</motion_mode>
<ipo_cycle>-2188</ipo_cycle>
</move>
<move>
<key_image k4="+1" />
<mouse_override m1="0.000000" m2="0.000000" m3="0.000000" m4="0.000000" m5="0.000000" m6="0.000000" />
<mode>BASE</mode>
<base>
<pos x="1486.225952" y="-367.585999" z="-90.000000" a="-45.000000" b="0.000000" c="0.000000" /></base>
<tool>
<pos x="301.660004" y="0.000000" z="93.000000" a="0.000000" b="-90.000000" c="0.000000" /></tool>
<ipo_mode>base</ipo_mode>
<motion_mode>STANDARD</motion_mode>
<ipo_cycle>-2122</ipo_cycle>
</move>
<move>
<key_image k4="+1" />
<mouse_override m1="0.000000" m2="0.000000" m3="0.000000" m4="0.000000" m5="0.000000" m6="0.000000" />
<mode>BASE</mode>
<base>
<pos x="1486.225952" y="-367.585999" z="-90.000000" a="-45.000000" b="0.000000" c="0.000000" /></base>
<tool>
<pos x="301.660004" y="0.000000" z="93.000000" a="0.000000" b="-90.000000" c="0.000000" /></tool>
<ipo_mode>base</ipo_mode>
<motion_mode>STANDARD</motion_mode>
<ipo_cycle>-2060</ipo_cycle>
</move>
<move>
<key_image k4="-1" />
<mouse_override m1="0.000000" m2="0.000000" m3="0.000000" m4="0.000000" m5="0.000000" m6="0.000000" />
<mode>BASE</mode>
<base>
<pos x="1486.225952" y="-367.585999" z="-90.000000" a="-45.000000" b="0.000000" c="0.000000" /></base>
<tool>
<pos x="301.660004" y="0.000000" z="93.000000" a="0.000000" b="-90.000000" c="0.000000" /></tool>
<ipo_mode>base</ipo_mode>
<motion_mode>STANDARD</motion_mode>
<ipo_cycle>-1901</ipo_cycle>
</move>
<move>
<key_image k6="+1" />
<mouse_override m1="0.000000" m2="0.000000" m3="0.000000" m4="0.000000" m5="0.000000" m6="0.000000" />
<mode>BASE</mode>
<base>
<pos x="1486.225952" y="-367.585999" z="-90.000000" a="-45.000000" b="0.000000" c="0.000000" /></base>
<tool>
<pos x="301.660004" y="0.000000" z="93.000000" a="0.000000" b="-90.000000" c="0.000000" /></tool>
<ipo_mode>base</ipo_mode>
<motion_mode>STANDARD</motion_mode>
<ipo_cycle>-355</ipo_cycle>
</move>
<value>
<planned>
<robot_axis a1="47.829170" a2="-119.051346" a3="155.206406" a4="4.781565" a5="-36.300045" a6="-4.082574" />
<external_axis />
</planned>
<actual>
<robot_axis a1="47.789356" a2="-119.055939" a3="155.208496" a4="4.682252" a5="-36.292938" a6="-3.911376" />
<external_axis />
</actual>
<ipo_cycle>-336</ipo_cycle>
</value>
<value>
<planned>
<robot_axis a1="47.957729" a2="-119.042732" a3="155.203064" a4="4.997041" a5="-36.314117" a6="-4.608238" />
<external_axis />
</planned>
<actual>
<robot_axis a1="47.912354" a2="-119.048538" a3="155.206665" a4="4.910773" a5="-36.307510" a6="-4.419698" />
<external_axis />
</actual>
<ipo_cycle>-325</ipo_cycle>
</value>
<value>
<planned>
<robot_axis a1="48.086246" a2="-119.033188" a3="155.199890" a4="5.212171" a5="-36.329678" a6="-5.133519" />
<external_axis />
</planned>
<actual>
<robot_axis a1="48.041019" a2="-119.039246" a3="155.204315" a4="5.133355" a5="-36.322914" a6="-4.945941" />
<external_axis />
</actual>
<ipo_cycle>-314</ipo_cycle>
</value>
<value>
<planned>
<robot_axis a1="48.214722" a2="-119.022713" a3="155.196915" a4="5.426924" a5="-36.346722" a6="-5.658385" />
<external_axis />
</planned>
<actual>
<robot_axis a1="48.169495" a2="-119.027512" a3="155.201660" a4="5.351237" a5="-36.340378" a6="-5.470887" />
<external_axis />
</actual>
<ipo_cycle>-303</ipo_cycle>
</value>
<value>
<planned>
<robot_axis a1="48.343147" a2="-119.011307" a3="155.194122" a4="5.641270" a5="-36.365250" a6="-6.182804" />
<external_axis />
</planned>
<actual>
<robot_axis a1="48.298027" a2="-119.016502" a3="155.198837" a4="5.566583" a5="-36.357929" a6="-5.994849" />
<external_axis />
</actual>
<ipo_cycle>-292</ipo_cycle>
</value>
<value>
<planned>
<robot_axis a1="48.471519" a2="-118.998985" a3="155.191498" a4="5.855178" a5="-36.385254" a6="-6.706743" />
<external_axis />
</planned>
<actual>
<robot_axis a1="48.426506" a2="-119.003738" a3="155.195541" a4="5.780344" a5="-36.378590" a6="-6.519374" />
<external_axis />
</actual>
<ipo_cycle>-281</ipo_cycle>
</value>
<move>
<key_image k6="-1" />
<mouse_override m1="0.000000" m2="0.000000" m3="0.000000" m4="0.000000" m5="0.000000" m6="0.000000" />
<mode>BASE</mode>
<base>
<pos x="1486.225952" y="-367.585999" z="-90.000000" a="-45.000000" b="0.000000" c="0.000000" /></base>
<tool>
<pos x="301.660004" y="0.000000" z="93.000000" a="0.000000" b="-90.000000" c="0.000000" /></tool>
<ipo_mode>base</ipo_mode>
<motion_mode>STANDARD</motion_mode>
<ipo_cycle>-233</ipo_cycle>
</move>
<value>
<planned>
<robot_axis a1="48.340633" a2="-119.011543" a3="155.194168" a4="5.637074" a5="-36.364868" a6="-6.172533" />
<external_axis />
</planned>
<actual>
<robot_axis a1="48.386738" a2="-119.001717" a3="155.190689" a4="5.716895" a5="-36.376347" a6="-6.358980" />
<external_axis />
</actual>
<ipo_cycle>-206</ipo_cycle>
</value>
<value>
<planned>
<robot_axis a1="48.212204" a2="-119.022926" a3="155.196976" a4="5.422720" a5="-36.346371" a6="-5.648105" />
<external_axis />
</planned>
<actual>
<robot_axis a1="48.257732" a2="-119.015160" a3="155.190872" a4="5.502731" a5="-36.354332" a6="-5.835777" />
<external_axis />
</actual>
<ipo_cycle>-195</ipo_cycle>
</value>
<value>
<planned>
<robot_axis a1="48.083729" a2="-119.033386" a3="155.199951" a4="5.207959" a5="-36.329353" a6="-5.123230" />
<external_axis />
</planned>
<actual>
<robot_axis a1="48.129013" a2="-119.026375" a3="155.193604" a4="5.285738" a5="-36.336014" a6="-5.311036" />
<external_axis />
</actual>
<ipo_cycle>-184</ipo_cycle>
</value>
<value>
<planned>
<robot_axis a1="47.955208" a2="-119.042908" a3="155.203125" a4="4.992823" a5="-36.313824" a6="-4.597940" />
<external_axis />
</planned>
<actual>
<robot_axis a1="48.000168" a2="-119.038506" a3="155.197159" a4="5.072287" a5="-36.319618" a6="-4.785842" />
<external_axis />
</actual>
<ipo_cycle>-173</ipo_cycle>
</value>
<value>
<planned>
<robot_axis a1="47.826653" a2="-119.051506" a3="155.206467" a4="4.777340" a5="-36.299778" a6="-4.072269" />
<external_axis />
</planned>
<actual>
<robot_axis a1="47.871914" a2="-119.047028" a3="155.200394" a4="4.855234" a5="-36.305187" a6="-4.260287" />
<external_axis />
</actual>
<ipo_cycle>-162</ipo_cycle>
</value>
<value>
<planned>
<robot_axis a1="47.698063" a2="-119.059181" a3="155.210007" a4="4.561543" a5="-36.287224" a6="-3.546250" />
<external_axis />
</planned>
<actual>
<robot_axis a1="47.743107" a2="-119.056587" a3="155.204285" a4="4.639434" a5="-36.290962" a6="-3.733977" />
<external_axis />
</actual>
<ipo_cycle>-151</ipo_cycle>
</value>
<value>
<planned>
<robot_axis a1="47.569447" a2="-119.065918" a3="155.213715" a4="4.345461" a5="-36.276161" a6="-3.019914" />
<external_axis />
</planned>
<actual>
<robot_axis a1="47.614689" a2="-119.063141" a3="155.209259" a4="4.422856" a5="-36.280327" a6="-3.208491" />
<external_axis />
</actual>
<ipo_cycle>-140</ipo_cycle>
</value>
<value>
<planned>
<robot_axis a1="47.440815" a2="-119.071724" a3="155.217606" a4="4.129126" a5="-36.266598" a6="-2.493296" />
<external_axis />
</planned>
<actual>
<robot_axis a1="47.485874" a2="-119.068657" a3="155.216080" a4="4.206819" a5="-36.270382" a6="-2.682389" />
<external_axis />
</actual>
<ipo_cycle>-129</ipo_cycle>
</value>
<value>
<planned>
<robot_axis a1="47.312168" a2="-119.076599" a3="155.221680" a4="3.912570" a5="-36.258530" a6="-1.966429" />
<external_axis />
</planned>
<actual>
<robot_axis a1="47.357277" a2="-119.074745" a3="155.220825" a4="3.991302" a5="-36.261013" a6="-2.154986" />
<external_axis />
</actual>
<ipo_cycle>-118</ipo_cycle>
</value>
<value>
<planned>
<robot_axis a1="47.183514" a2="-119.080544" a3="155.225952" a4="3.695822" a5="-36.251961" a6="-1.439346" />
<external_axis />
</planned>
<actual>
<robot_axis a1="47.228291" a2="-119.079613" a3="155.224014" a4="3.774790" a5="-36.253876" a6="-1.628155" />
<external_axis />
</actual>
<ipo_cycle>-107</ipo_cycle>
</value>
<value>
<planned>
<robot_axis a1="47.054859" a2="-119.083557" a3="155.230392" a4="3.478916" a5="-36.246891" a6="-0.912082" />
<external_axis />
</planned>
<actual>
<robot_axis a1="47.099960" a2="-119.082474" a3="155.227783" a4="3.557433" a5="-36.248478" a6="-1.100726" />
<external_axis />
</actual>
<ipo_cycle>-96</ipo_cycle>
</value>
<value>
<planned>
<robot_axis a1="46.926208" a2="-119.085640" a3="155.235016" a4="3.261883" a5="-36.243328" a6="-0.384670" />
<external_axis />
</planned>
<actual>
<robot_axis a1="46.971142" a2="-119.084686" a3="155.232193" a4="3.339943" a5="-36.244534" a6="-0.573487" />
<external_axis />
</actual>
<ipo_cycle>-85</ipo_cycle>
</value>
<value>
<planned>
<robot_axis a1="46.797573" a2="-119.086792" a3="155.239807" a4="3.044753" a5="-36.241268" a6="0.142857" />
<external_axis />
</planned>
<actual>
<robot_axis a1="46.842758" a2="-119.086113" a3="155.238922" a4="3.121575" a5="-36.241833" a6="-0.046386" />
<external_axis />
</actual>
<ipo_cycle>-74</ipo_cycle>
</value>
<value>
<planned>
<robot_axis a1="46.668953" a2="-119.087006" a3="155.244797" a4="2.827559" a5="-36.240711" a6="0.670464" />
<external_axis />
</planned>
<actual>
<robot_axis a1="46.713928" a2="-119.086807" a3="155.244186" a4="2.905307" a5="-36.240074" a6="0.481969" />
<external_axis />
</actual>
<ipo_cycle>-63</ipo_cycle>
</value>
<value>
<planned>
<robot_axis a1="46.540356" a2="-119.086281" a3="155.249969" a4="2.610333" a5="-36.241661" a6="1.198117" />
<external_axis />
</planned>
<actual>
<robot_axis a1="46.585625" a2="-119.086914" a3="155.247757" a4="2.688309" a5="-36.240211" a6="1.009354" />
<external_axis />
</actual>
<ipo_cycle>-52</ipo_cycle>
</value>
<value>
<planned>
<robot_axis a1="46.411793" a2="-119.084633" a3="155.255310" a4="2.393106" a5="-36.244122" a6="1.725782" />
<external_axis />
</planned>
<actual>
<robot_axis a1="46.456787" a2="-119.086845" a3="155.252228" a4="2.468770" a5="-36.241871" a6="1.536959" />
<external_axis />
</actual>
<ipo_cycle>-41</ipo_cycle>
</value>
<value>
<planned>
<robot_axis a1="46.283264" a2="-119.082047" a3="155.260834" a4="2.175909" a5="-36.248085" a6="2.253426" />
<external_axis />
</planned>
<actual>
<robot_axis a1="46.328514" a2="-119.086472" a3="155.257599" a4="2.252821" a5="-36.246296" a6="2.064341" />
<external_axis />
</actual>
<ipo_cycle>-30</ipo_cycle>
</value>
<value>
<planned>
<robot_axis a1="46.154774" a2="-119.078522" a3="155.266556" a4="1.958776" a5="-36.253559" a6="2.781015" />
<external_axis />
</planned>
<actual>
<robot_axis a1="46.199837" a2="-119.083801" a3="155.266113" a4="2.033835" a5="-36.251034" a6="2.591784" />
<external_axis />
</actual>
<ipo_cycle>-19</ipo_cycle>
</value>
<value>
<planned>
<robot_axis a1="46.026337" a2="-119.074066" a3="155.272430" a4="1.741737" a5="-36.260536" a6="3.308513" />
<external_axis />
</planned>
<actual>
<robot_axis a1="46.071552" a2="-119.079865" a3="155.271088" a4="1.817091" a5="-36.255783" a6="3.119660" />
<external_axis />
</actual>
<ipo_cycle>-8</ipo_cycle>
</value>
<value>
<planned>
<robot_axis a1="45.932961" a2="-119.070236" a3="155.276840" a4="1.583968" a5="-36.266560" a6="3.692073" />
<external_axis />
</planned>
<actual>
<robot_axis a1="45.944553" a2="-119.074265" a3="155.275436" a4="1.600110" a5="-36.262600" a6="3.641527" />
<external_axis />
</actual>
<ipo_cycle>3</ipo_cycle>
</value>
</poslog>
