<?xml-stylesheet href="poslog.xsl" type="text/xsl"?>
<poslog serialno="1074578" trafo="#KR250R2700_2 C4 FLR" date="JAN 31 2022" time="08:37:12" tick="520112975" timestamp="520065349" trigger="ENABLING SWITCH">
<value>
<planned>
<robot_axis a1="44.918297" a2="-118.819756" a3="161.475769" a4="-6.419650" a5="-60.261765" a6="4.902777" />
<external_axis />
</planned>
<actual>
<robot_axis a1="44.918312" a2="-118.820396" a3="161.474991" a4="-6.421081" a5="-60.262222" a6="4.902692" />
<external_axis />
</actual>
<ipo_cycle>-11907</ipo_cycle>
</value>
<syn_motion>
<program>PROGRAM02</program>
<line>34</line>
<name>XHOME2</name>
<base>
<pos x="1486.225952" y="-367.585999" z="-90.000000" a="-45.000000" b="0.000000" c="0.000000" /></base>
<tool>
<pos x="301.660004" y="0.000000" z="93.000000" a="0.000000" b="-90.000000" c="0.000000" /></tool>
<ipo_mode>base</ipo_mode>
<load>
<mass>18.000000</mass>
</load>
<bco_motion>TRUE</bco_motion>
<interrupt>FALSE</interrupt>
<motion_mode>STANDARD</motion_mode>
<ipo_cycle>-495</ipo_cycle>
</syn_motion>
<value>
<planned>
<robot_axis a1="44.982124" a2="-118.825691" a3="161.333633" a4="-6.171326" a5="-59.721275" a6="4.707565" />
<external_axis />
</planned>
<actual>
<robot_axis a1="44.951385" a2="-118.820709" a3="161.400299" a4="-6.312897" a5="-59.976452" a6="4.800213" />
<external_axis />
</actual>
<ipo_cycle>-476</ipo_cycle>
</value>
<value>
<planned>
<robot_axis a1="45.050495" a2="-118.831367" a3="161.182175" a4="-5.903749" a5="-59.141674" a6="4.498500" />
<external_axis />
</planned>
<actual>
<robot_axis a1="45.003113" a2="-118.823532" a3="161.284775" a4="-6.103654" a5="-59.548637" a6="4.644284" />
<external_axis />
</actual>
<ipo_cycle>-470</ipo_cycle>
</value>
<value>
<planned>
<robot_axis a1="45.111229" a2="-118.836403" a3="161.047638" a4="-5.666063" a5="-58.626820" a6="4.312791" />
<external_axis />
</planned>
<actual>
<robot_axis a1="45.052628" a2="-118.826988" a3="161.175919" a4="-5.908656" a5="-59.134647" a6="4.494869" />
<external_axis />
</actual>
<ipo_cycle>-466</ipo_cycle>
</value>
<value>
<planned>
<robot_axis a1="45.182743" a2="-118.842339" a3="160.889221" a4="-5.386181" a5="-58.020565" a6="4.094112" />
<external_axis />
</planned>
<actual>
<robot_axis a1="45.113647" a2="-118.832428" a3="161.041397" a4="-5.668122" a5="-58.618176" a6="4.309947" />
<external_axis />
</actual>
<ipo_cycle>-462</ipo_cycle>
</value>
<value>
<planned>
<robot_axis a1="45.241787" a2="-118.847237" a3="160.758438" a4="-5.155122" a5="-57.520065" a6="3.913580" />
<external_axis />
</planned>
<actual>
<robot_axis a1="45.166718" a2="-118.837692" a3="160.924805" a4="-5.459564" a5="-58.169670" a6="4.147665" />
<external_axis />
</actual>
<ipo_cycle>-459</ipo_cycle>
</value>
<value>
<planned>
<robot_axis a1="45.304115" a2="-118.852402" a3="160.620361" a4="-4.911183" a5="-56.991669" a6="3.722984" />
<external_axis />
</planned>
<actual>
<robot_axis a1="45.224457" a2="-118.842506" a3="160.797546" a4="-5.230862" a5="-57.680031" a6="3.970434" />
<external_axis />
</actual>
<ipo_cycle>-456</ipo_cycle>
</value>
<value>
<planned>
<robot_axis a1="45.368534" a2="-118.857750" a3="160.477676" a4="-4.659086" a5="-56.445599" a6="3.526015" />
<external_axis />
</planned>
<actual>
<robot_axis a1="45.285950" a2="-118.847366" a3="160.661758" a4="-4.987865" a5="-57.159187" a6="3.783130" />
<external_axis />
</actual>
<ipo_cycle>-453</ipo_cycle>
</value>
<value>
<planned>
<robot_axis a1="45.433826" a2="-118.863167" a3="160.333038" a4="-4.403544" a5="-55.892067" a6="3.326354" />
<external_axis />
</planned>
<actual>
<robot_axis a1="45.349586" a2="-118.853218" a3="160.520355" a4="-4.734975" a5="-56.617371" a6="3.587406" />
<external_axis />
</actual>
<ipo_cycle>-450</ipo_cycle>
</value>
<value>
<planned>
<robot_axis a1="45.499199" a2="-118.868591" a3="160.188232" a4="-4.147715" a5="-55.337914" a6="3.126468" />
<external_axis />
</planned>
<actual>
<robot_axis a1="45.414860" a2="-118.859459" a3="160.376297" a4="-4.479682" a5="-56.065300" a6="3.388373" />
<external_axis />
</actual>
<ipo_cycle>-447</ipo_cycle>
</value>
<value>
<planned>
<robot_axis a1="45.564568" a2="-118.874008" a3="160.043427" a4="-3.891885" a5="-54.783756" a6="2.926581" />
<external_axis />
</planned>
<actual>
<robot_axis a1="45.480255" a2="-118.864586" a3="160.231644" a4="-4.224213" a5="-55.510921" a6="3.188682" />
<external_axis />
</actual>
<ipo_cycle>-444</ipo_cycle>
</value>
<value>
<planned>
<robot_axis a1="45.629936" a2="-118.879433" a3="159.898621" a4="-3.636055" a5="-54.229603" a6="2.726695" />
<external_axis />
</planned>
<actual>
<robot_axis a1="45.545551" a2="-118.869972" a3="160.086884" a4="-3.969113" a5="-54.956867" a6="2.988669" />
<external_axis />
</actual>
<ipo_cycle>-441</ipo_cycle>
</value>
<value>
<planned>
<robot_axis a1="45.695309" a2="-118.884857" a3="159.753815" a4="-3.380225" a5="-53.675446" a6="2.526809" />
<external_axis />
</planned>
<actual>
<robot_axis a1="45.610867" a2="-118.876556" a3="159.942017" a4="-3.713506" a5="-54.402908" a6="2.789120" />
<external_axis />
</actual>
<ipo_cycle>-438</ipo_cycle>
</value>
<value>
<planned>
<robot_axis a1="45.760677" a2="-118.890282" a3="159.609009" a4="-3.124395" a5="-53.121292" a6="2.326923" />
<external_axis />
</planned>
<actual>
<robot_axis a1="45.676205" a2="-118.882919" a3="159.797226" a4="-3.456363" a5="-53.848545" a6="2.588799" />
<external_axis />
</actual>
<ipo_cycle>-435</ipo_cycle>
</value>
<value>
<planned>
<robot_axis a1="45.826046" a2="-118.895706" a3="159.464203" a4="-2.868565" a5="-52.567135" a6="2.127037" />
<external_axis />
</planned>
<actual>
<robot_axis a1="45.741585" a2="-118.888123" a3="159.652283" a4="-3.199965" a5="-53.294590" a6="2.389345" />
<external_axis />
</actual>
<ipo_cycle>-432</ipo_cycle>
</value>
<value>
<planned>
<robot_axis a1="45.891415" a2="-118.901131" a3="159.319397" a4="-2.612736" a5="-52.012981" a6="1.927150" />
<external_axis />
</planned>
<actual>
<robot_axis a1="45.807140" a2="-118.893074" a3="159.507690" a4="-2.944259" a5="-52.740410" a6="2.189167" />
<external_axis />
</actual>
<ipo_cycle>-428</ipo_cycle>
</value>
<value>
<planned>
<robot_axis a1="45.956787" a2="-118.906548" a3="159.174591" a4="-2.356906" a5="-51.458824" a6="1.727264" />
<external_axis />
</planned>
<actual>
<robot_axis a1="45.872311" a2="-118.899055" a3="159.362930" a4="-2.689551" a5="-52.186230" a6="1.989669" />
<external_axis />
</actual>
<ipo_cycle>-426</ipo_cycle>
</value>
<value>
<planned>
<robot_axis a1="46.022156" a2="-118.911972" a3="159.029785" a4="-2.101076" a5="-50.904671" a6="1.527378" />
<external_axis />
</planned>
<actual>
<robot_axis a1="45.937687" a2="-118.905006" a3="159.218231" a4="-2.436148" a5="-51.632198" a6="1.789746" />
<external_axis />
</actual>
<ipo_cycle>-423</ipo_cycle>
</value>
<value>
<planned>
<robot_axis a1="46.087524" a2="-118.917397" a3="158.884979" a4="-1.845246" a5="-50.350513" a6="1.327492" />
<external_axis />
</planned>
<actual>
<robot_axis a1="46.003098" a2="-118.910103" a3="159.073456" a4="-2.182435" a5="-51.077858" a6="1.589900" />
<external_axis />
</actual>
<ipo_cycle>-420</ipo_cycle>
</value>
<value>
<planned>
<robot_axis a1="46.152893" a2="-118.922821" a3="158.740173" a4="-1.589416" a5="-49.796360" a6="1.127605" />
<external_axis />
</planned>
<actual>
<robot_axis a1="46.068359" a2="-118.915009" a3="158.928665" a4="-1.927766" a5="-50.523720" a6="1.389955" />
<external_axis />
</actual>
<ipo_cycle>-417</ipo_cycle>
</value>
<value>
<planned>
<robot_axis a1="46.218266" a2="-118.928246" a3="158.595367" a4="-1.333586" a5="-49.242203" a6="0.927719" />
<external_axis />
</planned>
<actual>
<robot_axis a1="46.133972" a2="-118.920738" a3="158.783829" a4="-1.671126" a5="-49.969803" a6="1.189920" />
<external_axis />
</actual>
<ipo_cycle>-414</ipo_cycle>
</value>
<value>
<planned>
<robot_axis a1="46.283634" a2="-118.933662" a3="158.450562" a4="-1.077756" a5="-48.688049" a6="0.727833" />
<external_axis />
</planned>
<actual>
<robot_axis a1="46.199059" a2="-118.926834" a3="158.639175" a4="-1.415204" a5="-49.415401" a6="0.989966" />
<external_axis />
</actual>
<ipo_cycle>-411</ipo_cycle>
</value>
<value>
<planned>
<robot_axis a1="46.349003" a2="-118.939087" a3="158.305756" a4="-0.821926" a5="-48.133892" a6="0.527947" />
<external_axis />
</planned>
<actual>
<robot_axis a1="46.264397" a2="-118.931862" a3="158.494263" a4="-1.159221" a5="-48.861328" a6="0.789800" />
<external_axis />
</actual>
<ipo_cycle>-408</ipo_cycle>
</value>
<value>
<planned>
<robot_axis a1="46.414375" a2="-118.944511" a3="158.160950" a4="-0.566096" a5="-47.579739" a6="0.328060" />
<external_axis />
</planned>
<actual>
<robot_axis a1="46.329926" a2="-118.936501" a3="158.349503" a4="-0.903221" a5="-48.307266" a6="0.590776" />
<external_axis />
</actual>
<ipo_cycle>-405</ipo_cycle>
</value>
<value>
<planned>
<robot_axis a1="46.479744" a2="-118.949936" a3="158.016144" a4="-0.310267" a5="-47.025581" a6="0.128174" />
<external_axis />
</planned>
<actual>
<robot_axis a1="46.395210" a2="-118.941849" a3="158.204727" a4="-0.647553" a5="-47.753014" a6="0.390417" />
<external_axis />
</actual>
<ipo_cycle>-402</ipo_cycle>
</value>
<value>
<planned>
<robot_axis a1="46.545113" a2="-118.955360" a3="157.871338" a4="-0.054437" a5="-46.471428" a6="-0.071712" />
<external_axis />
</planned>
<actual>
<robot_axis a1="46.460758" a2="-118.948105" a3="158.060104" a4="-0.391929" a5="-47.198906" a6="0.191101" />
<external_axis />
</actual>
<ipo_cycle>-399</ipo_cycle>
</value>
<value>
<planned>
<robot_axis a1="46.610481" a2="-118.960777" a3="157.726532" a4="0.201393" a5="-45.917271" a6="-0.271598" />
<external_axis />
</planned>
<actual>
<robot_axis a1="46.526100" a2="-118.953529" a3="157.915176" a4="-0.135089" a5="-46.644726" a6="-0.009037" />
<external_axis />
</actual>
<ipo_cycle>-396</ipo_cycle>
</value>
<value>
<planned>
<robot_axis a1="46.675854" a2="-118.966202" a3="157.581726" a4="0.457223" a5="-45.363117" a6="-0.471484" />
<external_axis />
</planned>
<actual>
<robot_axis a1="46.591347" a2="-118.958542" a3="157.770554" a4="0.121529" a5="-46.090473" a6="-0.208747" />
<external_axis />
</actual>
<ipo_cycle>-393</ipo_cycle>
</value>
<value>
<planned>
<robot_axis a1="46.741222" a2="-118.971626" a3="157.436920" a4="0.713053" a5="-44.808960" a6="-0.671371" />
<external_axis />
</planned>
<actual>
<robot_axis a1="46.656769" a2="-118.964371" a3="157.625626" a4="0.377490" a5="-45.536472" a6="-0.408505" />
<external_axis />
</actual>
<ipo_cycle>-390</ipo_cycle>
</value>
<value>
<planned>
<robot_axis a1="46.806591" a2="-118.977051" a3="157.292114" a4="0.968883" a5="-44.254807" a6="-0.871257" />
<external_axis />
</planned>
<actual>
<robot_axis a1="46.722260" a2="-118.970329" a3="157.480835" a4="0.633468" a5="-44.982285" a6="-0.608979" />
<external_axis />
</actual>
<ipo_cycle>-387</ipo_cycle>
</value>
<value>
<planned>
<robot_axis a1="46.871960" a2="-118.982475" a3="157.147308" a4="1.224713" a5="-43.700649" a6="-1.071143" />
<external_axis />
</planned>
<actual>
<robot_axis a1="46.787514" a2="-118.975464" a3="157.335983" a4="0.890644" a5="-44.428097" a6="-0.808852" />
<external_axis />
</actual>
<ipo_cycle>-384</ipo_cycle>
</value>
<value>
<planned>
<robot_axis a1="46.937332" a2="-118.987900" a3="157.002518" a4="1.480542" a5="-43.146496" a6="-1.271029" />
<external_axis />
</planned>
<actual>
<robot_axis a1="46.852955" a2="-118.980232" a3="157.191284" a4="1.147643" a5="-43.874111" a6="-1.009143" />
<external_axis />
</actual>
<ipo_cycle>-381</ipo_cycle>
</value>
<value>
<planned>
<robot_axis a1="47.002701" a2="-118.993317" a3="156.857712" a4="1.736372" a5="-42.592339" a6="-1.470916" />
<external_axis />
</planned>
<actual>
<robot_axis a1="46.918205" a2="-118.985870" a3="157.046371" a4="1.403936" a5="-43.319843" a6="-1.208345" />
<external_axis />
</actual>
<ipo_cycle>-378</ipo_cycle>
</value>
<value>
<planned>
<robot_axis a1="47.068069" a2="-118.998741" a3="156.712906" a4="1.992202" a5="-42.038185" a6="-1.670802" />
<external_axis />
</planned>
<actual>
<robot_axis a1="46.983524" a2="-118.992058" a3="156.901703" a4="1.659626" a5="-42.765751" a6="-1.408802" />
<external_axis />
</actual>
<ipo_cycle>-375</ipo_cycle>
</value>
<value>
<planned>
<robot_axis a1="47.133438" a2="-119.004166" a3="156.568100" a4="2.248032" a5="-41.484028" a6="-1.870688" />
<external_axis />
</planned>
<actual>
<robot_axis a1="47.049137" a2="-118.997391" a3="156.756790" a4="1.914554" a5="-42.211628" a6="-1.608034" />
<external_axis />
</actual>
<ipo_cycle>-372</ipo_cycle>
</value>
<value>
<planned>
<robot_axis a1="47.198811" a2="-119.009590" a3="156.423294" a4="2.503862" a5="-40.929874" a6="-2.070574" />
<external_axis />
</planned>
<actual>
<robot_axis a1="47.114319" a2="-119.002258" a3="156.612000" a4="2.168041" a5="-41.657223" a6="-1.808294" />
<external_axis />
</actual>
<ipo_cycle>-369</ipo_cycle>
</value>
<value>
<planned>
<robot_axis a1="47.264179" a2="-119.015015" a3="156.278488" a4="2.759688" a5="-40.375725" a6="-2.270458" />
<external_axis />
</planned>
<actual>
<robot_axis a1="47.179771" a2="-119.007858" a3="156.467163" a4="2.421687" a5="-41.103226" a6="-2.008051" />
<external_axis />
</actual>
<ipo_cycle>-366</ipo_cycle>
</value>
<value>
<planned>
<robot_axis a1="47.329178" a2="-119.020401" a3="156.134491" a4="3.014074" a5="-39.824699" a6="-2.469216" />
<external_axis />
</planned>
<actual>
<robot_axis a1="47.245022" a2="-119.013916" a3="156.322418" a4="2.676345" a5="-40.548985" a6="-2.207749" />
<external_axis />
</actual>
<ipo_cycle>-363</ipo_cycle>
</value>
<value>
<planned>
<robot_axis a1="47.392693" a2="-119.025673" a3="155.993805" a4="3.262637" a5="-39.286285" a6="-2.663424" />
<external_axis />
</planned>
<actual>
<robot_axis a1="47.310211" a2="-119.019066" a3="156.178009" a4="2.932267" a5="-39.995960" a6="-2.407387" />
<external_axis />
</actual>
<ipo_cycle>-360</ipo_cycle>
</value>
<value>
<planned>
<robot_axis a1="47.453510" a2="-119.030716" a3="155.859085" a4="3.500654" a5="-38.770714" a6="-2.849393" />
<external_axis />
</planned>
<actual>
<robot_axis a1="47.374165" a2="-119.023697" a3="156.036316" a4="3.183914" a5="-39.452713" a6="-2.603607" />
<external_axis />
</actual>
<ipo_cycle>-357</ipo_cycle>
</value>
<value>
<planned>
<robot_axis a1="47.510426" a2="-119.035439" a3="155.733002" a4="3.723404" a5="-38.288212" a6="-3.023433" />
<external_axis />
</planned>
<actual>
<robot_axis a1="47.435921" a2="-119.028465" a3="155.899551" a4="3.426806" a5="-38.928715" a6="-2.793421" />
<external_axis />
</actual>
<ipo_cycle>-354</ipo_cycle>
</value>
<value>
<planned>
<robot_axis a1="47.578163" a2="-119.041061" a3="155.582962" a4="3.988494" a5="-37.713997" a6="-3.230555" />
<external_axis />
</planned>
<actual>
<robot_axis a1="47.512459" a2="-119.035553" a3="155.729919" a4="3.727613" a5="-38.278484" a6="-3.027913" />
<external_axis />
</actual>
<ipo_cycle>-350</ipo_cycle>
</value>
<value>
<planned>
<robot_axis a1="47.634327" a2="-119.045715" a3="155.458542" a4="4.208303" a5="-37.237865" a6="-3.402297" />
<external_axis />
</planned>
<actual>
<robot_axis a1="47.579670" a2="-119.041252" a3="155.580505" a4="3.994235" a5="-37.705463" a6="-3.235595" />
<external_axis />
</actual>
<ipo_cycle>-346</ipo_cycle>
</value>
<value>
<planned>
<robot_axis a1="47.687443" a2="-119.050125" a3="155.340881" a4="4.416171" a5="-36.787605" a6="-3.564708" />
<external_axis />
</planned>
<actual>
<robot_axis a1="47.647499" a2="-119.045837" a3="155.429611" a4="4.262303" a5="-37.128242" a6="-3.443455" />
<external_axis />
</actual>
<ipo_cycle>-341</ipo_cycle>
</value>
<value>
<planned>
<robot_axis a1="47.730370" a2="-119.053688" a3="155.245789" a4="4.584175" a5="-36.423691" a6="-3.695974" />
<external_axis />
</planned>
<actual>
<robot_axis a1="47.710060" a2="-119.050987" a3="155.289795" a4="4.509603" a5="-36.590546" a6="-3.637215" />
<external_axis />
</actual>
<ipo_cycle>-334</ipo_cycle>
</value>
<syn_motion>
<program>CNCMOTION</program>
<line>83</line>
<name>MCS</name>
<base>
<pos x="1486.225952" y="-367.585999" z="-90.000000" a="-45.000000" b="0.000000" c="0.000000" /></base>
<tool>
<pos x="365.660004" y="0.000000" z="93.000000" a="0.000000" b="-90.000000" c="0.000000" /></tool>
<ipo_mode>base</ipo_mode>
<load>
<mass>18.000000</mass>
</load>
<bco_motion>FALSE</bco_motion>
<interrupt>FALSE</interrupt>
<motion_mode>STANDARD</motion_mode>
<ipo_cycle>-44</ipo_cycle>
</syn_motion>
</poslog>
