<?xml-stylesheet href="poslog.xsl" type="text/xsl"?>
<poslog serialno="1074578" trafo="#KR250R2700_2 C4 FLR" date="JAN 31 2022" time="08:48:55" tick="520815768" timestamp="520768142" trigger="ENABLING SWITCH">
<value>
<planned>
<robot_axis a1="12.324713" a2="-121.855293" a3="153.236359" a4="4.668649" a5="-31.507849" a6="-3.979689" />
<external_axis />
</planned>
<actual>
<robot_axis a1="12.324325" a2="-121.853996" a3="153.238068" a4="4.667947" a5="-31.507971" a6="-3.979706" />
<external_axis />
</actual>
<ipo_cycle>-211</ipo_cycle>
</value>
<value>
<planned>
<robot_axis a1="11.806539" a2="-121.853546" a3="153.237671" a4="4.659383" a5="-31.510542" a6="-3.971598" />
<external_axis />
</planned>
<actual>
<robot_axis a1="12.076827" a2="-121.854355" a3="153.237976" a4="4.666549" a5="-31.508257" a6="-3.977960" />
<external_axis />
</actual>
<ipo_cycle>-59</ipo_cycle>
</value>
<value>
<planned>
<robot_axis a1="11.205435" a2="-121.851524" a3="153.239197" a4="4.648634" a5="-31.513668" a6="-3.962213" />
<external_axis />
</planned>
<actual>
<robot_axis a1="11.611163" a2="-121.854248" a3="153.237991" a4="4.653376" a5="-31.510599" a6="-3.970397" />
<external_axis />
</actual>
<ipo_cycle>-52</ipo_cycle>
</value>
<value>
<planned>
<robot_axis a1="10.648056" a2="-121.849640" a3="153.240616" a4="4.638668" a5="-31.516565" a6="-3.953510" />
<external_axis />
</planned>
<actual>
<robot_axis a1="11.085605" a2="-121.853813" a3="153.238007" a4="4.646162" a5="-31.514444" a6="-3.959878" />
<external_axis />
</actual>
<ipo_cycle>-47</ipo_cycle>
</value>
<value>
<planned>
<robot_axis a1="10.089751" a2="-121.847763" a3="153.242020" a4="4.628684" a5="-31.519468" a6="-3.944793" />
<external_axis />
</planned>
<actual>
<robot_axis a1="10.528069" a2="-121.852287" a3="153.238098" a4="4.639997" a5="-31.517839" a6="-3.949494" />
<external_axis />
</actual>
<ipo_cycle>-42</ipo_cycle>
</value>
<value>
<planned>
<robot_axis a1="9.531448" a2="-121.845879" a3="153.243439" a4="4.618701" a5="-31.522371" a6="-3.936076" />
<external_axis />
</planned>
<actual>
<robot_axis a1="9.969680" a2="-121.849892" a3="153.238419" a4="4.627597" a5="-31.520590" a6="-3.943115" />
<external_axis />
</actual>
<ipo_cycle>-37</ipo_cycle>
</value>
<value>
<planned>
<robot_axis a1="8.973145" a2="-121.844002" a3="153.244858" a4="4.608717" a5="-31.525274" a6="-3.927359" />
<external_axis />
</planned>
<actual>
<robot_axis a1="9.411277" a2="-121.847702" a3="153.240143" a4="4.615047" a5="-31.523129" a6="-3.935928" />
<external_axis />
</actual>
<ipo_cycle>-32</ipo_cycle>
</value>
<value>
<planned>
<robot_axis a1="8.414842" a2="-121.842117" a3="153.246262" a4="4.598734" a5="-31.528175" a6="-3.918642" />
<external_axis />
</planned>
<actual>
<robot_axis a1="8.852972" a2="-121.845474" a3="153.242493" a4="4.608618" a5="-31.525742" a6="-3.925662" />
<external_axis />
</actual>
<ipo_cycle>-27</ipo_cycle>
</value>
<value>
<planned>
<robot_axis a1="7.856539" a2="-121.840233" a3="153.247681" a4="4.588751" a5="-31.531078" a6="-3.909925" />
<external_axis />
</planned>
<actual>
<robot_axis a1="8.294581" a2="-121.843163" a3="153.244400" a4="4.593859" a5="-31.528410" a6="-3.913783" />
<external_axis />
</actual>
<ipo_cycle>-22</ipo_cycle>
</value>
<value>
<planned>
<robot_axis a1="7.298237" a2="-121.838356" a3="153.249100" a4="4.578768" a5="-31.533981" a6="-3.901208" />
<external_axis />
</planned>
<actual>
<robot_axis a1="7.736320" a2="-121.840622" a3="153.246033" a4="4.585248" a5="-31.531219" a6="-3.907686" />
<external_axis />
</actual>
<ipo_cycle>-17</ipo_cycle>
</value>
<value>
<planned>
<robot_axis a1="6.739935" a2="-121.836472" a3="153.250504" a4="4.568784" a5="-31.536884" a6="-3.892491" />
<external_axis />
</planned>
<actual>
<robot_axis a1="7.178054" a2="-121.837814" a3="153.247635" a4="4.579448" a5="-31.534210" a6="-3.901151" />
<external_axis />
</actual>
<ipo_cycle>-12</ipo_cycle>
</value>
<value>
<planned>
<robot_axis a1="6.181634" a2="-121.834587" a3="153.251923" a4="4.558801" a5="-31.539787" a6="-3.883774" />
<external_axis />
</planned>
<actual>
<robot_axis a1="6.619689" a2="-121.835442" a3="153.249237" a4="4.567910" a5="-31.537277" a6="-3.892712" />
<external_axis />
</actual>
<ipo_cycle>-7</ipo_cycle>
</value>
<value>
<planned>
<robot_axis a1="5.623333" a2="-121.832710" a3="153.253342" a4="4.548818" a5="-31.542690" a6="-3.875057" />
<external_axis />
</planned>
<actual>
<robot_axis a1="6.061419" a2="-121.833542" a3="153.250854" a4="4.555057" a5="-31.540531" a6="-3.880141" />
<external_axis />
</actual>
<ipo_cycle>-2</ipo_cycle>
</value>
<value>
<planned>
<robot_axis a1="5.360214" a2="-121.831825" a3="153.254013" a4="4.544113" a5="-31.544058" a6="-3.870949" />
<external_axis />
</planned>
<actual>
<robot_axis a1="5.523149" a2="-121.831924" a3="153.252594" a4="4.549052" a5="-31.543833" a6="-3.871861" />
<external_axis />
</actual>
<ipo_cycle>3</ipo_cycle>
</value>
</poslog>
