<?xml-stylesheet href="poslog.xsl" type="text/xsl"?>
<poslog serialno="1074578" trafo="#KR250R2700_2 C4 FLR" date="JAN 27 2022" time="12:24:59" tick="188179583" timestamp="188131957" trigger="ENABLING SWITCH">
<value>
<planned>
<robot_axis a1="3.977141" a2="-61.725967" a3="119.181709" a4="53.624401" a5="-69.519997" a6="-25.572649" />
<external_axis />
</planned>
<actual>
<robot_axis a1="3.977150" a2="-61.726151" a3="119.179665" a4="53.628574" a5="-69.519958" a6="-25.575583" />
<external_axis />
</actual>
<ipo_cycle>-990</ipo_cycle>
</value>
<move>
<key_image k1="+1" />
<mouse_override m1="0.000000" m2="0.000000" m3="0.000000" m4="0.000000" m5="0.000000" m6="0.000000" />
<mode>AXIS</mode>
<motion_mode>STANDARD</motion_mode>
<ipo_cycle>-593</ipo_cycle>
</move>
<value>
<planned>
<robot_axis a1="4.498743" a2="-61.725967" a3="119.181709" a4="53.624401" a5="-69.519997" a6="-25.572649" />
<external_axis />
</planned>
<actual>
<robot_axis a1="4.399991" a2="-61.726162" a3="119.179626" a4="53.628574" a5="-69.519897" a6="-25.575584" />
<external_axis />
</actual>
<ipo_cycle>-542</ipo_cycle>
</value>
<value>
<planned>
<robot_axis a1="5.031027" a2="-61.725967" a3="119.181709" a4="53.624401" a5="-69.519997" a6="-25.572649" />
<external_axis />
</planned>
<actual>
<robot_axis a1="4.867080" a2="-61.726154" a3="119.179649" a4="53.628574" a5="-69.519859" a6="-25.575577" />
<external_axis />
</actual>
<ipo_cycle>-528</ipo_cycle>
</value>
<value>
<planned>
<robot_axis a1="5.567070" a2="-61.725967" a3="119.181709" a4="53.624401" a5="-69.519997" a6="-25.572649" />
<external_axis />
</planned>
<actual>
<robot_axis a1="5.355234" a2="-61.726158" a3="119.179680" a4="53.628574" a5="-69.520004" a6="-25.575569" />
<external_axis />
</actual>
<ipo_cycle>-518</ipo_cycle>
</value>
<value>
<planned>
<robot_axis a1="6.077257" a2="-61.725967" a3="119.181709" a4="53.624401" a5="-69.519997" a6="-25.572649" />
<external_axis />
</planned>
<actual>
<robot_axis a1="5.854543" a2="-61.726158" a3="119.179649" a4="53.628574" a5="-69.519997" a6="-25.575583" />
<external_axis />
</actual>
<ipo_cycle>-509</ipo_cycle>
</value>
<value>
<planned>
<robot_axis a1="6.587444" a2="-61.725967" a3="119.181709" a4="53.624401" a5="-69.519997" a6="-25.572649" />
<external_axis />
</planned>
<actual>
<robot_axis a1="6.364528" a2="-61.726154" a3="119.179619" a4="53.628574" a5="-69.519890" a6="-25.575590" />
<external_axis />
</actual>
<ipo_cycle>-500</ipo_cycle>
</value>
<value>
<planned>
<robot_axis a1="7.097631" a2="-61.725967" a3="119.181709" a4="53.624401" a5="-69.519997" a6="-25.572649" />
<external_axis />
</planned>
<actual>
<robot_axis a1="6.875103" a2="-61.726162" a3="119.179634" a4="53.628574" a5="-69.519821" a6="-25.575577" />
<external_axis />
</actual>
<ipo_cycle>-491</ipo_cycle>
</value>
<value>
<planned>
<robot_axis a1="7.607817" a2="-61.725967" a3="119.181709" a4="53.624401" a5="-69.519997" a6="-25.572649" />
<external_axis />
</planned>
<actual>
<robot_axis a1="7.385746" a2="-61.726154" a3="119.179649" a4="53.628574" a5="-69.519867" a6="-25.575590" />
<external_axis />
</actual>
<ipo_cycle>-482</ipo_cycle>
</value>
<value>
<planned>
<robot_axis a1="8.118003" a2="-61.725967" a3="119.181709" a4="53.624401" a5="-69.519997" a6="-25.572649" />
<external_axis />
</planned>
<actual>
<robot_axis a1="7.896057" a2="-61.726151" a3="119.179680" a4="53.628574" a5="-69.519974" a6="-25.575583" />
<external_axis />
</actual>
<ipo_cycle>-473</ipo_cycle>
</value>
<value>
<planned>
<robot_axis a1="8.628190" a2="-61.725967" a3="119.181709" a4="53.624401" a5="-69.519997" a6="-25.572649" />
<external_axis />
</planned>
<actual>
<robot_axis a1="8.406366" a2="-61.726166" a3="119.179672" a4="53.628574" a5="-69.520027" a6="-25.575583" />
<external_axis />
</actual>
<ipo_cycle>-464</ipo_cycle>
</value>
<value>
<planned>
<robot_axis a1="9.138376" a2="-61.725967" a3="119.181709" a4="53.624401" a5="-69.519997" a6="-25.572649" />
<external_axis />
</planned>
<actual>
<robot_axis a1="8.916544" a2="-61.726154" a3="119.179634" a4="53.628574" a5="-69.519958" a6="-25.575577" />
<external_axis />
</actual>
<ipo_cycle>-455</ipo_cycle>
</value>
<value>
<planned>
<robot_axis a1="9.648562" a2="-61.725967" a3="119.181709" a4="53.624401" a5="-69.519997" a6="-25.572649" />
<external_axis />
</planned>
<actual>
<robot_axis a1="9.426611" a2="-61.726162" a3="119.179611" a4="53.628574" a5="-69.519852" a6="-25.575577" />
<external_axis />
</actual>
<ipo_cycle>-446</ipo_cycle>
</value>
<value>
<planned>
<robot_axis a1="10.158750" a2="-61.725967" a3="119.181709" a4="53.624401" a5="-69.519997" a6="-25.572649" />
<external_axis />
</planned>
<actual>
<robot_axis a1="9.936762" a2="-61.726151" a3="119.179634" a4="53.628574" a5="-69.519836" a6="-25.575577" />
<external_axis />
</actual>
<ipo_cycle>-437</ipo_cycle>
</value>
<value>
<planned>
<robot_axis a1="10.668936" a2="-61.725967" a3="119.181709" a4="53.624401" a5="-69.519997" a6="-25.572649" />
<external_axis />
</planned>
<actual>
<robot_axis a1="10.447042" a2="-61.726154" a3="119.179672" a4="53.628574" a5="-69.519913" a6="-25.575571" />
<external_axis />
</actual>
<ipo_cycle>-428</ipo_cycle>
</value>
<value>
<planned>
<robot_axis a1="11.179122" a2="-61.725967" a3="119.181709" a4="53.624401" a5="-69.519997" a6="-25.572649" />
<external_axis />
</planned>
<actual>
<robot_axis a1="10.957139" a2="-61.726158" a3="119.179680" a4="53.628574" a5="-69.520012" a6="-25.575583" />
<external_axis />
</actual>
<ipo_cycle>-419</ipo_cycle>
</value>
<value>
<planned>
<robot_axis a1="11.689309" a2="-61.725967" a3="119.181709" a4="53.624401" a5="-69.519997" a6="-25.572649" />
<external_axis />
</planned>
<actual>
<robot_axis a1="11.467410" a2="-61.726162" a3="119.179657" a4="53.628574" a5="-69.520012" a6="-25.575577" />
<external_axis />
</actual>
<ipo_cycle>-410</ipo_cycle>
</value>
<value>
<planned>
<robot_axis a1="12.199495" a2="-61.725967" a3="119.181709" a4="53.624401" a5="-69.519997" a6="-25.572649" />
<external_axis />
</planned>
<actual>
<robot_axis a1="11.977541" a2="-61.726158" a3="119.179619" a4="53.628574" a5="-69.519913" a6="-25.575577" />
<external_axis />
</actual>
<ipo_cycle>-401</ipo_cycle>
</value>
<value>
<planned>
<robot_axis a1="12.709682" a2="-61.725967" a3="119.181709" a4="53.624401" a5="-69.519997" a6="-25.572649" />
<external_axis />
</planned>
<actual>
<robot_axis a1="12.487705" a2="-61.726158" a3="119.179611" a4="53.628574" a5="-69.519829" a6="-25.575590" />
<external_axis />
</actual>
<ipo_cycle>-392</ipo_cycle>
</value>
<value>
<planned>
<robot_axis a1="13.219869" a2="-61.725967" a3="119.181709" a4="53.624401" a5="-69.519997" a6="-25.572649" />
<external_axis />
</planned>
<actual>
<robot_axis a1="12.997852" a2="-61.726154" a3="119.179649" a4="53.628586" a5="-69.519852" a6="-25.575571" />
<external_axis />
</actual>
<ipo_cycle>-383</ipo_cycle>
</value>
<value>
<planned>
<robot_axis a1="13.730055" a2="-61.725967" a3="119.181709" a4="53.624401" a5="-69.519997" a6="-25.572649" />
<external_axis />
</planned>
<actual>
<robot_axis a1="13.508142" a2="-61.726151" a3="119.179680" a4="53.628574" a5="-69.519958" a6="-25.575583" />
<external_axis />
</actual>
<ipo_cycle>-374</ipo_cycle>
</value>
<value>
<planned>
<robot_axis a1="14.240242" a2="-61.725967" a3="119.181709" a4="53.624401" a5="-69.519997" a6="-25.572649" />
<external_axis />
</planned>
<actual>
<robot_axis a1="14.018345" a2="-61.726162" a3="119.179672" a4="53.628574" a5="-69.520027" a6="-25.575590" />
<external_axis />
</actual>
<ipo_cycle>-365</ipo_cycle>
</value>
<value>
<planned>
<robot_axis a1="14.750428" a2="-61.725967" a3="119.181709" a4="53.624401" a5="-69.519997" a6="-25.572649" />
<external_axis />
</planned>
<actual>
<robot_axis a1="14.528518" a2="-61.726162" a3="119.179642" a4="53.628574" a5="-69.519974" a6="-25.575577" />
<external_axis />
</actual>
<ipo_cycle>-356</ipo_cycle>
</value>
<value>
<planned>
<robot_axis a1="15.260614" a2="-61.725967" a3="119.181709" a4="53.624401" a5="-69.519997" a6="-25.572649" />
<external_axis />
</planned>
<actual>
<robot_axis a1="15.038614" a2="-61.726158" a3="119.179619" a4="53.628574" a5="-69.519852" a6="-25.575584" />
<external_axis />
</actual>
<ipo_cycle>-347</ipo_cycle>
</value>
<value>
<planned>
<robot_axis a1="15.770802" a2="-61.725967" a3="119.181709" a4="53.624401" a5="-69.519997" a6="-25.572649" />
<external_axis />
</planned>
<actual>
<robot_axis a1="15.548813" a2="-61.726154" a3="119.179634" a4="53.628574" a5="-69.519836" a6="-25.575584" />
<external_axis />
</actual>
<ipo_cycle>-338</ipo_cycle>
</value>
<value>
<planned>
<robot_axis a1="16.280987" a2="-61.725967" a3="119.181709" a4="53.624401" a5="-69.519997" a6="-25.572649" />
<external_axis />
</planned>
<actual>
<robot_axis a1="16.059032" a2="-61.726154" a3="119.179665" a4="53.628574" a5="-69.519905" a6="-25.575577" />
<external_axis />
</actual>
<ipo_cycle>-329</ipo_cycle>
</value>
<value>
<planned>
<robot_axis a1="16.791174" a2="-61.725967" a3="119.181709" a4="53.624401" a5="-69.519997" a6="-25.572649" />
<external_axis />
</planned>
<actual>
<robot_axis a1="16.569258" a2="-61.726166" a3="119.179680" a4="53.628574" a5="-69.519997" a6="-25.575569" />
<external_axis />
</actual>
<ipo_cycle>-320</ipo_cycle>
</value>
<value>
<planned>
<robot_axis a1="17.301361" a2="-61.725967" a3="119.181709" a4="53.624401" a5="-69.519997" a6="-25.572649" />
<external_axis />
</planned>
<actual>
<robot_axis a1="17.079464" a2="-61.726158" a3="119.179665" a4="53.628574" a5="-69.520012" a6="-25.575590" />
<external_axis />
</actual>
<ipo_cycle>-311</ipo_cycle>
</value>
<value>
<planned>
<robot_axis a1="17.811546" a2="-61.725967" a3="119.181709" a4="53.624401" a5="-69.519997" a6="-25.572649" />
<external_axis />
</planned>
<actual>
<robot_axis a1="17.589617" a2="-61.726162" a3="119.179626" a4="53.628582" a5="-69.519936" a6="-25.575583" />
<external_axis />
</actual>
<ipo_cycle>-302</ipo_cycle>
</value>
<value>
<planned>
<robot_axis a1="18.321733" a2="-61.725967" a3="119.181709" a4="53.624401" a5="-69.519997" a6="-25.572649" />
<external_axis />
</planned>
<actual>
<robot_axis a1="18.099819" a2="-61.726162" a3="119.179619" a4="53.628574" a5="-69.519836" a6="-25.575571" />
<external_axis />
</actual>
<ipo_cycle>-293</ipo_cycle>
</value>
<value>
<planned>
<robot_axis a1="18.831921" a2="-61.725967" a3="119.181709" a4="53.624401" a5="-69.519997" a6="-25.572649" />
<external_axis />
</planned>
<actual>
<robot_axis a1="18.609877" a2="-61.726154" a3="119.179642" a4="53.628574" a5="-69.519852" a6="-25.575577" />
<external_axis />
</actual>
<ipo_cycle>-284</ipo_cycle>
</value>
<value>
<planned>
<robot_axis a1="19.342106" a2="-61.725967" a3="119.181709" a4="53.624401" a5="-69.519997" a6="-25.572649" />
<external_axis />
</planned>
<actual>
<robot_axis a1="19.120150" a2="-61.726154" a3="119.179672" a4="53.628574" a5="-69.519958" a6="-25.575577" />
<external_axis />
</actual>
<ipo_cycle>-275</ipo_cycle>
</value>
<value>
<planned>
<robot_axis a1="19.852293" a2="-61.725967" a3="119.181709" a4="53.624401" a5="-69.519997" a6="-25.572649" />
<external_axis />
</planned>
<actual>
<robot_axis a1="19.630424" a2="-61.726166" a3="119.179672" a4="53.628574" a5="-69.520027" a6="-25.575577" />
<external_axis />
</actual>
<ipo_cycle>-266</ipo_cycle>
</value>
<value>
<planned>
<robot_axis a1="20.362480" a2="-61.725967" a3="119.181709" a4="53.624401" a5="-69.519997" a6="-25.572649" />
<external_axis />
</planned>
<actual>
<robot_axis a1="20.140589" a2="-61.726154" a3="119.179642" a4="53.628574" a5="-69.519974" a6="-25.575577" />
<external_axis />
</actual>
<ipo_cycle>-257</ipo_cycle>
</value>
<value>
<planned>
<robot_axis a1="20.872665" a2="-61.725967" a3="119.181709" a4="53.624401" a5="-69.519997" a6="-25.572649" />
<external_axis />
</planned>
<actual>
<robot_axis a1="20.650642" a2="-61.726162" a3="119.179619" a4="53.628574" a5="-69.519867" a6="-25.575571" />
<external_axis />
</actual>
<ipo_cycle>-248</ipo_cycle>
</value>
<value>
<planned>
<robot_axis a1="21.382853" a2="-61.725967" a3="119.181709" a4="53.624401" a5="-69.519997" a6="-25.572649" />
<external_axis />
</planned>
<actual>
<robot_axis a1="21.160881" a2="-61.726154" a3="119.179634" a4="53.628574" a5="-69.519829" a6="-25.575577" />
<external_axis />
</actual>
<ipo_cycle>-239</ipo_cycle>
</value>
<value>
<planned>
<robot_axis a1="21.893040" a2="-61.725967" a3="119.181709" a4="53.624401" a5="-69.519997" a6="-25.572649" />
<external_axis />
</planned>
<actual>
<robot_axis a1="21.671053" a2="-61.726154" a3="119.179672" a4="53.628574" a5="-69.519905" a6="-25.575584" />
<external_axis />
</actual>
<ipo_cycle>-230</ipo_cycle>
</value>
<value>
<planned>
<robot_axis a1="22.403225" a2="-61.725967" a3="119.181709" a4="53.624401" a5="-69.519997" a6="-25.572649" />
<external_axis />
</planned>
<actual>
<robot_axis a1="22.181244" a2="-61.726162" a3="119.179680" a4="53.628574" a5="-69.519997" a6="-25.575583" />
<external_axis />
</actual>
<ipo_cycle>-221</ipo_cycle>
</value>
<value>
<planned>
<robot_axis a1="22.913412" a2="-61.725967" a3="119.181709" a4="53.624401" a5="-69.519997" a6="-25.572649" />
<external_axis />
</planned>
<actual>
<robot_axis a1="22.691502" a2="-61.726158" a3="119.179665" a4="53.628574" a5="-69.520027" a6="-25.575569" />
<external_axis />
</actual>
<ipo_cycle>-212</ipo_cycle>
</value>
<value>
<planned>
<robot_axis a1="23.423599" a2="-61.725967" a3="119.181709" a4="53.624401" a5="-69.519997" a6="-25.572649" />
<external_axis />
</planned>
<actual>
<robot_axis a1="23.201761" a2="-61.726158" a3="119.179619" a4="53.628574" a5="-69.519936" a6="-25.575583" />
<external_axis />
</actual>
<ipo_cycle>-203</ipo_cycle>
</value>
<value>
<planned>
<robot_axis a1="23.933786" a2="-61.725967" a3="119.181709" a4="53.624401" a5="-69.519997" a6="-25.572649" />
<external_axis />
</planned>
<actual>
<robot_axis a1="23.711832" a2="-61.726166" a3="119.179619" a4="53.628574" a5="-69.519844" a6="-25.575577" />
<external_axis />
</actual>
<ipo_cycle>-194</ipo_cycle>
</value>
<value>
<planned>
<robot_axis a1="24.443972" a2="-61.725967" a3="119.181709" a4="53.624401" a5="-69.519997" a6="-25.572649" />
<external_axis />
</planned>
<actual>
<robot_axis a1="24.221937" a2="-61.726154" a3="119.179642" a4="53.628586" a5="-69.519844" a6="-25.575571" />
<external_axis />
</actual>
<ipo_cycle>-185</ipo_cycle>
</value>
<value>
<planned>
<robot_axis a1="24.954159" a2="-61.725967" a3="119.181709" a4="53.624401" a5="-69.519997" a6="-25.572649" />
<external_axis />
</planned>
<actual>
<robot_axis a1="24.732233" a2="-61.726158" a3="119.179672" a4="53.628574" a5="-69.519943" a6="-25.575577" />
<external_axis />
</actual>
<ipo_cycle>-176</ipo_cycle>
</value>
<value>
<planned>
<robot_axis a1="25.464346" a2="-61.725967" a3="119.181709" a4="53.624401" a5="-69.519997" a6="-25.572649" />
<external_axis />
</planned>
<actual>
<robot_axis a1="25.242462" a2="-61.726162" a3="119.179672" a4="53.628574" a5="-69.520027" a6="-25.575583" />
<external_axis />
</actual>
<ipo_cycle>-167</ipo_cycle>
</value>
<value>
<planned>
<robot_axis a1="25.974531" a2="-61.725967" a3="119.181709" a4="53.624401" a5="-69.519997" a6="-25.572649" />
<external_axis />
</planned>
<actual>
<robot_axis a1="25.752653" a2="-61.726154" a3="119.179649" a4="53.628574" a5="-69.519989" a6="-25.575569" />
<external_axis />
</actual>
<ipo_cycle>-158</ipo_cycle>
</value>
<value>
<planned>
<robot_axis a1="26.484718" a2="-61.725967" a3="119.181709" a4="53.624401" a5="-69.519997" a6="-25.572649" />
<external_axis />
</planned>
<actual>
<robot_axis a1="26.262825" a2="-61.726162" a3="119.179619" a4="53.628574" a5="-69.519890" a6="-25.575577" />
<external_axis />
</actual>
<ipo_cycle>-149</ipo_cycle>
</value>
<value>
<planned>
<robot_axis a1="26.994905" a2="-61.725967" a3="119.181709" a4="53.624401" a5="-69.519997" a6="-25.572649" />
<external_axis />
</planned>
<actual>
<robot_axis a1="26.772892" a2="-61.726162" a3="119.179626" a4="53.628574" a5="-69.519829" a6="-25.575571" />
<external_axis />
</actual>
<ipo_cycle>-140</ipo_cycle>
</value>
<value>
<planned>
<robot_axis a1="27.505091" a2="-61.725967" a3="119.181709" a4="53.624401" a5="-69.519997" a6="-25.572649" />
<external_axis />
</planned>
<actual>
<robot_axis a1="27.283066" a2="-61.726154" a3="119.179665" a4="53.628574" a5="-69.519882" a6="-25.575577" />
<external_axis />
</actual>
<ipo_cycle>-131</ipo_cycle>
</value>
<value>
<planned>
<robot_axis a1="28.015278" a2="-61.725967" a3="119.181709" a4="53.624401" a5="-69.519997" a6="-25.572649" />
<external_axis />
</planned>
<actual>
<robot_axis a1="27.793320" a2="-61.726166" a3="119.179672" a4="53.628574" a5="-69.519989" a6="-25.575583" />
<external_axis />
</actual>
<ipo_cycle>-122</ipo_cycle>
</value>
<value>
<planned>
<robot_axis a1="28.525465" a2="-61.725967" a3="119.181709" a4="53.624401" a5="-69.519997" a6="-25.572649" />
<external_axis />
</planned>
<actual>
<robot_axis a1="28.303528" a2="-61.726162" a3="119.179665" a4="53.628574" a5="-69.520027" a6="-25.575577" />
<external_axis />
</actual>
<ipo_cycle>-113</ipo_cycle>
</value>
<value>
<planned>
<robot_axis a1="29.035650" a2="-61.725967" a3="119.181709" a4="53.624401" a5="-69.519997" a6="-25.572649" />
<external_axis />
</planned>
<actual>
<robot_axis a1="28.813816" a2="-61.726166" a3="119.179626" a4="53.628574" a5="-69.519943" a6="-25.575569" />
<external_axis />
</actual>
<ipo_cycle>-104</ipo_cycle>
</value>
<value>
<planned>
<robot_axis a1="29.545837" a2="-61.725967" a3="119.181709" a4="53.624401" a5="-69.519997" a6="-25.572649" />
<external_axis />
</planned>
<actual>
<robot_axis a1="29.323929" a2="-61.726166" a3="119.179611" a4="53.628574" a5="-69.519852" a6="-25.575584" />
<external_axis />
</actual>
<ipo_cycle>-95</ipo_cycle>
</value>
<value>
<planned>
<robot_axis a1="30.056025" a2="-61.725967" a3="119.181709" a4="53.624401" a5="-69.519997" a6="-25.572649" />
<external_axis />
</planned>
<actual>
<robot_axis a1="29.833958" a2="-61.726162" a3="119.179634" a4="53.628586" a5="-69.519836" a6="-25.575571" />
<external_axis />
</actual>
<ipo_cycle>-86</ipo_cycle>
</value>
<value>
<planned>
<robot_axis a1="30.566210" a2="-61.725967" a3="119.181709" a4="53.624401" a5="-69.519997" a6="-25.572649" />
<external_axis />
</planned>
<actual>
<robot_axis a1="30.344246" a2="-61.726162" a3="119.179672" a4="53.628574" a5="-69.519913" a6="-25.575577" />
<external_axis />
</actual>
<ipo_cycle>-77</ipo_cycle>
</value>
<value>
<planned>
<robot_axis a1="31.076397" a2="-61.725967" a3="119.181709" a4="53.624401" a5="-69.519997" a6="-25.572649" />
<external_axis />
</planned>
<actual>
<robot_axis a1="30.854431" a2="-61.726154" a3="119.179680" a4="53.628574" a5="-69.520012" a6="-25.575583" />
<external_axis />
</actual>
<ipo_cycle>-68</ipo_cycle>
</value>
<value>
<planned>
<robot_axis a1="31.586584" a2="-61.725967" a3="119.181709" a4="53.624401" a5="-69.519997" a6="-25.572649" />
<external_axis />
</planned>
<actual>
<robot_axis a1="31.364691" a2="-61.726162" a3="119.179665" a4="53.628574" a5="-69.520004" a6="-25.575583" />
<external_axis />
</actual>
<ipo_cycle>-59</ipo_cycle>
</value>
<value>
<planned>
<robot_axis a1="32.096771" a2="-61.725967" a3="119.181709" a4="53.624401" a5="-69.519997" a6="-25.572649" />
<external_axis />
</planned>
<actual>
<robot_axis a1="31.874954" a2="-61.726162" a3="119.179619" a4="53.628574" a5="-69.519905" a6="-25.575584" />
<external_axis />
</actual>
<ipo_cycle>-50</ipo_cycle>
</value>
<value>
<planned>
<robot_axis a1="32.606956" a2="-61.725967" a3="119.181709" a4="53.624401" a5="-69.519997" a6="-25.572649" />
<external_axis />
</planned>
<actual>
<robot_axis a1="32.384998" a2="-61.726154" a3="119.179626" a4="53.628574" a5="-69.519829" a6="-25.575577" />
<external_axis />
</actual>
<ipo_cycle>-41</ipo_cycle>
</value>
<value>
<planned>
<robot_axis a1="33.117142" a2="-61.725967" a3="119.181709" a4="53.624401" a5="-69.519997" a6="-25.572649" />
<external_axis />
</planned>
<actual>
<robot_axis a1="32.895065" a2="-61.726154" a3="119.179649" a4="53.628586" a5="-69.519875" a6="-25.575584" />
<external_axis />
</actual>
<ipo_cycle>-32</ipo_cycle>
</value>
<value>
<planned>
<robot_axis a1="33.627331" a2="-61.725967" a3="119.181709" a4="53.624401" a5="-69.519997" a6="-25.572649" />
<external_axis />
</planned>
<actual>
<robot_axis a1="33.405312" a2="-61.726162" a3="119.179680" a4="53.628574" a5="-69.519989" a6="-25.575583" />
<external_axis />
</actual>
<ipo_cycle>-23</ipo_cycle>
</value>
<value>
<planned>
<robot_axis a1="34.137516" a2="-61.725967" a3="119.181709" a4="53.624401" a5="-69.519997" a6="-25.572649" />
<external_axis />
</planned>
<actual>
<robot_axis a1="33.915516" a2="-61.726162" a3="119.179672" a4="53.628574" a5="-69.520027" a6="-25.575577" />
<external_axis />
</actual>
<ipo_cycle>-14</ipo_cycle>
</value>
<value>
<planned>
<robot_axis a1="34.647701" a2="-61.725967" a3="119.181709" a4="53.624401" a5="-69.519997" a6="-25.572649" />
<external_axis />
</planned>
<actual>
<robot_axis a1="34.425888" a2="-61.726162" a3="119.179634" a4="53.628574" a5="-69.519966" a6="-25.575577" />
<external_axis />
</actual>
<ipo_cycle>-5</ipo_cycle>
</value>
</poslog>
