<?xml-stylesheet href="poslog.xsl" type="text/xsl"?>
<poslog serialno="1074578" trafo="#KR250R2700_2 C4 FLR" date="JAN 31 2022" time="09:46:35" tick="524275188" timestamp="524227562" trigger="ERROR STOP">
<syn_motion>
<program>cncDoToolChange</program>
<line>52</line>
<name>XHomeToolChanger</name>
<base>
<pos x="1858.680054" y="122.529999" z="241.000000" a="45.000000" b="0.000000" c="0.000000" /></base>
<tool>
<pos x="301.660004" y="0.000000" z="93.000000" a="0.000000" b="-90.000000" c="0.000000" /></tool>
<ipo_mode>base</ipo_mode>
<load>
<mass>250.000000</mass>
</load>
<bco_motion>FALSE</bco_motion>
<interrupt>FALSE</interrupt>
<motion_mode>STANDARD</motion_mode>
<ipo_cycle>-4060</ipo_cycle>
</syn_motion>
<syn_motion>
<program>cncDoToolChange</program>
<line>123</line>
<name>XToolMagHover</name>
<base>
<pos x="1858.680054" y="122.529999" z="241.000000" a="45.000000" b="0.000000" c="0.000000" /></base>
<tool>
<pos x="301.660004" y="0.000000" z="93.000000" a="0.000000" b="-90.000000" c="0.000000" /></tool>
<ipo_mode>base</ipo_mode>
<load>
<mass>250.000000</mass>
</load>
<bco_motion>FALSE</bco_motion>
<interrupt>FALSE</interrupt>
<motion_mode>STANDARD</motion_mode>
<ipo_cycle>-3145</ipo_cycle>
</syn_motion>
<syn_motion>
<program>cncDoToolChange</program>
<line>123</line>
<name>XToolMagHover</name>
<base>
<pos x="1858.680054" y="122.529999" z="241.000000" a="45.000000" b="0.000000" c="0.000000" /></base>
<tool>
<pos x="301.660004" y="0.000000" z="93.000000" a="0.000000" b="-90.000000" c="0.000000" /></tool>
<ipo_mode>base</ipo_mode>
<load>
<mass>250.000000</mass>
</load>
<bco_motion>FALSE</bco_motion>
<interrupt>FALSE</interrupt>
<motion_mode>STANDARD</motion_mode>
<ipo_cycle>-3144</ipo_cycle>
</syn_motion>
<syn_motion>
<program>cncDoToolChange</program>
<line>128</line>
<name>XToolMagChange</name>
<base>
<pos x="1858.680054" y="122.529999" z="241.000000" a="45.000000" b="0.000000" c="0.000000" /></base>
<tool>
<pos x="301.660004" y="0.000000" z="93.000000" a="0.000000" b="-90.000000" c="0.000000" /></tool>
<ipo_mode>base</ipo_mode>
<load>
<mass>250.000000</mass>
</load>
<bco_motion>FALSE</bco_motion>
<interrupt>FALSE</interrupt>
<motion_mode>STANDARD</motion_mode>
<ipo_cycle>-2797</ipo_cycle>
</syn_motion>
<syn_motion>
<program>cncDoToolChange</program>
<line>128</line>
<name>XToolMagChange</name>
<base>
<pos x="1858.680054" y="122.529999" z="241.000000" a="45.000000" b="0.000000" c="0.000000" /></base>
<tool>
<pos x="301.660004" y="0.000000" z="93.000000" a="0.000000" b="-90.000000" c="0.000000" /></tool>
<ipo_mode>base</ipo_mode>
<load>
<mass>250.000000</mass>
</load>
<bco_motion>FALSE</bco_motion>
<interrupt>FALSE</interrupt>
<motion_mode>STANDARD</motion_mode>
<ipo_cycle>-2796</ipo_cycle>
</syn_motion>
<syn_motion>
<program>cncDoToolChange</program>
<line>131</line>
<name>XToolAirBlow</name>
<base>
<pos x="1858.680054" y="122.529999" z="241.000000" a="45.000000" b="0.000000" c="0.000000" /></base>
<tool>
<pos x="301.660004" y="0.000000" z="93.000000" a="0.000000" b="-90.000000" c="0.000000" /></tool>
<ipo_mode>base</ipo_mode>
<load>
<mass>250.000000</mass>
</load>
<bco_motion>FALSE</bco_motion>
<interrupt>FALSE</interrupt>
<motion_mode>STANDARD</motion_mode>
<ipo_cycle>-2644</ipo_cycle>
</syn_motion>
<syn_motion>
<program>cncDoToolChange</program>
<line>131</line>
<name>XToolAirBlow</name>
<base>
<pos x="1858.680054" y="122.529999" z="241.000000" a="45.000000" b="0.000000" c="0.000000" /></base>
<tool>
<pos x="301.660004" y="0.000000" z="93.000000" a="0.000000" b="-90.000000" c="0.000000" /></tool>
<ipo_mode>base</ipo_mode>
<load>
<mass>250.000000</mass>
</load>
<bco_motion>FALSE</bco_motion>
<interrupt>FALSE</interrupt>
<motion_mode>STANDARD</motion_mode>
<ipo_cycle>-2642</ipo_cycle>
</syn_motion>
<syn_motion>
<program>cncDoToolChange</program>
<line>138</line>
<name>XToolChangerPickup</name>
<base>
<pos x="1858.680054" y="122.529999" z="241.000000" a="45.000000" b="0.000000" c="0.000000" /></base>
<tool>
<pos x="301.660004" y="0.000000" z="93.000000" a="0.000000" b="-90.000000" c="0.000000" /></tool>
<ipo_mode>base</ipo_mode>
<load>
<mass>250.000000</mass>
</load>
<bco_motion>FALSE</bco_motion>
<interrupt>FALSE</interrupt>
<motion_mode>STANDARD</motion_mode>
<ipo_cycle>-2420</ipo_cycle>
</syn_motion>
<syn_motion>
<program>cncDoToolChange</program>
<line>138</line>
<name>XToolChangerPickup</name>
<base>
<pos x="1858.680054" y="122.529999" z="241.000000" a="45.000000" b="0.000000" c="0.000000" /></base>
<tool>
<pos x="301.660004" y="0.000000" z="93.000000" a="0.000000" b="-90.000000" c="0.000000" /></tool>
<ipo_mode>base</ipo_mode>
<load>
<mass>250.000000</mass>
</load>
<bco_motion>FALSE</bco_motion>
<interrupt>FALSE</interrupt>
<motion_mode>STANDARD</motion_mode>
<ipo_cycle>-2418</ipo_cycle>
</syn_motion>
<syn_motion>
<program>cncDoToolChange</program>
<line>148</line>
<name>XToolWaitEnter</name>
<base>
<pos x="1858.680054" y="122.529999" z="241.000000" a="45.000000" b="0.000000" c="0.000000" /></base>
<tool>
<pos x="301.660004" y="0.000000" z="93.000000" a="0.000000" b="-90.000000" c="0.000000" /></tool>
<ipo_mode>base</ipo_mode>
<load>
<mass>250.000000</mass>
</load>
<bco_motion>FALSE</bco_motion>
<interrupt>FALSE</interrupt>
<motion_mode>STANDARD</motion_mode>
<ipo_cycle>-2272</ipo_cycle>
</syn_motion>
<syn_motion>
<program>cncDoToolChange</program>
<line>148</line>
<name>XToolWaitEnter</name>
<base>
<pos x="1858.680054" y="122.529999" z="241.000000" a="45.000000" b="0.000000" c="0.000000" /></base>
<tool>
<pos x="301.660004" y="0.000000" z="93.000000" a="0.000000" b="-90.000000" c="0.000000" /></tool>
<ipo_mode>base</ipo_mode>
<load>
<mass>250.000000</mass>
</load>
<bco_motion>FALSE</bco_motion>
<interrupt>FALSE</interrupt>
<motion_mode>STANDARD</motion_mode>
<ipo_cycle>-2271</ipo_cycle>
</syn_motion>
<syn_motion>
<program>cncDoToolChange</program>
<line>159</line>
<name>XToolHover</name>
<base>
<pos x="1858.680054" y="122.529999" z="241.000000" a="45.000000" b="0.000000" c="0.000000" /></base>
<tool>
<pos x="365.660004" y="0.000000" z="93.000000" a="0.000000" b="-90.000000" c="0.000000" /></tool>
<ipo_mode>base</ipo_mode>
<load>
<mass>250.000000</mass>
</load>
<bco_motion>FALSE</bco_motion>
<interrupt>FALSE</interrupt>
<motion_mode>STANDARD</motion_mode>
<ipo_cycle>-1860</ipo_cycle>
</syn_motion>
<syn_motion>
<program>cncDoToolChange</program>
<line>159</line>
<name>XToolHover</name>
<base>
<pos x="1858.680054" y="122.529999" z="241.000000" a="45.000000" b="0.000000" c="0.000000" /></base>
<tool>
<pos x="365.660004" y="0.000000" z="93.000000" a="0.000000" b="-90.000000" c="0.000000" /></tool>
<ipo_mode>base</ipo_mode>
<load>
<mass>250.000000</mass>
</load>
<bco_motion>FALSE</bco_motion>
<interrupt>FALSE</interrupt>
<motion_mode>STANDARD</motion_mode>
<ipo_cycle>-1859</ipo_cycle>
</syn_motion>
<syn_motion>
<program>cncDoToolChange</program>
<line>80</line>
<name>XHomeToolChanger</name>
<base>
<pos x="1858.680054" y="122.529999" z="241.000000" a="45.000000" b="0.000000" c="0.000000" /></base>
<tool>
<pos x="365.660004" y="0.000000" z="93.000000" a="0.000000" b="-90.000000" c="0.000000" /></tool>
<ipo_mode>base</ipo_mode>
<load>
<mass>250.000000</mass>
</load>
<bco_motion>FALSE</bco_motion>
<interrupt>FALSE</interrupt>
<motion_mode>STANDARD</motion_mode>
<ipo_cycle>-1582</ipo_cycle>
</syn_motion>
<syn_motion>
<program>cncDoToolChange</program>
<line>80</line>
<name>XHomeToolChanger</name>
<base>
<pos x="1858.680054" y="122.529999" z="241.000000" a="45.000000" b="0.000000" c="0.000000" /></base>
<tool>
<pos x="365.660004" y="0.000000" z="93.000000" a="0.000000" b="-90.000000" c="0.000000" /></tool>
<ipo_mode>base</ipo_mode>
<load>
<mass>250.000000</mass>
</load>
<bco_motion>FALSE</bco_motion>
<interrupt>FALSE</interrupt>
<motion_mode>STANDARD</motion_mode>
<ipo_cycle>-1580</ipo_cycle>
</syn_motion>
<syn_motion>
<program>cncDoToolChange</program>
<line>91</line>
<name>cncLastHomePos</name>
<base>
<pos x="1486.225952" y="-367.585999" z="-90.000000" a="-45.000000" b="0.000000" c="0.000000" /></base>
<tool>
<pos x="365.660004" y="0.000000" z="93.000000" a="0.000000" b="-90.000000" c="0.000000" /></tool>
<ipo_mode>base</ipo_mode>
<load>
<mass>250.000000</mass>
</load>
<bco_motion>FALSE</bco_motion>
<interrupt>FALSE</interrupt>
<motion_mode>STANDARD</motion_mode>
<ipo_cycle>-1256</ipo_cycle>
</syn_motion>
<syn_motion>
<program>cncDoToolChange</program>
<line>91</line>
<name>cncLastHomePos</name>
<base>
<pos x="1486.225952" y="-367.585999" z="-90.000000" a="-45.000000" b="0.000000" c="0.000000" /></base>
<tool>
<pos x="365.660004" y="0.000000" z="93.000000" a="0.000000" b="-90.000000" c="0.000000" /></tool>
<ipo_mode>base</ipo_mode>
<load>
<mass>250.000000</mass>
</load>
<bco_motion>FALSE</bco_motion>
<interrupt>FALSE</interrupt>
<motion_mode>STANDARD</motion_mode>
<ipo_cycle>-1254</ipo_cycle>
</syn_motion>
<value>
<planned>
<robot_axis a1="44.540874" a2="-119.303574" a3="155.029449" a4="172.512268" a5="31.850304" a6="-171.652435" />
<external_axis />
</planned>
<actual>
<robot_axis a1="44.328140" a2="-119.316193" a3="155.020386" a4="171.709579" a5="31.546593" a6="-170.849808" />
<external_axis />
</actual>
<ipo_cycle>-420</ipo_cycle>
</value>
<value>
<planned>
<robot_axis a1="44.703472" a2="-119.294189" a3="155.036057" a4="173.124222" a5="32.081631" a6="-172.263626" />
<external_axis />
</planned>
<actual>
<robot_axis a1="44.490837" a2="-119.306976" a3="155.027893" a4="172.321503" a5="31.778095" a6="-171.461517" />
<external_axis />
</actual>
<ipo_cycle>-417</ipo_cycle>
</value>
<value>
<planned>
<robot_axis a1="44.866074" a2="-119.284813" a3="155.042679" a4="173.736160" a5="32.312958" a6="-172.874832" />
<external_axis />
</planned>
<actual>
<robot_axis a1="44.653374" a2="-119.296761" a3="155.035156" a4="172.933289" a5="32.009190" a6="-172.072418" />
<external_axis />
</actual>
<ipo_cycle>-414</ipo_cycle>
</value>
<value>
<planned>
<robot_axis a1="45.028675" a2="-119.275429" a3="155.049286" a4="174.348114" a5="32.544289" a6="-173.486023" />
<external_axis />
</planned>
<actual>
<robot_axis a1="44.815975" a2="-119.287041" a3="155.040543" a4="173.544708" a5="32.240593" a6="-172.683456" />
<external_axis />
</actual>
<ipo_cycle>-411</ipo_cycle>
</value>
<value>
<planned>
<robot_axis a1="45.191273" a2="-119.266052" a3="155.055893" a4="174.960052" a5="32.775616" a6="-174.097229" />
<external_axis />
</planned>
<actual>
<robot_axis a1="44.978607" a2="-119.278687" a3="155.047729" a4="174.156891" a5="32.471954" a6="-173.295059" />
<external_axis />
</actual>
<ipo_cycle>-408</ipo_cycle>
</value>
<value>
<planned>
<robot_axis a1="45.353874" a2="-119.256676" a3="155.062515" a4="175.572006" a5="33.006943" a6="-174.708435" />
<external_axis />
</planned>
<actual>
<robot_axis a1="45.141140" a2="-119.268173" a3="155.055832" a4="174.768005" a5="32.703152" a6="-173.905823" />
<external_axis />
</actual>
<ipo_cycle>-405</ipo_cycle>
</value>
<value>
<planned>
<robot_axis a1="45.516476" a2="-119.247292" a3="155.069122" a4="176.183945" a5="33.238270" a6="-175.319626" />
<external_axis />
</planned>
<actual>
<robot_axis a1="45.303799" a2="-119.259140" a3="155.060745" a4="175.379822" a5="32.934570" a6="-174.517395" />
<external_axis />
</actual>
<ipo_cycle>-402</ipo_cycle>
</value>
<value>
<planned>
<robot_axis a1="45.679077" a2="-119.237915" a3="155.075729" a4="176.795898" a5="33.469597" a6="-175.930832" />
<external_axis />
</planned>
<actual>
<robot_axis a1="45.466400" a2="-119.250031" a3="155.066971" a4="175.992447" a5="33.165901" a6="-175.128159" />
<external_axis />
</actual>
<ipo_cycle>-399</ipo_cycle>
</value>
<value>
<planned>
<robot_axis a1="45.841675" a2="-119.228531" a3="155.082352" a4="177.407837" a5="33.700924" a6="-176.542023" />
<external_axis />
</planned>
<actual>
<robot_axis a1="45.629047" a2="-119.240959" a3="155.074509" a4="176.605438" a5="33.397305" a6="-175.739380" />
<external_axis />
</actual>
<ipo_cycle>-396</ipo_cycle>
</value>
<value>
<planned>
<robot_axis a1="46.004276" a2="-119.219154" a3="155.088959" a4="178.019791" a5="33.932251" a6="-177.153229" />
<external_axis />
</planned>
<actual>
<robot_axis a1="45.791672" a2="-119.231224" a3="155.081940" a4="177.218338" a5="33.628441" a6="-176.350739" />
<external_axis />
</actual>
<ipo_cycle>-393</ipo_cycle>
</value>
<value>
<planned>
<robot_axis a1="46.166878" a2="-119.209770" a3="155.095566" a4="178.631729" a5="34.163578" a6="-177.764420" />
<external_axis />
</planned>
<actual>
<robot_axis a1="45.954269" a2="-119.221054" a3="155.086807" a4="177.828613" a5="33.859894" a6="-176.961655" />
<external_axis />
</actual>
<ipo_cycle>-390</ipo_cycle>
</value>
<value>
<planned>
<robot_axis a1="46.329479" a2="-119.200394" a3="155.102188" a4="179.243668" a5="34.394905" a6="-178.375626" />
<external_axis />
</planned>
<actual>
<robot_axis a1="46.116901" a2="-119.212311" a3="155.093155" a4="178.439682" a5="34.091267" a6="-177.573471" />
<external_axis />
</actual>
<ipo_cycle>-387</ipo_cycle>
</value>
<value>
<planned>
<robot_axis a1="46.492077" a2="-119.191010" a3="155.108795" a4="179.855621" a5="34.626232" a6="-178.986832" />
<external_axis />
</planned>
<actual>
<robot_axis a1="46.279430" a2="-119.203323" a3="155.101547" a4="179.051193" a5="34.322632" a6="-178.184418" />
<external_axis />
</actual>
<ipo_cycle>-384</ipo_cycle>
</value>
<value>
<planned>
<robot_axis a1="46.654678" a2="-119.181633" a3="155.115402" a4="180.467560" a5="34.857563" a6="-179.598022" />
<external_axis />
</planned>
<actual>
<robot_axis a1="46.442039" a2="-119.193314" a3="155.107376" a4="179.663422" a5="34.553928" a6="-178.795654" />
<external_axis />
</actual>
<ipo_cycle>-381</ipo_cycle>
</value>
<value>
<planned>
<robot_axis a1="46.817280" a2="-119.172249" a3="155.122025" a4="181.079514" a5="35.088890" a6="-180.209229" />
<external_axis />
</planned>
<actual>
<robot_axis a1="46.604824" a2="-119.184105" a3="155.113251" a4="180.276566" a5="34.785172" a6="-179.406525" />
<external_axis />
</actual>
<ipo_cycle>-378</ipo_cycle>
</value>
<value>
<planned>
<robot_axis a1="46.979881" a2="-119.162872" a3="155.128632" a4="181.691452" a5="35.320217" a6="-180.820419" />
<external_axis />
</planned>
<actual>
<robot_axis a1="46.767288" a2="-119.175064" a3="155.120682" a4="180.889435" a5="35.016510" a6="-180.017822" />
<external_axis />
</actual>
<ipo_cycle>-375</ipo_cycle>
</value>
<value>
<planned>
<robot_axis a1="47.142479" a2="-119.153488" a3="155.135254" a4="182.303406" a5="35.551544" a6="-181.431625" />
<external_axis />
</planned>
<actual>
<robot_axis a1="46.929787" a2="-119.165787" a3="155.128586" a4="181.501144" a5="35.247734" a6="-180.629135" />
<external_axis />
</actual>
<ipo_cycle>-372</ipo_cycle>
</value>
<value>
<planned>
<robot_axis a1="47.304432" a2="-119.144150" a3="155.141830" a4="182.912903" a5="35.781948" a6="-182.040390" />
<external_axis />
</planned>
<actual>
<robot_axis a1="47.092499" a2="-119.155594" a3="155.133316" a4="182.112717" a5="35.479107" a6="-181.240417" />
<external_axis />
</actual>
<ipo_cycle>-369</ipo_cycle>
</value>
<value>
<planned>
<robot_axis a1="47.450333" a2="-119.135727" a3="155.147766" a4="183.462006" a5="35.989521" a6="-182.588821" />
<external_axis />
</planned>
<actual>
<robot_axis a1="47.254932" a2="-119.146988" a3="155.140152" a4="182.723785" a5="35.710312" a6="-181.851379" />
<external_axis />
</actual>
<ipo_cycle>-366</ipo_cycle>
</value>
<value>
<planned>
<robot_axis a1="47.566460" a2="-119.129028" a3="155.152496" a4="183.899048" a5="36.154728" a6="-183.025330" />
<external_axis />
</planned>
<actual>
<robot_axis a1="47.409489" a2="-119.135269" a3="155.153412" a4="183.309006" a5="35.929131" a6="-182.432449" />
<external_axis />
</actual>
<ipo_cycle>-363</ipo_cycle>
</value>
<value>
<planned>
<robot_axis a1="47.673870" a2="-119.122833" a3="155.156860" a4="184.303284" a5="36.307541" a6="-183.429077" />
<external_axis />
</planned>
<actual>
<robot_axis a1="47.570663" a2="-119.124847" a3="155.157516" a4="183.919159" a5="36.158428" a6="-183.039185" />
<external_axis />
</actual>
<ipo_cycle>-359</ipo_cycle>
</value>
<value>
<planned>
<robot_axis a1="47.734009" a2="-119.119362" a3="155.159302" a4="184.529617" a5="36.393097" a6="-183.655136" />
<external_axis />
</planned>
<actual>
<robot_axis a1="47.709423" a2="-119.119995" a3="155.162247" a4="184.441162" a5="36.357021" a6="-183.563873" />
<external_axis />
</actual>
<ipo_cycle>-353</ipo_cycle>
</value>
<syn_motion>
<program>cncDoToolChange</program>
<line>99</line>
<name>cncLastAxPos</name>
<base>
<pos x="1486.225952" y="-367.585999" z="-90.000000" a="-45.000000" b="0.000000" c="0.000000" /></base>
<tool>
<pos x="365.660004" y="0.000000" z="93.000000" a="0.000000" b="-90.000000" c="0.000000" /></tool>
<ipo_mode>base</ipo_mode>
<load>
<mass>250.000000</mass>
</load>
<bco_motion>FALSE</bco_motion>
<interrupt>FALSE</interrupt>
<motion_mode>STANDARD</motion_mode>
<ipo_cycle>-345</ipo_cycle>
</syn_motion>
<syn_motion>
<program>cncDoToolChange</program>
<line>99</line>
<name>cncLastAxPos</name>
<base>
<pos x="1486.225952" y="-367.585999" z="-90.000000" a="-45.000000" b="0.000000" c="0.000000" /></base>
<tool>
<pos x="365.660004" y="0.000000" z="93.000000" a="0.000000" b="-90.000000" c="0.000000" /></tool>
<ipo_mode>base</ipo_mode>
<load>
<mass>250.000000</mass>
</load>
<bco_motion>FALSE</bco_motion>
<interrupt>FALSE</interrupt>
<motion_mode>STANDARD</motion_mode>
<ipo_cycle>-343</ipo_cycle>
</syn_motion>
<value>
<planned>
<robot_axis a1="47.394081" a2="-118.943077" a3="154.869980" a4="183.970032" a5="36.259983" a6="-183.208572" />
<external_axis />
</planned>
<actual>
<robot_axis a1="47.522156" a2="-119.009827" a3="154.979019" a4="184.206070" a5="36.314217" a6="-183.388168" />
<external_axis />
</actual>
<ipo_cycle>-321</ipo_cycle>
</value>
<value>
<planned>
<robot_axis a1="47.068233" a2="-118.770599" a3="154.588898" a4="183.428528" a5="36.134262" a6="-182.774597" />
<external_axis />
</planned>
<actual>
<robot_axis a1="47.288727" a2="-118.891747" a3="154.777649" a4="183.824783" a5="36.224682" a6="-183.087250" />
<external_axis />
</actual>
<ipo_cycle>-315</ipo_cycle>
</value>
<value>
<planned>
<robot_axis a1="46.762386" a2="-118.605453" a3="154.321320" a4="182.917374" a5="36.017944" a6="-182.363739" />
<external_axis />
</planned>
<actual>
<robot_axis a1="47.052616" a2="-118.766335" a3="154.573761" a4="183.428116" a5="36.133179" a6="-182.771988" />
<external_axis />
</actual>
<ipo_cycle>-311</ipo_cycle>
</value>
<value>
<planned>
<robot_axis a1="46.389748" a2="-118.399948" a3="153.990265" a4="182.290817" a5="35.878403" a6="-181.858551" />
<external_axis />
</planned>
<actual>
<robot_axis a1="46.745899" a2="-118.599426" a3="154.306076" a4="182.911133" a5="36.016102" a6="-182.359543" />
<external_axis />
</actual>
<ipo_cycle>-307</ipo_cycle>
</value>
<value>
<planned>
<robot_axis a1="46.084690" a2="-118.228180" a3="153.715057" a4="181.774811" a5="35.765919" a6="-181.441223" />
<external_axis />
</planned>
<actual>
<robot_axis a1="46.472847" a2="-118.448685" a3="154.064224" a4="182.448273" a5="35.913139" a6="-181.986938" />
<external_axis />
</actual>
<ipo_cycle>-304</ipo_cycle>
</value>
<value>
<planned>
<robot_axis a1="45.777386" a2="-118.051903" a3="153.433929" a4="181.252197" a5="35.654167" a6="-181.017410" />
<external_axis />
</planned>
<actual>
<robot_axis a1="46.176525" a2="-118.279778" a3="153.799118" a4="181.935837" a5="35.801582" a6="-181.574661" />
<external_axis />
</actual>
<ipo_cycle>-301</ipo_cycle>
</value>
<value>
<planned>
<robot_axis a1="45.473114" a2="-117.874123" a3="153.151611" a4="180.731995" a5="35.545040" a6="-180.594421" />
<external_axis />
</planned>
<actual>
<robot_axis a1="45.870995" a2="-118.103638" a3="153.521027" a4="181.408997" a5="35.689068" a6="-181.150040" />
<external_axis />
</actual>
<ipo_cycle>-298</ipo_cycle>
</value>
<value>
<planned>
<robot_axis a1="45.171875" a2="-117.694916" a3="152.868179" a4="180.214294" a5="35.438461" a6="-180.172318" />
<external_axis />
</planned>
<actual>
<robot_axis a1="45.565811" a2="-117.925583" a3="153.238617" a4="180.887024" a5="35.578968" a6="-180.726639" />
<external_axis />
</actual>
<ipo_cycle>-295</ipo_cycle>
</value>
<value>
<planned>
<robot_axis a1="44.873650" a2="-117.514336" a3="152.583618" a4="179.699081" a5="35.334351" a6="-179.751144" />
<external_axis />
</planned>
<actual>
<robot_axis a1="45.263645" a2="-117.747108" a3="152.955444" a4="180.370575" a5="35.471642" a6="-180.304047" />
<external_axis />
</actual>
<ipo_cycle>-292</ipo_cycle>
</value>
<value>
<planned>
<robot_axis a1="44.578396" a2="-117.332428" a3="152.297958" a4="179.186539" a5="35.232632" a6="-179.331100" />
<external_axis />
</planned>
<actual>
<robot_axis a1="44.964592" a2="-117.567513" a3="152.671112" a4="179.856003" a5="35.366661" a6="-179.882736" />
<external_axis />
</actual>
<ipo_cycle>-289</ipo_cycle>
</value>
<value>
<planned>
<robot_axis a1="44.286095" a2="-117.149246" a3="152.011200" a4="178.676437" a5="35.133224" a6="-178.912109" />
<external_axis />
</planned>
<actual>
<robot_axis a1="44.668842" a2="-117.386955" a3="152.385727" a4="179.343735" a5="35.264187" a6="-179.462387" />
<external_axis />
</actual>
<ipo_cycle>-286</ipo_cycle>
</value>
<value>
<planned>
<robot_axis a1="43.996719" a2="-116.964821" a3="151.723358" a4="178.168976" a5="35.036053" a6="-178.494110" />
<external_axis />
</planned>
<actual>
<robot_axis a1="44.375641" a2="-117.204842" a3="152.099167" a4="178.835068" a5="35.163750" a6="-179.043167" />
<external_axis />
</actual>
<ipo_cycle>-283</ipo_cycle>
</value>
<value>
<planned>
<robot_axis a1="43.710232" a2="-116.779213" a3="151.434433" a4="177.664108" a5="34.941044" a6="-178.077316" />
<external_axis />
</planned>
<actual>
<robot_axis a1="44.085419" a2="-117.021179" a3="151.811707" a4="178.326752" a5="35.066063" a6="-178.624527" />
<external_axis />
</actual>
<ipo_cycle>-280</ipo_cycle>
</value>
<value>
<planned>
<robot_axis a1="43.426605" a2="-116.592453" a3="151.144440" a4="177.161865" a5="34.848125" a6="-177.661713" />
<external_axis />
</planned>
<actual>
<robot_axis a1="43.798046" a2="-116.836143" a3="151.523163" a4="177.820526" a5="34.970497" a6="-178.207581" />
<external_axis />
</actual>
<ipo_cycle>-277</ipo_cycle>
</value>
<value>
<planned>
<robot_axis a1="43.145813" a2="-116.404587" a3="150.853378" a4="176.662262" a5="34.757225" a6="-177.247314" />
<external_axis />
</planned>
<actual>
<robot_axis a1="43.513447" a2="-116.649742" a3="151.233704" a4="177.316772" a5="34.876770" a6="-177.791870" />
<external_axis />
</actual>
<ipo_cycle>-274</ipo_cycle>
</value>
<value>
<planned>
<robot_axis a1="42.867828" a2="-116.215652" a3="150.561264" a4="176.165314" a5="34.668278" a6="-176.834167" />
<external_axis />
</planned>
<actual>
<robot_axis a1="43.231869" a2="-116.462196" a3="150.943024" a4="176.814835" a5="34.785316" a6="-177.376846" />
<external_axis />
</actual>
<ipo_cycle>-271</ipo_cycle>
</value>
<value>
<planned>
<robot_axis a1="42.501492" a2="-115.962135" a3="150.170166" a4="175.506866" a5="34.552597" a6="-176.285263" />
<external_axis />
</planned>
<actual>
<robot_axis a1="42.860584" a2="-116.210602" a3="150.553879" a4="176.153320" a5="34.666328" a6="-176.825851" />
<external_axis />
</actual>
<ipo_cycle>-267</ipo_cycle>
</value>
<value>
<planned>
<robot_axis a1="42.140118" a2="-115.706863" a3="149.777222" a4="174.853317" a5="34.440102" a6="-175.739014" />
<external_axis />
</planned>
<actual>
<robot_axis a1="42.494312" a2="-115.957146" a3="150.162628" a4="175.496201" a5="34.550884" a6="-176.276581" />
<external_axis />
</actual>
<ipo_cycle>-263</ipo_cycle>
</value>
<value>
<planned>
<robot_axis a1="41.783356" a2="-115.449928" a3="149.382462" a4="174.204193" a5="34.330677" a6="-175.194458" />
<external_axis />
</planned>
<actual>
<robot_axis a1="42.132927" a2="-115.702271" a3="149.769653" a4="174.844254" a5="34.438484" a6="-175.730103" />
<external_axis />
</actual>
<ipo_cycle>-259</ipo_cycle>
</value>
<value>
<planned>
<robot_axis a1="41.431416" a2="-115.191399" a3="148.985901" a4="173.559982" a5="34.224140" a6="-174.652603" />
<external_axis />
</planned>
<actual>
<robot_axis a1="41.776379" a2="-115.445190" a3="149.374756" a4="174.194763" a5="34.328907" a6="-175.186050" />
<external_axis />
</actual>
<ipo_cycle>-255</ipo_cycle>
</value>
<value>
<planned>
<robot_axis a1="41.084137" a2="-114.931343" a3="148.587540" a4="172.920502" a5="34.120365" a6="-174.113159" />
<external_axis />
</planned>
<actual>
<robot_axis a1="41.424408" a2="-115.186729" a3="148.978256" a4="173.549545" a5="34.222424" a6="-174.644180" />
<external_axis />
</actual>
<ipo_cycle>-251</ipo_cycle>
</value>
<value>
<planned>
<robot_axis a1="40.741459" a2="-114.669830" a3="148.187424" a4="172.285736" a5="34.019222" a6="-173.576157" />
<external_axis />
</planned>
<actual>
<robot_axis a1="41.077267" a2="-114.926414" a3="148.580017" a4="172.910309" a5="34.118977" a6="-174.104797" />
<external_axis />
</actual>
<ipo_cycle>-247</ipo_cycle>
</value>
<value>
<planned>
<robot_axis a1="40.403309" a2="-114.406921" a3="147.785538" a4="171.655655" a5="33.920586" a6="-173.041580" />
<external_axis />
</planned>
<actual>
<robot_axis a1="40.734692" a2="-114.664818" a3="148.179810" a4="172.275009" a5="34.017860" a6="-173.567459" />
<external_axis />
</actual>
<ipo_cycle>-243</ipo_cycle>
</value>
<value>
<planned>
<robot_axis a1="40.069618" a2="-114.142693" a3="147.381912" a4="171.030243" a5="33.824322" a6="-172.509445" />
<external_axis />
</planned>
<actual>
<robot_axis a1="40.396633" a2="-114.401726" a3="147.778061" a4="171.645325" a5="33.919079" a6="-173.033035" />
<external_axis />
</actual>
<ipo_cycle>-239</ipo_cycle>
</value>
<value>
<planned>
<robot_axis a1="39.740330" a2="-113.877190" a3="146.976563" a4="170.409454" a5="33.730320" a6="-171.979752" />
<external_axis />
</planned>
<actual>
<robot_axis a1="40.062981" a2="-114.137535" a3="147.374222" a4="171.020172" a5="33.822823" a6="-172.501328" />
<external_axis />
</actual>
<ipo_cycle>-235</ipo_cycle>
</value>
<value>
<planned>
<robot_axis a1="39.415375" a2="-113.610466" a3="146.569489" a4="169.793243" a5="33.638466" a6="-171.452484" />
<external_axis />
</planned>
<actual>
<robot_axis a1="39.733727" a2="-113.872261" a3="146.968719" a4="170.399261" a5="33.728737" a6="-171.971786" />
<external_axis />
</actual>
<ipo_cycle>-231</ipo_cycle>
</value>
<value>
<planned>
<robot_axis a1="39.094685" a2="-113.342575" a3="146.160721" a4="169.181580" a5="33.548645" a6="-170.927628" />
<external_axis />
</planned>
<actual>
<robot_axis a1="39.408936" a2="-113.605743" a3="146.561798" a4="169.783661" a5="33.637257" a6="-171.444351" />
<external_axis />
</actual>
<ipo_cycle>-227</ipo_cycle>
</value>
<value>
<planned>
<robot_axis a1="38.778202" a2="-113.073570" a3="145.750244" a4="168.574402" a5="33.460758" a6="-170.405167" />
<external_axis />
</planned>
<actual>
<robot_axis a1="39.088203" a2="-113.337730" a3="146.152908" a4="169.172958" a5="33.546787" a6="-170.919296" />
<external_axis />
</actual>
<ipo_cycle>-223</ipo_cycle>
</value>
<value>
<planned>
<robot_axis a1="38.465858" a2="-112.803490" a3="145.338104" a4="167.971664" a5="33.374699" a6="-169.885071" />
<external_axis />
</planned>
<actual>
<robot_axis a1="38.771717" a2="-113.068527" a3="145.742401" a4="168.564911" a5="33.459366" a6="-170.397034" />
<external_axis />
</actual>
<ipo_cycle>-219</ipo_cycle>
</value>
<value>
<planned>
<robot_axis a1="38.157593" a2="-112.532387" a3="144.924286" a4="167.373291" a5="33.290379" a6="-169.367325" />
<external_axis />
</planned>
<actual>
<robot_axis a1="38.459545" a2="-112.798035" a3="145.330063" a4="167.960419" a5="33.373440" a6="-169.877213" />
<external_axis />
</actual>
<ipo_cycle>-215</ipo_cycle>
</value>
<value>
<planned>
<robot_axis a1="37.853344" a2="-112.260300" a3="144.508804" a4="166.779236" a5="33.207695" a6="-168.851868" />
<external_axis />
</planned>
<actual>
<robot_axis a1="38.151310" a2="-112.526993" a3="144.916412" a4="167.361771" a5="33.289104" a6="-169.359238" />
<external_axis />
</actual>
<ipo_cycle>-211</ipo_cycle>
</value>
<value>
<planned>
<robot_axis a1="37.553055" a2="-111.987259" a3="144.091660" a4="166.189438" a5="33.126564" a6="-168.338684" />
<external_axis />
</planned>
<actual>
<robot_axis a1="37.847218" a2="-112.255051" a3="144.500809" a4="166.769180" a5="33.206478" a6="-168.844055" />
<external_axis />
</actual>
<ipo_cycle>-207</ipo_cycle>
</value>
<value>
<planned>
<robot_axis a1="37.256657" a2="-111.713303" a3="143.672882" a4="165.603806" a5="33.046906" a6="-167.827713" />
<external_axis />
</planned>
<actual>
<robot_axis a1="37.546867" a2="-111.982155" a3="144.083755" a4="166.180725" a5="33.125412" a6="-168.330566" />
<external_axis />
</actual>
<ipo_cycle>-203</ipo_cycle>
</value>
<value>
<planned>
<robot_axis a1="36.964092" a2="-111.438477" a3="143.252472" a4="165.022293" a5="32.968632" a6="-167.318924" />
<external_axis />
</planned>
<actual>
<robot_axis a1="37.250568" a2="-111.707901" a3="143.664932" a4="165.597000" a5="33.045723" a6="-167.819717" />
<external_axis />
</actual>
<ipo_cycle>-199</ipo_cycle>
</value>
<value>
<planned>
<robot_axis a1="36.675308" a2="-111.162804" a3="142.830414" a4="164.444809" a5="32.891666" a6="-166.812271" />
<external_axis />
</planned>
<actual>
<robot_axis a1="36.958076" a2="-111.433136" a3="143.244354" a4="165.014099" a5="32.967793" a6="-167.311066" />
<external_axis />
</actual>
<ipo_cycle>-195</ipo_cycle>
</value>
<value>
<planned>
<robot_axis a1="36.390240" a2="-110.886314" a3="142.406754" a4="163.871292" a5="32.815937" a6="-166.307693" />
<external_axis />
</planned>
<actual>
<robot_axis a1="36.669323" a2="-111.157516" a3="142.822296" a4="164.435608" a5="32.890755" a6="-166.804703" />
<external_axis />
</actual>
<ipo_cycle>-191</ipo_cycle>
</value>
<value>
<planned>
<robot_axis a1="36.108833" a2="-110.609039" a3="141.981461" a4="163.301651" a5="32.741375" a6="-165.805145" />
<external_axis />
</planned>
<actual>
<robot_axis a1="36.384457" a2="-110.880936" a3="142.398590" a4="163.861923" a5="32.815079" a6="-166.299896" />
<external_axis />
</actual>
<ipo_cycle>-187</ipo_cycle>
</value>
<value>
<planned>
<robot_axis a1="35.831028" a2="-110.331001" a3="141.554565" a4="162.735825" a5="32.667912" a6="-165.304550" />
<external_axis />
</planned>
<actual>
<robot_axis a1="36.103077" a2="-110.603462" a3="141.973557" a4="163.292221" a5="32.740135" a6="-165.797546" />
<external_axis />
</actual>
<ipo_cycle>-183</ipo_cycle>
</value>
<value>
<planned>
<robot_axis a1="35.556774" a2="-110.052231" a3="141.126053" a4="162.173706" a5="32.595482" a6="-164.805878" />
<external_axis />
</planned>
<actual>
<robot_axis a1="35.825195" a2="-110.325684" a3="141.546585" a4="162.727127" a5="32.666782" a6="-165.297073" />
<external_axis />
</actual>
<ipo_cycle>-179</ipo_cycle>
</value>
<value>
<planned>
<robot_axis a1="35.286011" a2="-109.772751" a3="140.695953" a4="161.615234" a5="32.524029" a6="-164.309036" />
<external_axis />
</planned>
<actual>
<robot_axis a1="35.551025" a2="-110.047089" a3="141.117920" a4="162.165207" a5="32.594574" a6="-164.798096" />
<external_axis />
</actual>
<ipo_cycle>-175</ipo_cycle>
</value>
<value>
<planned>
<robot_axis a1="35.018684" a2="-109.492577" a3="140.264252" a4="161.060318" a5="32.453487" a6="-163.813995" />
<external_axis />
</planned>
<actual>
<robot_axis a1="35.280224" a2="-109.767410" a3="140.687698" a4="161.606339" a5="32.523434" a6="-164.301300" />
<external_axis />
</actual>
<ipo_cycle>-171</ipo_cycle>
</value>
<value>
<planned>
<robot_axis a1="34.754539" a2="-109.211731" a3="139.830948" a4="160.508926" a5="32.383812" a6="-163.320633" />
<external_axis />
</planned>
<actual>
<robot_axis a1="35.012936" a2="-109.487122" a3="140.256073" a4="161.051544" a5="32.452255" a6="-163.806000" />
<external_axis />
</actual>
<ipo_cycle>-167</ipo_cycle>
</value>
<value>
<planned>
<robot_axis a1="34.494007" a2="-108.930237" a3="139.396057" a4="159.960831" a5="32.314941" a6="-162.828979" />
<external_axis />
</planned>
<actual>
<robot_axis a1="34.749050" a2="-109.206184" a3="139.822723" a4="160.500565" a5="32.383015" a6="-163.312729" />
<external_axis />
</actual>
<ipo_cycle>-163</ipo_cycle>
</value>
<value>
<planned>
<robot_axis a1="34.236748" a2="-108.648109" a3="138.959579" a4="159.416016" a5="32.246834" a6="-162.338867" />
<external_axis />
</planned>
<actual>
<robot_axis a1="34.488506" a2="-108.924599" a3="139.387772" a4="159.953476" a5="32.314140" a6="-162.821365" />
<external_axis />
</actual>
<ipo_cycle>-159</ipo_cycle>
</value>
<value>
<planned>
<robot_axis a1="33.982773" a2="-108.365364" a3="138.521515" a4="158.874649" a5="32.179337" a6="-161.850784" />
<external_axis />
</planned>
<actual>
<robot_axis a1="34.231358" a2="-108.642731" a3="138.951462" a4="159.407227" a5="32.245766" a6="-162.331512" />
<external_axis />
</actual>
<ipo_cycle>-155</ipo_cycle>
</value>
<value>
<planned>
<robot_axis a1="33.731873" a2="-108.082016" a3="138.081863" a4="158.335968" a5="32.112686" a6="-161.363251" />
<external_axis />
</planned>
<actual>
<robot_axis a1="33.977474" a2="-108.359917" a3="138.513245" a4="158.865067" a5="32.178432" a6="-161.843155" />
<external_axis />
</actual>
<ipo_cycle>-151</ipo_cycle>
</value>
<value>
<planned>
<robot_axis a1="33.484142" a2="-107.798080" a3="137.640625" a4="157.800522" a5="32.046574" a6="-160.877533" />
<external_axis />
</planned>
<actual>
<robot_axis a1="33.726456" a2="-108.076721" a3="138.073700" a4="158.325500" a5="32.111408" a6="-161.355942" />
<external_axis />
</actual>
<ipo_cycle>-147</ipo_cycle>
</value>
<value>
<planned>
<robot_axis a1="33.239262" a2="-107.513565" a3="137.197800" a4="157.268082" a5="31.981054" a6="-160.393097" />
<external_axis />
</planned>
<actual>
<robot_axis a1="33.478725" a2="-107.792572" a3="137.632202" a4="157.790100" a5="32.045853" a6="-160.870102" />
<external_axis />
</actual>
<ipo_cycle>-143</ipo_cycle>
</value>
<value>
<planned>
<robot_axis a1="32.997574" a2="-107.228485" a3="136.753403" a4="156.738449" a5="31.916077" a6="-159.909912" />
<external_axis />
</planned>
<actual>
<robot_axis a1="33.234203" a2="-107.507866" a3="137.189514" a4="157.259338" a5="31.979734" a6="-160.385437" />
<external_axis />
</actual>
<ipo_cycle>-139</ipo_cycle>
</value>
<value>
<planned>
<robot_axis a1="32.758865" a2="-106.942856" a3="136.307404" a4="156.211563" a5="31.851612" a6="-159.427902" />
<external_axis />
</planned>
<actual>
<robot_axis a1="32.992413" a2="-107.222855" a3="136.745056" a4="156.731995" a5="31.914953" a6="-159.902161" />
<external_axis />
</actual>
<ipo_cycle>-135</ipo_cycle>
</value>
<value>
<planned>
<robot_axis a1="32.523098" a2="-106.656677" a3="135.859833" a4="155.687363" a5="31.787626" a6="-158.946976" />
<external_axis />
</planned>
<actual>
<robot_axis a1="32.753731" a2="-106.937508" a3="136.299088" a4="156.205246" a5="31.850389" a6="-159.420364" />
<external_axis />
</actual>
<ipo_cycle>-131</ipo_cycle>
</value>
<value>
<planned>
<robot_axis a1="32.290218" a2="-106.369965" a3="135.410675" a4="155.165726" a5="31.724087" a6="-158.467072" />
<external_axis />
</planned>
<actual>
<robot_axis a1="32.518097" a2="-106.651680" a3="135.851425" a4="155.679825" a5="31.786499" a6="-158.939575" />
<external_axis />
</actual>
<ipo_cycle>-127</ipo_cycle>
</value>
<value>
<planned>
<robot_axis a1="32.060181" a2="-106.082718" a3="134.959915" a4="154.646561" a5="31.660965" a6="-157.988113" />
<external_axis />
</planned>
<actual>
<robot_axis a1="32.285069" a2="-106.364594" a3="135.402130" a4="155.157440" a5="31.723412" a6="-158.459641" />
<external_axis />
</actual>
<ipo_cycle>-123</ipo_cycle>
</value>
<value>
<planned>
<robot_axis a1="31.832947" a2="-105.794952" a3="134.507568" a4="154.129807" a5="31.598234" a6="-157.510025" />
<external_axis />
</planned>
<actual>
<robot_axis a1="32.055218" a2="-106.077019" a3="134.951477" a4="154.637604" a5="31.659754" a6="-157.980988" />
<external_axis />
</actual>
<ipo_cycle>-119</ipo_cycle>
</value>
<value>
<planned>
<robot_axis a1="31.608467" a2="-105.506668" a3="134.053635" a4="153.615356" a5="31.535866" a6="-157.032745" />
<external_axis />
</planned>
<actual>
<robot_axis a1="31.828123" a2="-105.789261" a3="134.499115" a4="154.121460" a5="31.597565" a6="-157.502884" />
<external_axis />
</actual>
<ipo_cycle>-115</ipo_cycle>
</value>
<value>
<planned>
<robot_axis a1="31.386702" a2="-105.217880" a3="133.598099" a4="153.103119" a5="31.473841" a6="-156.556183" />
<external_axis />
</planned>
<actual>
<robot_axis a1="31.603573" a2="-105.501167" a3="134.045074" a4="153.607132" a5="31.535011" a6="-157.025436" />
<external_axis />
</actual>
<ipo_cycle>-111</ipo_cycle>
</value>
<value>
<planned>
<robot_axis a1="31.167606" a2="-104.928581" a3="133.140961" a4="152.593018" a5="31.412130" a6="-156.080261" />
<external_axis />
</planned>
<actual>
<robot_axis a1="31.381842" a2="-105.212570" a3="133.589584" a4="153.095459" a5="31.472807" a6="-156.549149" />
<external_axis />
</actual>
<ipo_cycle>-107</ipo_cycle>
</value>
<value>
<planned>
<robot_axis a1="30.951141" a2="-104.638771" a3="132.682220" a4="152.084930" a5="31.350719" a6="-155.604935" />
<external_axis />
</planned>
<actual>
<robot_axis a1="31.162634" a2="-104.923141" a3="133.132431" a4="152.585266" a5="31.411415" a6="-156.073013" />
<external_axis />
</actual>
<ipo_cycle>-103</ipo_cycle>
</value>
<value>
<planned>
<robot_axis a1="30.737265" a2="-104.348473" a3="132.221863" a4="151.578796" a5="31.289585" a6="-155.130096" />
<external_axis />
</planned>
<actual>
<robot_axis a1="30.946302" a2="-104.633362" a3="132.673447" a4="152.077347" a5="31.349974" a6="-155.597397" />
<external_axis />
</actual>
<ipo_cycle>-99</ipo_cycle>
</value>
<value>
<planned>
<robot_axis a1="30.525934" a2="-104.057663" a3="131.759903" a4="151.074524" a5="31.228712" a6="-154.655670" />
<external_axis />
</planned>
<actual>
<robot_axis a1="30.732433" a2="-104.342896" a3="132.213181" a4="151.570938" a5="31.288506" a6="-155.122787" />
<external_axis />
</actual>
<ipo_cycle>-95</ipo_cycle>
</value>
<value>
<planned>
<robot_axis a1="30.317112" a2="-103.766365" a3="131.296310" a4="150.572006" a5="31.168081" a6="-154.181610" />
<external_axis />
</planned>
<actual>
<robot_axis a1="30.521160" a2="-104.052055" a3="131.751175" a4="151.068497" a5="31.228046" a6="-154.648178" />
<external_axis />
</actual>
<ipo_cycle>-91</ipo_cycle>
</value>
<value>
<planned>
<robot_axis a1="30.110760" a2="-103.474564" a3="130.831085" a4="150.071167" a5="31.107679" a6="-153.707825" />
<external_axis />
</planned>
<actual>
<robot_axis a1="30.312449" a2="-103.760704" a3="131.287628" a4="150.564697" a5="31.167397" a6="-154.174088" />
<external_axis />
</actual>
<ipo_cycle>-87</ipo_cycle>
</value>
<value>
<planned>
<robot_axis a1="29.906837" a2="-103.182266" a3="130.364243" a4="149.571915" a5="31.047493" a6="-153.234253" />
<external_axis />
</planned>
<actual>
<robot_axis a1="30.106018" a2="-103.469116" a3="130.822464" a4="150.062820" a5="31.106880" a6="-153.700424" />
<external_axis />
</actual>
<ipo_cycle>-83</ipo_cycle>
</value>
<value>
<planned>
<robot_axis a1="29.655298" a2="-102.816200" a3="129.778366" a4="148.949951" a5="30.972546" a6="-152.642441" />
<external_axis />
</planned>
<actual>
<robot_axis a1="29.851614" a2="-103.103775" a3="130.238586" a4="149.438293" a5="31.031624" a6="-153.108688" />
<external_axis />
</actual>
<ipo_cycle>-78</ipo_cycle>
</value>
<value>
<planned>
<robot_axis a1="29.407425" a2="-102.449356" a3="129.189911" a4="148.330170" a5="30.897892" a6="-152.050690" />
<external_axis />
</planned>
<actual>
<robot_axis a1="29.600946" a2="-102.737427" a3="129.652084" a4="148.814987" a5="30.957031" a6="-152.516876" />
<external_axis />
</actual>
<ipo_cycle>-73</ipo_cycle>
</value>
<value>
<planned>
<robot_axis a1="29.163147" a2="-102.081718" a3="128.598862" a4="147.712387" a5="30.823519" a6="-151.458847" />
<external_axis />
</planned>
<actual>
<robot_axis a1="29.353764" a2="-102.370178" a3="129.063248" a4="148.197952" a5="30.882175" a6="-151.925079" />
<external_axis />
</actual>
<ipo_cycle>-68</ipo_cycle>
</value>
<value>
<planned>
<robot_axis a1="28.922400" a2="-101.713303" a3="128.005203" a4="147.096451" a5="30.749405" a6="-150.866776" />
<external_axis />
</planned>
<actual>
<robot_axis a1="29.110245" a2="-102.002457" a3="128.471451" a4="147.583542" a5="30.807753" a6="-151.333267" />
<external_axis />
</actual>
<ipo_cycle>-63</ipo_cycle>
</value>
<value>
<planned>
<robot_axis a1="28.685110" a2="-101.344086" a3="127.408905" a4="146.482162" a5="30.675541" a6="-150.274338" />
<external_axis />
</planned>
<actual>
<robot_axis a1="28.870131" a2="-101.633789" a3="127.877487" a4="146.967346" a5="30.733335" a6="-150.741150" />
<external_axis />
</actual>
<ipo_cycle>-58</ipo_cycle>
</value>
<value>
<planned>
<robot_axis a1="28.451216" a2="-100.974068" a3="126.809967" a4="145.869385" a5="30.601917" a6="-149.681366" />
<external_axis />
</planned>
<actual>
<robot_axis a1="28.633505" a2="-101.264633" a3="127.280426" a4="146.352539" a5="30.659517" a6="-150.148407" />
<external_axis />
</actual>
<ipo_cycle>-53</ipo_cycle>
</value>
<value>
<planned>
<robot_axis a1="28.220650" a2="-100.603241" a3="126.208351" a4="145.257950" a5="30.528524" a6="-149.087738" />
<external_axis />
</planned>
<actual>
<robot_axis a1="28.400505" a2="-100.894089" a3="126.680984" a4="145.738464" a5="30.586388" a6="-149.555496" />
<external_axis />
</actual>
<ipo_cycle>-48</ipo_cycle>
</value>
<value>
<planned>
<robot_axis a1="27.993351" a2="-100.231590" a3="125.604042" a4="144.647675" a5="30.455357" a6="-148.493317" />
<external_axis />
</planned>
<actual>
<robot_axis a1="28.170519" a2="-100.523361" a3="126.078499" a4="145.127594" a5="30.512953" a6="-148.961655" />
<external_axis />
</actual>
<ipo_cycle>-43</ipo_cycle>
</value>
<value>
<planned>
<robot_axis a1="27.769255" a2="-99.859100" a3="124.997017" a4="144.038422" a5="30.382414" a6="-147.897934" />
<external_axis />
</planned>
<actual>
<robot_axis a1="27.943937" a2="-100.151421" a3="125.473969" a4="144.517075" a5="30.439663" a6="-148.366989" />
<external_axis />
</actual>
<ipo_cycle>-38</ipo_cycle>
</value>
<value>
<planned>
<robot_axis a1="27.548304" a2="-99.485771" a3="124.387253" a4="143.430008" a5="30.309690" a6="-147.301483" />
<external_axis />
</planned>
<actual>
<robot_axis a1="27.720585" a2="-99.778931" a3="124.866394" a4="143.908661" a5="30.366684" a6="-147.771454" />
<external_axis />
</actual>
<ipo_cycle>-33</ipo_cycle>
</value>
<value>
<planned>
<robot_axis a1="27.330435" a2="-99.111588" a3="123.774719" a4="142.822296" a5="30.237192" a6="-146.703796" />
<external_axis />
</planned>
<actual>
<robot_axis a1="27.500357" a2="-99.405357" a3="124.255768" a4="143.301163" a5="30.294449" a6="-147.174683" />
<external_axis />
</actual>
<ipo_cycle>-28</ipo_cycle>
</value>
<value>
<planned>
<robot_axis a1="27.126940" a2="-98.756485" a3="123.192169" a4="142.247360" a5="30.168756" a6="-146.136627" />
<external_axis />
</planned>
<actual>
<robot_axis a1="27.284515" a2="-99.031570" a3="123.643677" a4="142.694260" a5="30.221802" a6="-146.576859" />
<external_axis />
</actual>
<ipo_cycle>-23</ipo_cycle>
</value>
<value>
<planned>
<robot_axis a1="26.983728" a2="-98.503258" a3="122.776009" a4="141.838379" a5="30.120174" a6="-145.732132" />
<external_axis />
</planned>
<actual>
<robot_axis a1="27.102251" a2="-98.692917" a3="123.099792" a4="142.139679" a5="30.156410" a6="-146.031570" />
<external_axis />
</actual>
<ipo_cycle>-18</ipo_cycle>
</value>
<value>
<planned>
<robot_axis a1="26.893087" a2="-98.341545" a3="122.509911" a4="141.577591" a5="30.089245" a6="-145.473785" />
<external_axis />
</planned>
<actual>
<robot_axis a1="26.928198" a2="-98.385376" a3="122.589760" a4="141.642380" a5="30.097204" a6="-145.537323" />
<external_axis />
</actual>
<ipo_cycle>-11</ipo_cycle>
</value>
<value>
<planned>
<robot_axis a1="26.892323" a2="-97.064758" a3="124.602089" a4="144.876434" a5="32.791824" a6="-149.337708" />
<external_axis />
</planned>
<actual>
<robot_axis a1="26.892197" a2="-98.343025" a3="122.506454" a4="141.572922" a5="30.088938" a6="-145.466125" />
<external_axis />
</actual>
<ipo_cycle>0</ipo_cycle>
</value>
<syn_motion>
<program>CNCMOTION</program>
<line>83</line>
<name>MCS</name>
<base>
<pos x="1486.225952" y="-367.585999" z="-90.000000" a="-45.000000" b="0.000000" c="0.000000" /></base>
<tool>
<pos x="365.660004" y="0.000000" z="93.000000" a="0.000000" b="-90.000000" c="0.000000" /></tool>
<ipo_mode>base</ipo_mode>
<load>
<mass>18.000000</mass>
</load>
<bco_motion>FALSE</bco_motion>
<interrupt>FALSE</interrupt>
<motion_mode>STANDARD</motion_mode>
<ipo_cycle>0</ipo_cycle>
</syn_motion>
</poslog>
