<?xml-stylesheet href="poslog.xsl" type="text/xsl"?>
<poslog serialno="1074578" trafo="#KR250R2700_2 C4 FLR" date="JAN 31 2022" time="09:37:53" tick="523753152" timestamp="523705526" trigger="ERROR STOP">
<syn_motion>
<program>cncDoToolChange</program>
<line>52</line>
<name>XHomeToolChanger</name>
<base>
<pos x="1858.680054" y="122.529999" z="241.000000" a="45.000000" b="0.000000" c="0.000000" /></base>
<tool>
<pos x="301.660004" y="0.000000" z="93.000000" a="0.000000" b="-90.000000" c="0.000000" /></tool>
<ipo_mode>base</ipo_mode>
<load>
<mass>250.000000</mass>
</load>
<bco_motion>FALSE</bco_motion>
<interrupt>FALSE</interrupt>
<motion_mode>STANDARD</motion_mode>
<ipo_cycle>-4058</ipo_cycle>
</syn_motion>
<syn_motion>
<program>cncDoToolChange</program>
<line>123</line>
<name>XToolMagHover</name>
<base>
<pos x="1858.680054" y="122.529999" z="241.000000" a="45.000000" b="0.000000" c="0.000000" /></base>
<tool>
<pos x="301.660004" y="0.000000" z="93.000000" a="0.000000" b="-90.000000" c="0.000000" /></tool>
<ipo_mode>base</ipo_mode>
<load>
<mass>250.000000</mass>
</load>
<bco_motion>FALSE</bco_motion>
<interrupt>FALSE</interrupt>
<motion_mode>STANDARD</motion_mode>
<ipo_cycle>-3144</ipo_cycle>
</syn_motion>
<syn_motion>
<program>cncDoToolChange</program>
<line>123</line>
<name>XToolMagHover</name>
<base>
<pos x="1858.680054" y="122.529999" z="241.000000" a="45.000000" b="0.000000" c="0.000000" /></base>
<tool>
<pos x="301.660004" y="0.000000" z="93.000000" a="0.000000" b="-90.000000" c="0.000000" /></tool>
<ipo_mode>base</ipo_mode>
<load>
<mass>250.000000</mass>
</load>
<bco_motion>FALSE</bco_motion>
<interrupt>FALSE</interrupt>
<motion_mode>STANDARD</motion_mode>
<ipo_cycle>-3143</ipo_cycle>
</syn_motion>
<syn_motion>
<program>cncDoToolChange</program>
<line>128</line>
<name>XToolMagChange</name>
<base>
<pos x="1858.680054" y="122.529999" z="241.000000" a="45.000000" b="0.000000" c="0.000000" /></base>
<tool>
<pos x="301.660004" y="0.000000" z="93.000000" a="0.000000" b="-90.000000" c="0.000000" /></tool>
<ipo_mode>base</ipo_mode>
<load>
<mass>250.000000</mass>
</load>
<bco_motion>FALSE</bco_motion>
<interrupt>FALSE</interrupt>
<motion_mode>STANDARD</motion_mode>
<ipo_cycle>-2797</ipo_cycle>
</syn_motion>
<syn_motion>
<program>cncDoToolChange</program>
<line>128</line>
<name>XToolMagChange</name>
<base>
<pos x="1858.680054" y="122.529999" z="241.000000" a="45.000000" b="0.000000" c="0.000000" /></base>
<tool>
<pos x="301.660004" y="0.000000" z="93.000000" a="0.000000" b="-90.000000" c="0.000000" /></tool>
<ipo_mode>base</ipo_mode>
<load>
<mass>250.000000</mass>
</load>
<bco_motion>FALSE</bco_motion>
<interrupt>FALSE</interrupt>
<motion_mode>STANDARD</motion_mode>
<ipo_cycle>-2795</ipo_cycle>
</syn_motion>
<syn_motion>
<program>cncDoToolChange</program>
<line>131</line>
<name>XToolAirBlow</name>
<base>
<pos x="1858.680054" y="122.529999" z="241.000000" a="45.000000" b="0.000000" c="0.000000" /></base>
<tool>
<pos x="301.660004" y="0.000000" z="93.000000" a="0.000000" b="-90.000000" c="0.000000" /></tool>
<ipo_mode>base</ipo_mode>
<load>
<mass>250.000000</mass>
</load>
<bco_motion>FALSE</bco_motion>
<interrupt>FALSE</interrupt>
<motion_mode>STANDARD</motion_mode>
<ipo_cycle>-2644</ipo_cycle>
</syn_motion>
<syn_motion>
<program>cncDoToolChange</program>
<line>131</line>
<name>XToolAirBlow</name>
<base>
<pos x="1858.680054" y="122.529999" z="241.000000" a="45.000000" b="0.000000" c="0.000000" /></base>
<tool>
<pos x="301.660004" y="0.000000" z="93.000000" a="0.000000" b="-90.000000" c="0.000000" /></tool>
<ipo_mode>base</ipo_mode>
<load>
<mass>250.000000</mass>
</load>
<bco_motion>FALSE</bco_motion>
<interrupt>FALSE</interrupt>
<motion_mode>STANDARD</motion_mode>
<ipo_cycle>-2643</ipo_cycle>
</syn_motion>
<syn_motion>
<program>cncDoToolChange</program>
<line>138</line>
<name>XToolChangerPickup</name>
<base>
<pos x="1858.680054" y="122.529999" z="241.000000" a="45.000000" b="0.000000" c="0.000000" /></base>
<tool>
<pos x="301.660004" y="0.000000" z="93.000000" a="0.000000" b="-90.000000" c="0.000000" /></tool>
<ipo_mode>base</ipo_mode>
<load>
<mass>250.000000</mass>
</load>
<bco_motion>FALSE</bco_motion>
<interrupt>FALSE</interrupt>
<motion_mode>STANDARD</motion_mode>
<ipo_cycle>-2420</ipo_cycle>
</syn_motion>
<syn_motion>
<program>cncDoToolChange</program>
<line>138</line>
<name>XToolChangerPickup</name>
<base>
<pos x="1858.680054" y="122.529999" z="241.000000" a="45.000000" b="0.000000" c="0.000000" /></base>
<tool>
<pos x="301.660004" y="0.000000" z="93.000000" a="0.000000" b="-90.000000" c="0.000000" /></tool>
<ipo_mode>base</ipo_mode>
<load>
<mass>250.000000</mass>
</load>
<bco_motion>FALSE</bco_motion>
<interrupt>FALSE</interrupt>
<motion_mode>STANDARD</motion_mode>
<ipo_cycle>-2419</ipo_cycle>
</syn_motion>
<syn_motion>
<program>cncDoToolChange</program>
<line>148</line>
<name>XToolWaitEnter</name>
<base>
<pos x="1858.680054" y="122.529999" z="241.000000" a="45.000000" b="0.000000" c="0.000000" /></base>
<tool>
<pos x="301.660004" y="0.000000" z="93.000000" a="0.000000" b="-90.000000" c="0.000000" /></tool>
<ipo_mode>base</ipo_mode>
<load>
<mass>250.000000</mass>
</load>
<bco_motion>FALSE</bco_motion>
<interrupt>FALSE</interrupt>
<motion_mode>STANDARD</motion_mode>
<ipo_cycle>-2272</ipo_cycle>
</syn_motion>
<syn_motion>
<program>cncDoToolChange</program>
<line>148</line>
<name>XToolWaitEnter</name>
<base>
<pos x="1858.680054" y="122.529999" z="241.000000" a="45.000000" b="0.000000" c="0.000000" /></base>
<tool>
<pos x="301.660004" y="0.000000" z="93.000000" a="0.000000" b="-90.000000" c="0.000000" /></tool>
<ipo_mode>base</ipo_mode>
<load>
<mass>250.000000</mass>
</load>
<bco_motion>FALSE</bco_motion>
<interrupt>FALSE</interrupt>
<motion_mode>STANDARD</motion_mode>
<ipo_cycle>-2270</ipo_cycle>
</syn_motion>
<syn_motion>
<program>cncDoToolChange</program>
<line>159</line>
<name>XToolHover</name>
<base>
<pos x="1858.680054" y="122.529999" z="241.000000" a="45.000000" b="0.000000" c="0.000000" /></base>
<tool>
<pos x="365.660004" y="0.000000" z="93.000000" a="0.000000" b="-90.000000" c="0.000000" /></tool>
<ipo_mode>base</ipo_mode>
<load>
<mass>250.000000</mass>
</load>
<bco_motion>FALSE</bco_motion>
<interrupt>FALSE</interrupt>
<motion_mode>STANDARD</motion_mode>
<ipo_cycle>-1860</ipo_cycle>
</syn_motion>
<syn_motion>
<program>cncDoToolChange</program>
<line>159</line>
<name>XToolHover</name>
<base>
<pos x="1858.680054" y="122.529999" z="241.000000" a="45.000000" b="0.000000" c="0.000000" /></base>
<tool>
<pos x="365.660004" y="0.000000" z="93.000000" a="0.000000" b="-90.000000" c="0.000000" /></tool>
<ipo_mode>base</ipo_mode>
<load>
<mass>250.000000</mass>
</load>
<bco_motion>FALSE</bco_motion>
<interrupt>FALSE</interrupt>
<motion_mode>STANDARD</motion_mode>
<ipo_cycle>-1858</ipo_cycle>
</syn_motion>
<syn_motion>
<program>cncDoToolChange</program>
<line>80</line>
<name>XHomeToolChanger</name>
<base>
<pos x="1858.680054" y="122.529999" z="241.000000" a="45.000000" b="0.000000" c="0.000000" /></base>
<tool>
<pos x="365.660004" y="0.000000" z="93.000000" a="0.000000" b="-90.000000" c="0.000000" /></tool>
<ipo_mode>base</ipo_mode>
<load>
<mass>250.000000</mass>
</load>
<bco_motion>FALSE</bco_motion>
<interrupt>FALSE</interrupt>
<motion_mode>STANDARD</motion_mode>
<ipo_cycle>-1582</ipo_cycle>
</syn_motion>
<syn_motion>
<program>cncDoToolChange</program>
<line>80</line>
<name>XHomeToolChanger</name>
<base>
<pos x="1858.680054" y="122.529999" z="241.000000" a="45.000000" b="0.000000" c="0.000000" /></base>
<tool>
<pos x="365.660004" y="0.000000" z="93.000000" a="0.000000" b="-90.000000" c="0.000000" /></tool>
<ipo_mode>base</ipo_mode>
<load>
<mass>250.000000</mass>
</load>
<bco_motion>FALSE</bco_motion>
<interrupt>FALSE</interrupt>
<motion_mode>STANDARD</motion_mode>
<ipo_cycle>-1581</ipo_cycle>
</syn_motion>
<syn_motion>
<program>cncDoToolChange</program>
<line>91</line>
<name>cncLastHomePos</name>
<base>
<pos x="1486.225952" y="-367.585999" z="-90.000000" a="-45.000000" b="0.000000" c="0.000000" /></base>
<tool>
<pos x="365.660004" y="0.000000" z="93.000000" a="0.000000" b="-90.000000" c="0.000000" /></tool>
<ipo_mode>base</ipo_mode>
<load>
<mass>250.000000</mass>
</load>
<bco_motion>FALSE</bco_motion>
<interrupt>FALSE</interrupt>
<motion_mode>STANDARD</motion_mode>
<ipo_cycle>-1256</ipo_cycle>
</syn_motion>
<syn_motion>
<program>cncDoToolChange</program>
<line>91</line>
<name>cncLastHomePos</name>
<base>
<pos x="1486.225952" y="-367.585999" z="-90.000000" a="-45.000000" b="0.000000" c="0.000000" /></base>
<tool>
<pos x="365.660004" y="0.000000" z="93.000000" a="0.000000" b="-90.000000" c="0.000000" /></tool>
<ipo_mode>base</ipo_mode>
<load>
<mass>250.000000</mass>
</load>
<bco_motion>FALSE</bco_motion>
<interrupt>FALSE</interrupt>
<motion_mode>STANDARD</motion_mode>
<ipo_cycle>-1254</ipo_cycle>
</syn_motion>
<value>
<planned>
<robot_axis a1="44.540874" a2="-119.303574" a3="155.029449" a4="172.512268" a5="31.850304" a6="-171.652435" />
<external_axis />
</planned>
<actual>
<robot_axis a1="44.328129" a2="-119.316216" a3="155.020386" a4="171.709473" a5="31.546635" a6="-170.849808" />
<external_axis />
</actual>
<ipo_cycle>-420</ipo_cycle>
</value>
<value>
<planned>
<robot_axis a1="44.703472" a2="-119.294189" a3="155.036057" a4="173.124222" a5="32.081631" a6="-172.263626" />
<external_axis />
</planned>
<actual>
<robot_axis a1="44.490841" a2="-119.306931" a3="155.027985" a4="172.321579" a5="31.778126" a6="-171.461655" />
<external_axis />
</actual>
<ipo_cycle>-417</ipo_cycle>
</value>
<value>
<planned>
<robot_axis a1="44.866074" a2="-119.284813" a3="155.042679" a4="173.736160" a5="32.312958" a6="-172.874832" />
<external_axis />
</planned>
<actual>
<robot_axis a1="44.653343" a2="-119.296707" a3="155.035187" a4="172.933380" a5="32.009163" a6="-172.072372" />
<external_axis />
</actual>
<ipo_cycle>-414</ipo_cycle>
</value>
<value>
<planned>
<robot_axis a1="45.028675" a2="-119.275429" a3="155.049286" a4="174.348114" a5="32.544289" a6="-173.486023" />
<external_axis />
</planned>
<actual>
<robot_axis a1="44.815952" a2="-119.287003" a3="155.040543" a4="173.544769" a5="32.240574" a6="-172.683563" />
<external_axis />
</actual>
<ipo_cycle>-411</ipo_cycle>
</value>
<value>
<planned>
<robot_axis a1="45.191273" a2="-119.266052" a3="155.055893" a4="174.960052" a5="32.775616" a6="-174.097229" />
<external_axis />
</planned>
<actual>
<robot_axis a1="44.978600" a2="-119.278740" a3="155.047684" a4="174.156937" a5="32.471954" a6="-173.295105" />
<external_axis />
</actual>
<ipo_cycle>-408</ipo_cycle>
</value>
<value>
<planned>
<robot_axis a1="45.353874" a2="-119.256676" a3="155.062515" a4="175.572006" a5="33.006943" a6="-174.708435" />
<external_axis />
</planned>
<actual>
<robot_axis a1="45.141140" a2="-119.268272" a3="155.055801" a4="174.768143" a5="32.703197" a6="-173.905701" />
<external_axis />
</actual>
<ipo_cycle>-405</ipo_cycle>
</value>
<value>
<planned>
<robot_axis a1="45.516476" a2="-119.247292" a3="155.069122" a4="176.183945" a5="33.238270" a6="-175.319626" />
<external_axis />
</planned>
<actual>
<robot_axis a1="45.303814" a2="-119.259186" a3="155.060715" a4="175.379959" a5="32.934631" a6="-174.517303" />
<external_axis />
</actual>
<ipo_cycle>-402</ipo_cycle>
</value>
<value>
<planned>
<robot_axis a1="45.679077" a2="-119.237915" a3="155.075729" a4="176.795898" a5="33.469597" a6="-175.930832" />
<external_axis />
</planned>
<actual>
<robot_axis a1="45.466385" a2="-119.249985" a3="155.066971" a4="175.992554" a5="33.165920" a6="-175.128296" />
<external_axis />
</actual>
<ipo_cycle>-399</ipo_cycle>
</value>
<value>
<planned>
<robot_axis a1="45.841675" a2="-119.228531" a3="155.082352" a4="177.407837" a5="33.700924" a6="-176.542023" />
<external_axis />
</planned>
<actual>
<robot_axis a1="45.629047" a2="-119.240929" a3="155.074539" a4="176.605499" a5="33.397274" a6="-175.739441" />
<external_axis />
</actual>
<ipo_cycle>-396</ipo_cycle>
</value>
<value>
<planned>
<robot_axis a1="46.004276" a2="-119.219154" a3="155.088959" a4="178.019791" a5="33.932251" a6="-177.153229" />
<external_axis />
</planned>
<actual>
<robot_axis a1="45.791672" a2="-119.231224" a3="155.081940" a4="177.218323" a5="33.628441" a6="-176.350754" />
<external_axis />
</actual>
<ipo_cycle>-393</ipo_cycle>
</value>
<value>
<planned>
<robot_axis a1="46.166878" a2="-119.209770" a3="155.095566" a4="178.631729" a5="34.163578" a6="-177.764420" />
<external_axis />
</planned>
<actual>
<robot_axis a1="45.954262" a2="-119.221092" a3="155.086777" a4="177.828705" a5="33.859898" a6="-176.961655" />
<external_axis />
</actual>
<ipo_cycle>-390</ipo_cycle>
</value>
<value>
<planned>
<robot_axis a1="46.329479" a2="-119.200394" a3="155.102188" a4="179.243668" a5="34.394905" a6="-178.375626" />
<external_axis />
</planned>
<actual>
<robot_axis a1="46.116871" a2="-119.212425" a3="155.093109" a4="178.439880" a5="34.091255" a6="-177.573364" />
<external_axis />
</actual>
<ipo_cycle>-387</ipo_cycle>
</value>
<value>
<planned>
<robot_axis a1="46.492077" a2="-119.191010" a3="155.108795" a4="179.855621" a5="34.626232" a6="-178.986832" />
<external_axis />
</planned>
<actual>
<robot_axis a1="46.279423" a2="-119.203400" a3="155.101486" a4="179.051132" a5="34.322655" a6="-178.184341" />
<external_axis />
</actual>
<ipo_cycle>-384</ipo_cycle>
</value>
<value>
<planned>
<robot_axis a1="46.654678" a2="-119.181633" a3="155.115402" a4="180.467560" a5="34.857563" a6="-179.598022" />
<external_axis />
</planned>
<actual>
<robot_axis a1="46.442005" a2="-119.193321" a3="155.107407" a4="179.663742" a5="34.553947" a6="-178.795624" />
<external_axis />
</actual>
<ipo_cycle>-381</ipo_cycle>
</value>
<value>
<planned>
<robot_axis a1="46.817280" a2="-119.172249" a3="155.122025" a4="181.079514" a5="35.088890" a6="-180.209229" />
<external_axis />
</planned>
<actual>
<robot_axis a1="46.604786" a2="-119.184067" a3="155.113205" a4="180.276642" a5="34.785172" a6="-179.406525" />
<external_axis />
</actual>
<ipo_cycle>-378</ipo_cycle>
</value>
<value>
<planned>
<robot_axis a1="46.979881" a2="-119.162872" a3="155.128632" a4="181.691452" a5="35.320217" a6="-180.820419" />
<external_axis />
</planned>
<actual>
<robot_axis a1="46.767296" a2="-119.175003" a3="155.120697" a4="180.889282" a5="35.016563" a6="-180.017807" />
<external_axis />
</actual>
<ipo_cycle>-375</ipo_cycle>
</value>
<value>
<planned>
<robot_axis a1="47.142479" a2="-119.153488" a3="155.135254" a4="182.303406" a5="35.551544" a6="-181.431625" />
<external_axis />
</planned>
<actual>
<robot_axis a1="46.929821" a2="-119.165634" a3="155.128693" a4="181.500778" a5="35.247742" a6="-180.629242" />
<external_axis />
</actual>
<ipo_cycle>-372</ipo_cycle>
</value>
<value>
<planned>
<robot_axis a1="47.304432" a2="-119.144150" a3="155.141830" a4="182.912903" a5="35.781948" a6="-182.040390" />
<external_axis />
</planned>
<actual>
<robot_axis a1="47.092499" a2="-119.155388" a3="155.133316" a4="182.112411" a5="35.479137" a6="-181.240524" />
<external_axis />
</actual>
<ipo_cycle>-369</ipo_cycle>
</value>
<value>
<planned>
<robot_axis a1="47.450333" a2="-119.135727" a3="155.147766" a4="183.462006" a5="35.989521" a6="-182.588821" />
<external_axis />
</planned>
<actual>
<robot_axis a1="47.254951" a2="-119.146896" a3="155.140167" a4="182.723679" a5="35.710243" a6="-181.851471" />
<external_axis />
</actual>
<ipo_cycle>-366</ipo_cycle>
</value>
<value>
<planned>
<robot_axis a1="47.566460" a2="-119.129028" a3="155.152496" a4="183.899048" a5="36.154728" a6="-183.025330" />
<external_axis />
</planned>
<actual>
<robot_axis a1="47.409496" a2="-119.135246" a3="155.153473" a4="183.308990" a5="35.929119" a6="-182.432556" />
<external_axis />
</actual>
<ipo_cycle>-363</ipo_cycle>
</value>
<value>
<planned>
<robot_axis a1="47.673870" a2="-119.122833" a3="155.156860" a4="184.303284" a5="36.307541" a6="-183.429077" />
<external_axis />
</planned>
<actual>
<robot_axis a1="47.570683" a2="-119.124817" a3="155.157547" a4="183.919357" a5="36.158390" a6="-183.039139" />
<external_axis />
</actual>
<ipo_cycle>-359</ipo_cycle>
</value>
<value>
<planned>
<robot_axis a1="47.734009" a2="-119.119362" a3="155.159302" a4="184.529617" a5="36.393097" a6="-183.655136" />
<external_axis />
</planned>
<actual>
<robot_axis a1="47.709415" a2="-119.120041" a3="155.162247" a4="184.441132" a5="36.356956" a6="-183.563889" />
<external_axis />
</actual>
<ipo_cycle>-354</ipo_cycle>
</value>
<syn_motion>
<program>cncDoToolChange</program>
<line>99</line>
<name>cncLastAxPos</name>
<base>
<pos x="1486.225952" y="-367.585999" z="-90.000000" a="-45.000000" b="0.000000" c="0.000000" /></base>
<tool>
<pos x="365.660004" y="0.000000" z="93.000000" a="0.000000" b="-90.000000" c="0.000000" /></tool>
<ipo_mode>base</ipo_mode>
<load>
<mass>250.000000</mass>
</load>
<bco_motion>FALSE</bco_motion>
<interrupt>FALSE</interrupt>
<motion_mode>STANDARD</motion_mode>
<ipo_cycle>-345</ipo_cycle>
</syn_motion>
<syn_motion>
<program>cncDoToolChange</program>
<line>99</line>
<name>cncLastAxPos</name>
<base>
<pos x="1486.225952" y="-367.585999" z="-90.000000" a="-45.000000" b="0.000000" c="0.000000" /></base>
<tool>
<pos x="365.660004" y="0.000000" z="93.000000" a="0.000000" b="-90.000000" c="0.000000" /></tool>
<ipo_mode>base</ipo_mode>
<load>
<mass>250.000000</mass>
</load>
<bco_motion>FALSE</bco_motion>
<interrupt>FALSE</interrupt>
<motion_mode>STANDARD</motion_mode>
<ipo_cycle>-344</ipo_cycle>
</syn_motion>
<value>
<planned>
<robot_axis a1="47.394081" a2="-118.943077" a3="154.869980" a4="183.970032" a5="36.259983" a6="-183.208572" />
<external_axis />
</planned>
<actual>
<robot_axis a1="47.522190" a2="-119.009819" a3="154.979065" a4="184.206177" a5="36.314285" a6="-183.388382" />
<external_axis />
</actual>
<ipo_cycle>-321</ipo_cycle>
</value>
<value>
<planned>
<robot_axis a1="47.068233" a2="-118.770599" a3="154.588898" a4="183.428528" a5="36.134262" a6="-182.774597" />
<external_axis />
</planned>
<actual>
<robot_axis a1="47.288734" a2="-118.891800" a3="154.777512" a4="183.824799" a5="36.224697" a6="-183.087265" />
<external_axis />
</actual>
<ipo_cycle>-315</ipo_cycle>
</value>
<value>
<planned>
<robot_axis a1="46.762386" a2="-118.605453" a3="154.321320" a4="182.917374" a5="36.017944" a6="-182.363739" />
<external_axis />
</planned>
<actual>
<robot_axis a1="47.052628" a2="-118.766418" a3="154.573654" a4="183.428406" a5="36.133183" a6="-182.772003" />
<external_axis />
</actual>
<ipo_cycle>-311</ipo_cycle>
</value>
<value>
<planned>
<robot_axis a1="46.389748" a2="-118.399948" a3="153.990265" a4="182.290817" a5="35.878403" a6="-181.858551" />
<external_axis />
</planned>
<actual>
<robot_axis a1="46.745922" a2="-118.599533" a3="154.306046" a4="182.910995" a5="36.016109" a6="-182.359482" />
<external_axis />
</actual>
<ipo_cycle>-307</ipo_cycle>
</value>
<value>
<planned>
<robot_axis a1="46.084690" a2="-118.228180" a3="153.715057" a4="181.774811" a5="35.765919" a6="-181.441223" />
<external_axis />
</planned>
<actual>
<robot_axis a1="46.472870" a2="-118.448761" a3="154.064224" a4="182.448425" a5="35.913166" a6="-181.987030" />
<external_axis />
</actual>
<ipo_cycle>-304</ipo_cycle>
</value>
<value>
<planned>
<robot_axis a1="45.777386" a2="-118.051903" a3="153.433929" a4="181.252197" a5="35.654167" a6="-181.017410" />
<external_axis />
</planned>
<actual>
<robot_axis a1="46.176491" a2="-118.279747" a3="153.799072" a4="181.936188" a5="35.801655" a6="-181.574890" />
<external_axis />
</actual>
<ipo_cycle>-301</ipo_cycle>
</value>
<value>
<planned>
<robot_axis a1="45.473114" a2="-117.874123" a3="153.151611" a4="180.731995" a5="35.545040" a6="-180.594421" />
<external_axis />
</planned>
<actual>
<robot_axis a1="45.871017" a2="-118.103462" a3="153.521027" a4="181.409332" a5="35.689098" a6="-181.150146" />
<external_axis />
</actual>
<ipo_cycle>-298</ipo_cycle>
</value>
<value>
<planned>
<robot_axis a1="45.171875" a2="-117.694916" a3="152.868179" a4="180.214294" a5="35.438461" a6="-180.172318" />
<external_axis />
</planned>
<actual>
<robot_axis a1="45.565811" a2="-117.925072" a3="153.238678" a4="180.887360" a5="35.578999" a6="-180.726715" />
<external_axis />
</actual>
<ipo_cycle>-295</ipo_cycle>
</value>
<value>
<planned>
<robot_axis a1="44.873650" a2="-117.514336" a3="152.583618" a4="179.699081" a5="35.334351" a6="-179.751144" />
<external_axis />
</planned>
<actual>
<robot_axis a1="45.263649" a2="-117.746704" a3="152.955444" a4="180.370636" a5="35.471653" a6="-180.304214" />
<external_axis />
</actual>
<ipo_cycle>-292</ipo_cycle>
</value>
<value>
<planned>
<robot_axis a1="44.578396" a2="-117.332428" a3="152.297958" a4="179.186539" a5="35.232632" a6="-179.331100" />
<external_axis />
</planned>
<actual>
<robot_axis a1="44.964592" a2="-117.567406" a3="152.671082" a4="179.855942" a5="35.366695" a6="-179.882828" />
<external_axis />
</actual>
<ipo_cycle>-289</ipo_cycle>
</value>
<value>
<planned>
<robot_axis a1="44.286095" a2="-117.149246" a3="152.011200" a4="178.676437" a5="35.133224" a6="-178.912109" />
<external_axis />
</planned>
<actual>
<robot_axis a1="44.668797" a2="-117.387222" a3="152.385666" a4="179.343613" a5="35.264149" a6="-179.462402" />
<external_axis />
</actual>
<ipo_cycle>-286</ipo_cycle>
</value>
<value>
<planned>
<robot_axis a1="43.996719" a2="-116.964821" a3="151.723358" a4="178.168976" a5="35.036053" a6="-178.494110" />
<external_axis />
</planned>
<actual>
<robot_axis a1="44.375622" a2="-117.205162" a3="152.099197" a4="178.835327" a5="35.163700" a6="-179.043076" />
<external_axis />
</actual>
<ipo_cycle>-283</ipo_cycle>
</value>
<value>
<planned>
<robot_axis a1="43.710232" a2="-116.779213" a3="151.434433" a4="177.664108" a5="34.941044" a6="-178.077316" />
<external_axis />
</planned>
<actual>
<robot_axis a1="44.085419" a2="-117.021332" a3="151.811737" a4="178.326797" a5="35.066067" a6="-178.624603" />
<external_axis />
</actual>
<ipo_cycle>-280</ipo_cycle>
</value>
<value>
<planned>
<robot_axis a1="43.426605" a2="-116.592453" a3="151.144440" a4="177.161865" a5="34.848125" a6="-177.661713" />
<external_axis />
</planned>
<actual>
<robot_axis a1="43.798065" a2="-116.836159" a3="151.523148" a4="177.820480" a5="34.970482" a6="-178.207413" />
<external_axis />
</actual>
<ipo_cycle>-277</ipo_cycle>
</value>
<value>
<planned>
<robot_axis a1="43.145813" a2="-116.404587" a3="150.853378" a4="176.662262" a5="34.757225" a6="-177.247314" />
<external_axis />
</planned>
<actual>
<robot_axis a1="43.513481" a2="-116.649704" a3="151.233795" a4="177.316620" a5="34.876762" a6="-177.791931" />
<external_axis />
</actual>
<ipo_cycle>-274</ipo_cycle>
</value>
<value>
<planned>
<robot_axis a1="42.867828" a2="-116.215652" a3="150.561264" a4="176.165314" a5="34.668278" a6="-176.834167" />
<external_axis />
</planned>
<actual>
<robot_axis a1="43.231853" a2="-116.462196" a3="150.943115" a4="176.814758" a5="34.785252" a6="-177.376831" />
<external_axis />
</actual>
<ipo_cycle>-271</ipo_cycle>
</value>
<value>
<planned>
<robot_axis a1="42.501492" a2="-115.962135" a3="150.170166" a4="175.506866" a5="34.552597" a6="-176.285263" />
<external_axis />
</planned>
<actual>
<robot_axis a1="42.860561" a2="-116.210663" a3="150.553833" a4="176.153244" a5="34.666264" a6="-176.825851" />
<external_axis />
</actual>
<ipo_cycle>-267</ipo_cycle>
</value>
<value>
<planned>
<robot_axis a1="42.140118" a2="-115.706863" a3="149.777222" a4="174.853317" a5="34.440102" a6="-175.739014" />
<external_axis />
</planned>
<actual>
<robot_axis a1="42.494312" a2="-115.957253" a3="150.162491" a4="175.496490" a5="34.550781" a6="-176.276627" />
<external_axis />
</actual>
<ipo_cycle>-263</ipo_cycle>
</value>
<value>
<planned>
<robot_axis a1="41.783356" a2="-115.449928" a3="149.382462" a4="174.204193" a5="34.330677" a6="-175.194458" />
<external_axis />
</planned>
<actual>
<robot_axis a1="42.132904" a2="-115.702309" a3="149.769623" a4="174.844681" a5="34.438469" a6="-175.730072" />
<external_axis />
</actual>
<ipo_cycle>-259</ipo_cycle>
</value>
<value>
<planned>
<robot_axis a1="41.431416" a2="-115.191399" a3="148.985901" a4="173.559982" a5="34.224140" a6="-174.652603" />
<external_axis />
</planned>
<actual>
<robot_axis a1="41.776356" a2="-115.445152" a3="149.374786" a4="174.194809" a5="34.328892" a6="-175.186188" />
<external_axis />
</actual>
<ipo_cycle>-255</ipo_cycle>
</value>
<value>
<planned>
<robot_axis a1="41.084137" a2="-114.931343" a3="148.587540" a4="172.920502" a5="34.120365" a6="-174.113159" />
<external_axis />
</planned>
<actual>
<robot_axis a1="41.424400" a2="-115.186638" a3="148.978333" a4="173.549469" a5="34.222473" a6="-174.644257" />
<external_axis />
</actual>
<ipo_cycle>-251</ipo_cycle>
</value>
<value>
<planned>
<robot_axis a1="40.741459" a2="-114.669830" a3="148.187424" a4="172.285736" a5="34.019222" a6="-173.576157" />
<external_axis />
</planned>
<actual>
<robot_axis a1="41.077278" a2="-114.926247" a3="148.580032" a4="172.910126" a5="34.118965" a6="-174.104828" />
<external_axis />
</actual>
<ipo_cycle>-247</ipo_cycle>
</value>
<value>
<planned>
<robot_axis a1="40.403309" a2="-114.406921" a3="147.785538" a4="171.655655" a5="33.920586" a6="-173.041580" />
<external_axis />
</planned>
<actual>
<robot_axis a1="40.734680" a2="-114.664909" a3="148.179657" a4="172.274887" a5="34.017830" a6="-173.567398" />
<external_axis />
</actual>
<ipo_cycle>-243</ipo_cycle>
</value>
<value>
<planned>
<robot_axis a1="40.069618" a2="-114.142693" a3="147.381912" a4="171.030243" a5="33.824322" a6="-172.509445" />
<external_axis />
</planned>
<actual>
<robot_axis a1="40.396652" a2="-114.401894" a3="147.777954" a4="171.645187" a5="33.919090" a6="-173.033157" />
<external_axis />
</actual>
<ipo_cycle>-239</ipo_cycle>
</value>
<value>
<planned>
<robot_axis a1="39.740330" a2="-113.877190" a3="146.976563" a4="170.409454" a5="33.730320" a6="-171.979752" />
<external_axis />
</planned>
<actual>
<robot_axis a1="40.062977" a2="-114.137596" a3="147.374283" a4="171.020203" a5="33.822861" a6="-172.501251" />
<external_axis />
</actual>
<ipo_cycle>-235</ipo_cycle>
</value>
<value>
<planned>
<robot_axis a1="39.415375" a2="-113.610466" a3="146.569489" a4="169.793243" a5="33.638466" a6="-171.452484" />
<external_axis />
</planned>
<actual>
<robot_axis a1="39.733711" a2="-113.872208" a3="146.968811" a4="170.399384" a5="33.728764" a6="-171.971802" />
<external_axis />
</actual>
<ipo_cycle>-231</ipo_cycle>
</value>
<value>
<planned>
<robot_axis a1="39.094685" a2="-113.342575" a3="146.160721" a4="169.181580" a5="33.548645" a6="-170.927628" />
<external_axis />
</planned>
<actual>
<robot_axis a1="39.408936" a2="-113.605614" a3="146.561844" a4="169.783661" a5="33.637291" a6="-171.444366" />
<external_axis />
</actual>
<ipo_cycle>-227</ipo_cycle>
</value>
<value>
<planned>
<robot_axis a1="38.778202" a2="-113.073570" a3="145.750244" a4="168.574402" a5="33.460758" a6="-170.405167" />
<external_axis />
</planned>
<actual>
<robot_axis a1="39.088196" a2="-113.337692" a3="146.152847" a4="169.173050" a5="33.546791" a6="-170.919128" />
<external_axis />
</actual>
<ipo_cycle>-223</ipo_cycle>
</value>
<value>
<planned>
<robot_axis a1="38.465858" a2="-112.803490" a3="145.338104" a4="167.971664" a5="33.374699" a6="-169.885071" />
<external_axis />
</planned>
<actual>
<robot_axis a1="38.771725" a2="-113.068542" a3="145.742355" a4="168.564774" a5="33.459404" a6="-170.397003" />
<external_axis />
</actual>
<ipo_cycle>-219</ipo_cycle>
</value>
<value>
<planned>
<robot_axis a1="38.157593" a2="-112.532387" a3="144.924286" a4="167.373291" a5="33.290379" a6="-169.367325" />
<external_axis />
</planned>
<actual>
<robot_axis a1="38.459579" a2="-112.798050" a3="145.330139" a4="167.960236" a5="33.373451" a6="-169.877319" />
<external_axis />
</actual>
<ipo_cycle>-215</ipo_cycle>
</value>
<value>
<planned>
<robot_axis a1="37.853344" a2="-112.260300" a3="144.508804" a4="166.779236" a5="33.207695" a6="-168.851868" />
<external_axis />
</planned>
<actual>
<robot_axis a1="38.151283" a2="-112.526924" a3="144.916489" a4="167.361801" a5="33.289078" a6="-169.359222" />
<external_axis />
</actual>
<ipo_cycle>-211</ipo_cycle>
</value>
<value>
<planned>
<robot_axis a1="37.553055" a2="-111.987259" a3="144.091660" a4="166.189438" a5="33.126564" a6="-168.338684" />
<external_axis />
</planned>
<actual>
<robot_axis a1="37.847225" a2="-112.254990" a3="144.500931" a4="166.769058" a5="33.206459" a6="-168.843887" />
<external_axis />
</actual>
<ipo_cycle>-207</ipo_cycle>
</value>
<value>
<planned>
<robot_axis a1="37.256657" a2="-111.713303" a3="143.672882" a4="165.603806" a5="33.046906" a6="-167.827713" />
<external_axis />
</planned>
<actual>
<robot_axis a1="37.546879" a2="-111.982185" a3="144.083694" a4="166.180679" a5="33.125412" a6="-168.330673" />
<external_axis />
</actual>
<ipo_cycle>-203</ipo_cycle>
</value>
<value>
<planned>
<robot_axis a1="36.964092" a2="-111.438477" a3="143.252472" a4="165.022293" a5="32.968632" a6="-167.318924" />
<external_axis />
</planned>
<actual>
<robot_axis a1="37.250603" a2="-111.708206" a3="143.664917" a4="165.597076" a5="33.045715" a6="-167.819763" />
<external_axis />
</actual>
<ipo_cycle>-199</ipo_cycle>
</value>
<value>
<planned>
<robot_axis a1="36.675308" a2="-111.162804" a3="142.830414" a4="164.444809" a5="32.891666" a6="-166.812271" />
<external_axis />
</planned>
<actual>
<robot_axis a1="36.958057" a2="-111.433434" a3="143.244431" a4="165.014084" a5="32.967789" a6="-167.311035" />
<external_axis />
</actual>
<ipo_cycle>-195</ipo_cycle>
</value>
<value>
<planned>
<robot_axis a1="36.390240" a2="-110.886314" a3="142.406754" a4="163.871292" a5="32.815937" a6="-166.307693" />
<external_axis />
</planned>
<actual>
<robot_axis a1="36.669338" a2="-111.157898" a3="142.822357" a4="164.435501" a5="32.890778" a6="-166.804703" />
<external_axis />
</actual>
<ipo_cycle>-191</ipo_cycle>
</value>
<value>
<planned>
<robot_axis a1="36.108833" a2="-110.609039" a3="141.981461" a4="163.301651" a5="32.741375" a6="-165.805145" />
<external_axis />
</planned>
<actual>
<robot_axis a1="36.384457" a2="-110.881065" a3="142.398666" a4="163.861877" a5="32.815109" a6="-166.299911" />
<external_axis />
</actual>
<ipo_cycle>-187</ipo_cycle>
</value>
<value>
<planned>
<robot_axis a1="35.831028" a2="-110.331001" a3="141.554565" a4="162.735825" a5="32.667912" a6="-165.304550" />
<external_axis />
</planned>
<actual>
<robot_axis a1="36.103065" a2="-110.603600" a3="141.973358" a4="163.292282" a5="32.740116" a6="-165.797470" />
<external_axis />
</actual>
<ipo_cycle>-183</ipo_cycle>
</value>
<value>
<planned>
<robot_axis a1="35.556774" a2="-110.052231" a3="141.126053" a4="162.173706" a5="32.595482" a6="-164.805878" />
<external_axis />
</planned>
<actual>
<robot_axis a1="35.825188" a2="-110.325645" a3="141.546417" a4="162.727234" a5="32.666798" a6="-165.296936" />
<external_axis />
</actual>
<ipo_cycle>-179</ipo_cycle>
</value>
<value>
<planned>
<robot_axis a1="35.286011" a2="-109.772751" a3="140.695953" a4="161.615234" a5="32.524029" a6="-164.309036" />
<external_axis />
</planned>
<actual>
<robot_axis a1="35.551018" a2="-110.046852" a3="141.117844" a4="162.165024" a5="32.594551" a6="-164.797943" />
<external_axis />
</actual>
<ipo_cycle>-175</ipo_cycle>
</value>
<value>
<planned>
<robot_axis a1="35.018684" a2="-109.492577" a3="140.264252" a4="161.060318" a5="32.453487" a6="-163.813995" />
<external_axis />
</planned>
<actual>
<robot_axis a1="35.280235" a2="-109.767059" a3="140.687744" a4="161.606262" a5="32.523392" a6="-164.301208" />
<external_axis />
</actual>
<ipo_cycle>-171</ipo_cycle>
</value>
<value>
<planned>
<robot_axis a1="34.754539" a2="-109.211731" a3="139.830948" a4="160.508926" a5="32.383812" a6="-163.320633" />
<external_axis />
</planned>
<actual>
<robot_axis a1="35.012962" a2="-109.486832" a3="140.256149" a4="161.051666" a5="32.452213" a6="-163.805984" />
<external_axis />
</actual>
<ipo_cycle>-167</ipo_cycle>
</value>
<value>
<planned>
<robot_axis a1="34.494007" a2="-108.930237" a3="139.396057" a4="159.960831" a5="32.314941" a6="-162.828979" />
<external_axis />
</planned>
<actual>
<robot_axis a1="34.749092" a2="-109.206078" a3="139.822632" a4="160.500824" a5="32.382992" a6="-163.312836" />
<external_axis />
</actual>
<ipo_cycle>-163</ipo_cycle>
</value>
<value>
<planned>
<robot_axis a1="34.236748" a2="-108.648109" a3="138.959579" a4="159.416016" a5="32.246834" a6="-162.338867" />
<external_axis />
</planned>
<actual>
<robot_axis a1="34.488503" a2="-108.924683" a3="139.387680" a4="159.953766" a5="32.314091" a6="-162.821564" />
<external_axis />
</actual>
<ipo_cycle>-159</ipo_cycle>
</value>
<value>
<planned>
<robot_axis a1="33.982773" a2="-108.365364" a3="138.521515" a4="158.874649" a5="32.179337" a6="-161.850784" />
<external_axis />
</planned>
<actual>
<robot_axis a1="34.231312" a2="-108.642799" a3="138.951462" a4="159.407181" a5="32.245739" a6="-162.331619" />
<external_axis />
</actual>
<ipo_cycle>-155</ipo_cycle>
</value>
<value>
<planned>
<robot_axis a1="33.731873" a2="-108.082016" a3="138.081863" a4="158.335968" a5="32.112686" a6="-161.363251" />
<external_axis />
</planned>
<actual>
<robot_axis a1="33.977444" a2="-108.359940" a3="138.513275" a4="158.864838" a5="32.178436" a6="-161.843277" />
<external_axis />
</actual>
<ipo_cycle>-151</ipo_cycle>
</value>
<value>
<planned>
<robot_axis a1="33.484142" a2="-107.798080" a3="137.640625" a4="157.800522" a5="32.046574" a6="-160.877533" />
<external_axis />
</planned>
<actual>
<robot_axis a1="33.726490" a2="-108.076706" a3="138.073837" a4="158.325439" a5="32.111374" a6="-161.355972" />
<external_axis />
</actual>
<ipo_cycle>-147</ipo_cycle>
</value>
<value>
<planned>
<robot_axis a1="33.239262" a2="-107.513565" a3="137.197800" a4="157.268082" a5="31.981054" a6="-160.393097" />
<external_axis />
</planned>
<actual>
<robot_axis a1="33.478756" a2="-107.792580" a3="137.632065" a4="157.790009" a5="32.045849" a6="-160.869995" />
<external_axis />
</actual>
<ipo_cycle>-143</ipo_cycle>
</value>
<value>
<planned>
<robot_axis a1="32.997574" a2="-107.228485" a3="136.753403" a4="156.738449" a5="31.916077" a6="-159.909912" />
<external_axis />
</planned>
<actual>
<robot_axis a1="33.234192" a2="-107.508049" a3="137.189484" a4="157.259247" a5="31.979748" a6="-160.385529" />
<external_axis />
</actual>
<ipo_cycle>-139</ipo_cycle>
</value>
<value>
<planned>
<robot_axis a1="32.758865" a2="-106.942856" a3="136.307404" a4="156.211563" a5="31.851612" a6="-159.427902" />
<external_axis />
</planned>
<actual>
<robot_axis a1="32.992401" a2="-107.222908" a3="136.745163" a4="156.732040" a5="31.914944" a6="-159.902191" />
<external_axis />
</actual>
<ipo_cycle>-135</ipo_cycle>
</value>
<value>
<planned>
<robot_axis a1="32.523098" a2="-106.656677" a3="135.859833" a4="155.687363" a5="31.787626" a6="-158.946976" />
<external_axis />
</planned>
<actual>
<robot_axis a1="32.753712" a2="-106.937469" a3="136.299072" a4="156.205231" a5="31.850447" a6="-159.420258" />
<external_axis />
</actual>
<ipo_cycle>-131</ipo_cycle>
</value>
<value>
<planned>
<robot_axis a1="32.290218" a2="-106.369965" a3="135.410675" a4="155.165726" a5="31.724087" a6="-158.467072" />
<external_axis />
</planned>
<actual>
<robot_axis a1="32.518112" a2="-106.651573" a3="135.851425" a4="155.679565" a5="31.786507" a6="-158.939575" />
<external_axis />
</actual>
<ipo_cycle>-127</ipo_cycle>
</value>
<value>
<planned>
<robot_axis a1="32.060181" a2="-106.082718" a3="134.959915" a4="154.646561" a5="31.660965" a6="-157.988113" />
<external_axis />
</planned>
<actual>
<robot_axis a1="32.285099" a2="-106.364670" a3="135.401993" a4="155.157120" a5="31.723410" a6="-158.459564" />
<external_axis />
</actual>
<ipo_cycle>-123</ipo_cycle>
</value>
<value>
<planned>
<robot_axis a1="31.832947" a2="-105.794952" a3="134.507568" a4="154.129807" a5="31.598234" a6="-157.510025" />
<external_axis />
</planned>
<actual>
<robot_axis a1="32.055145" a2="-106.077164" a3="134.951447" a4="154.637558" a5="31.659760" a6="-157.981064" />
<external_axis />
</actual>
<ipo_cycle>-119</ipo_cycle>
</value>
<value>
<planned>
<robot_axis a1="31.608467" a2="-105.506668" a3="134.053635" a4="153.615356" a5="31.535866" a6="-157.032745" />
<external_axis />
</planned>
<actual>
<robot_axis a1="31.828045" a2="-105.789207" a3="134.499115" a4="154.121613" a5="31.597521" a6="-157.502853" />
<external_axis />
</actual>
<ipo_cycle>-115</ipo_cycle>
</value>
<value>
<planned>
<robot_axis a1="31.386702" a2="-105.217880" a3="133.598099" a4="153.103119" a5="31.473841" a6="-156.556183" />
<external_axis />
</planned>
<actual>
<robot_axis a1="31.603559" a2="-105.501099" a3="134.045212" a4="153.607239" a5="31.534983" a6="-157.025421" />
<external_axis />
</actual>
<ipo_cycle>-111</ipo_cycle>
</value>
<value>
<planned>
<robot_axis a1="31.167606" a2="-104.928581" a3="133.140961" a4="152.593018" a5="31.412130" a6="-156.080261" />
<external_axis />
</planned>
<actual>
<robot_axis a1="31.381886" a2="-105.212471" a3="133.589615" a4="153.095337" a5="31.472761" a6="-156.549210" />
<external_axis />
</actual>
<ipo_cycle>-107</ipo_cycle>
</value>
<value>
<planned>
<robot_axis a1="30.951141" a2="-104.638771" a3="132.682220" a4="152.084930" a5="31.350719" a6="-155.604935" />
<external_axis />
</planned>
<actual>
<robot_axis a1="31.162647" a2="-104.923271" a3="133.132248" a4="152.585480" a5="31.411417" a6="-156.073013" />
<external_axis />
</actual>
<ipo_cycle>-103</ipo_cycle>
</value>
<value>
<planned>
<robot_axis a1="30.737265" a2="-104.348473" a3="132.221863" a4="151.578796" a5="31.289585" a6="-155.130096" />
<external_axis />
</planned>
<actual>
<robot_axis a1="30.946306" a2="-104.633362" a3="132.673447" a4="152.077393" a5="31.349947" a6="-155.597458" />
<external_axis />
</actual>
<ipo_cycle>-99</ipo_cycle>
</value>
<value>
<planned>
<robot_axis a1="30.525934" a2="-104.057663" a3="131.759903" a4="151.074524" a5="31.228712" a6="-154.655670" />
<external_axis />
</planned>
<actual>
<robot_axis a1="30.732445" a2="-104.342804" a3="132.213318" a4="151.570847" a5="31.288565" a6="-155.122711" />
<external_axis />
</actual>
<ipo_cycle>-95</ipo_cycle>
</value>
<value>
<planned>
<robot_axis a1="30.317112" a2="-103.766365" a3="131.296310" a4="150.572006" a5="31.168081" a6="-154.181610" />
<external_axis />
</planned>
<actual>
<robot_axis a1="30.521198" a2="-104.051918" a3="131.751282" a4="151.068436" a5="31.228090" a6="-154.648254" />
<external_axis />
</actual>
<ipo_cycle>-91</ipo_cycle>
</value>
<value>
<planned>
<robot_axis a1="30.110760" a2="-103.474564" a3="130.831085" a4="150.071167" a5="31.107679" a6="-153.707825" />
<external_axis />
</planned>
<actual>
<robot_axis a1="30.312458" a2="-103.760658" a3="131.287537" a4="150.564941" a5="31.167421" a6="-154.173996" />
<external_axis />
</actual>
<ipo_cycle>-87</ipo_cycle>
</value>
<value>
<planned>
<robot_axis a1="29.906837" a2="-103.182266" a3="130.364243" a4="149.571915" a5="31.047493" a6="-153.234253" />
<external_axis />
</planned>
<actual>
<robot_axis a1="30.105988" a2="-103.469177" a3="130.822403" a4="150.062805" a5="31.106911" a6="-153.700470" />
<external_axis />
</actual>
<ipo_cycle>-83</ipo_cycle>
</value>
<value>
<planned>
<robot_axis a1="29.655298" a2="-102.816200" a3="129.778366" a4="148.949951" a5="30.972546" a6="-152.642441" />
<external_axis />
</planned>
<actual>
<robot_axis a1="29.851557" a2="-103.103798" a3="130.238632" a4="149.438431" a5="31.031672" a6="-153.108795" />
<external_axis />
</actual>
<ipo_cycle>-78</ipo_cycle>
</value>
<value>
<planned>
<robot_axis a1="29.407425" a2="-102.449356" a3="129.189911" a4="148.330170" a5="30.897892" a6="-152.050690" />
<external_axis />
</planned>
<actual>
<robot_axis a1="29.600912" a2="-102.737343" a3="129.652115" a4="148.815033" a5="30.957029" a6="-152.516785" />
<external_axis />
</actual>
<ipo_cycle>-73</ipo_cycle>
</value>
<value>
<planned>
<robot_axis a1="29.163147" a2="-102.081718" a3="128.598862" a4="147.712387" a5="30.823519" a6="-151.458847" />
<external_axis />
</planned>
<actual>
<robot_axis a1="29.353764" a2="-102.370300" a3="129.063049" a4="148.197662" a5="30.882164" a6="-151.925201" />
<external_axis />
</actual>
<ipo_cycle>-68</ipo_cycle>
</value>
<value>
<planned>
<robot_axis a1="28.922400" a2="-101.713303" a3="128.005203" a4="147.096451" a5="30.749405" a6="-150.866776" />
<external_axis />
</planned>
<actual>
<robot_axis a1="29.110239" a2="-102.002518" a3="128.471497" a4="147.583679" a5="30.807720" a6="-151.333313" />
<external_axis />
</actual>
<ipo_cycle>-63</ipo_cycle>
</value>
<value>
<planned>
<robot_axis a1="28.685110" a2="-101.344086" a3="127.408905" a4="146.482162" a5="30.675541" a6="-150.274338" />
<external_axis />
</planned>
<actual>
<robot_axis a1="28.870087" a2="-101.633720" a3="127.877525" a4="146.967697" a5="30.733343" a6="-150.741074" />
<external_axis />
</actual>
<ipo_cycle>-58</ipo_cycle>
</value>
<value>
<planned>
<robot_axis a1="28.451216" a2="-100.974068" a3="126.809967" a4="145.869385" a5="30.601917" a6="-149.681366" />
<external_axis />
</planned>
<actual>
<robot_axis a1="28.633471" a2="-101.264526" a3="127.280533" a4="146.352585" a5="30.659529" a6="-150.148300" />
<external_axis />
</actual>
<ipo_cycle>-53</ipo_cycle>
</value>
<value>
<planned>
<robot_axis a1="28.220650" a2="-100.603241" a3="126.208351" a4="145.257950" a5="30.528524" a6="-149.087738" />
<external_axis />
</planned>
<actual>
<robot_axis a1="28.400551" a2="-100.894150" a3="126.680809" a4="145.738586" a5="30.586433" a6="-149.555435" />
<external_axis />
</actual>
<ipo_cycle>-48</ipo_cycle>
</value>
<value>
<planned>
<robot_axis a1="27.993351" a2="-100.231590" a3="125.604042" a4="144.647675" a5="30.455357" a6="-148.493317" />
<external_axis />
</planned>
<actual>
<robot_axis a1="28.170519" a2="-100.523407" a3="126.078415" a4="145.127716" a5="30.513000" a6="-148.961792" />
<external_axis />
</actual>
<ipo_cycle>-43</ipo_cycle>
</value>
<value>
<planned>
<robot_axis a1="27.769255" a2="-99.859100" a3="124.997017" a4="144.038422" a5="30.382414" a6="-147.897934" />
<external_axis />
</planned>
<actual>
<robot_axis a1="27.943954" a2="-100.151535" a3="125.473885" a4="144.516922" a5="30.439688" a6="-148.366898" />
<external_axis />
</actual>
<ipo_cycle>-38</ipo_cycle>
</value>
<value>
<planned>
<robot_axis a1="27.548304" a2="-99.485771" a3="124.387253" a4="143.430008" a5="30.309690" a6="-147.301483" />
<external_axis />
</planned>
<actual>
<robot_axis a1="27.720577" a2="-99.779053" a3="124.866150" a4="143.908478" a5="30.366655" a6="-147.771454" />
<external_axis />
</actual>
<ipo_cycle>-33</ipo_cycle>
</value>
<value>
<planned>
<robot_axis a1="27.330435" a2="-99.111588" a3="123.774719" a4="142.822296" a5="30.237192" a6="-146.703796" />
<external_axis />
</planned>
<actual>
<robot_axis a1="27.500360" a2="-99.405434" a3="124.255875" a4="143.301376" a5="30.294483" a6="-147.174744" />
<external_axis />
</actual>
<ipo_cycle>-28</ipo_cycle>
</value>
<value>
<planned>
<robot_axis a1="27.126940" a2="-98.756485" a3="123.192169" a4="142.247360" a5="30.168756" a6="-146.136627" />
<external_axis />
</planned>
<actual>
<robot_axis a1="27.284502" a2="-99.031380" a3="123.643898" a4="142.694016" a5="30.221788" a6="-146.576904" />
<external_axis />
</actual>
<ipo_cycle>-23</ipo_cycle>
</value>
<value>
<planned>
<robot_axis a1="26.983728" a2="-98.503258" a3="122.776009" a4="141.838379" a5="30.120174" a6="-145.732132" />
<external_axis />
</planned>
<actual>
<robot_axis a1="27.102234" a2="-98.692635" a3="123.099907" a4="142.139297" a5="30.156399" a6="-146.031647" />
<external_axis />
</actual>
<ipo_cycle>-18</ipo_cycle>
</value>
<value>
<planned>
<robot_axis a1="26.893087" a2="-98.341545" a3="122.509911" a4="141.577591" a5="30.089245" a6="-145.473785" />
<external_axis />
</planned>
<actual>
<robot_axis a1="26.928205" a2="-98.385414" a3="122.589699" a4="141.642288" a5="30.097195" a6="-145.537170" />
<external_axis />
</actual>
<ipo_cycle>-11</ipo_cycle>
</value>
<value>
<planned>
<robot_axis a1="26.892323" a2="-97.064758" a3="124.602089" a4="144.876434" a5="32.791824" a6="-149.337708" />
<external_axis />
</planned>
<actual>
<robot_axis a1="26.892179" a2="-98.343033" a3="122.506218" a4="141.572540" a5="30.088926" a6="-145.466049" />
<external_axis />
</actual>
<ipo_cycle>0</ipo_cycle>
</value>
<syn_motion>
<program>CNCMOTION</program>
<line>83</line>
<name>MCS</name>
<base>
<pos x="1486.225952" y="-367.585999" z="-90.000000" a="-45.000000" b="0.000000" c="0.000000" /></base>
<tool>
<pos x="365.660004" y="0.000000" z="93.000000" a="0.000000" b="-90.000000" c="0.000000" /></tool>
<ipo_mode>base</ipo_mode>
<load>
<mass>18.000000</mass>
</load>
<bco_motion>FALSE</bco_motion>
<interrupt>FALSE</interrupt>
<motion_mode>STANDARD</motion_mode>
<ipo_cycle>0</ipo_cycle>
</syn_motion>
</poslog>
