<?xml-stylesheet href="poslog.xsl" type="text/xsl"?>
<poslog serialno="1074578" trafo="#KR250R2700_2 C4 FLR" date="JAN 31 2022" time="08:39:23" tick="520243944" timestamp="520196318" trigger="ERROR STOP">
<syn_motion>
<program>cncDoToolChange</program>
<line>51</line>
<name>XHomeToolChanger</name>
<base>
<pos x="1858.680054" y="122.529999" z="241.000000" a="45.000000" b="0.000000" c="0.000000" /></base>
<tool>
<pos x="365.660004" y="0.000000" z="93.000000" a="0.000000" b="-90.000000" c="0.000000" /></tool>
<ipo_mode>base</ipo_mode>
<load>
<mass>18.000000</mass>
</load>
<bco_motion>FALSE</bco_motion>
<interrupt>FALSE</interrupt>
<motion_mode>STANDARD</motion_mode>
<ipo_cycle>-4325</ipo_cycle>
</syn_motion>
<syn_motion>
<program>cncDoToolChange</program>
<line>173</line>
<name>XToolHover</name>
<base>
<pos x="1858.680054" y="122.529999" z="241.000000" a="45.000000" b="0.000000" c="0.000000" /></base>
<tool>
<pos x="365.660004" y="0.000000" z="93.000000" a="0.000000" b="-90.000000" c="0.000000" /></tool>
<ipo_mode>base</ipo_mode>
<load>
<mass>250.000000</mass>
</load>
<bco_motion>FALSE</bco_motion>
<interrupt>FALSE</interrupt>
<motion_mode>STANDARD</motion_mode>
<ipo_cycle>-3414</ipo_cycle>
</syn_motion>
<syn_motion>
<program>cncDoToolChange</program>
<line>173</line>
<name>XToolHover</name>
<base>
<pos x="1858.680054" y="122.529999" z="241.000000" a="45.000000" b="0.000000" c="0.000000" /></base>
<tool>
<pos x="365.660004" y="0.000000" z="93.000000" a="0.000000" b="-90.000000" c="0.000000" /></tool>
<ipo_mode>base</ipo_mode>
<load>
<mass>250.000000</mass>
</load>
<bco_motion>FALSE</bco_motion>
<interrupt>FALSE</interrupt>
<motion_mode>STANDARD</motion_mode>
<ipo_cycle>-3412</ipo_cycle>
</syn_motion>
<syn_motion>
<program>cncDoToolChange</program>
<line>177</line>
<name>XToolWaitEnter</name>
<base>
<pos x="1858.680054" y="122.529999" z="241.000000" a="45.000000" b="0.000000" c="0.000000" /></base>
<tool>
<pos x="301.660004" y="0.000000" z="93.000000" a="0.000000" b="-90.000000" c="0.000000" /></tool>
<ipo_mode>base</ipo_mode>
<load>
<mass>250.000000</mass>
</load>
<bco_motion>FALSE</bco_motion>
<interrupt>FALSE</interrupt>
<motion_mode>STANDARD</motion_mode>
<ipo_cycle>-3079</ipo_cycle>
</syn_motion>
<syn_motion>
<program>cncDoToolChange</program>
<line>177</line>
<name>XToolWaitEnter</name>
<base>
<pos x="1858.680054" y="122.529999" z="241.000000" a="45.000000" b="0.000000" c="0.000000" /></base>
<tool>
<pos x="301.660004" y="0.000000" z="93.000000" a="0.000000" b="-90.000000" c="0.000000" /></tool>
<ipo_mode>base</ipo_mode>
<load>
<mass>250.000000</mass>
</load>
<bco_motion>FALSE</bco_motion>
<interrupt>FALSE</interrupt>
<motion_mode>STANDARD</motion_mode>
<ipo_cycle>-3078</ipo_cycle>
</syn_motion>
<syn_motion>
<program>cncDoToolChange</program>
<line>182</line>
<name>XToolChangerPickup</name>
<base>
<pos x="1858.680054" y="122.529999" z="241.000000" a="45.000000" b="0.000000" c="0.000000" /></base>
<tool>
<pos x="301.660004" y="0.000000" z="93.000000" a="0.000000" b="-90.000000" c="0.000000" /></tool>
<ipo_mode>base</ipo_mode>
<load>
<mass>250.000000</mass>
</load>
<bco_motion>FALSE</bco_motion>
<interrupt>FALSE</interrupt>
<motion_mode>STANDARD</motion_mode>
<ipo_cycle>-2559</ipo_cycle>
</syn_motion>
<syn_motion>
<program>cncDoToolChange</program>
<line>182</line>
<name>XToolChangerPickup</name>
<base>
<pos x="1858.680054" y="122.529999" z="241.000000" a="45.000000" b="0.000000" c="0.000000" /></base>
<tool>
<pos x="301.660004" y="0.000000" z="93.000000" a="0.000000" b="-90.000000" c="0.000000" /></tool>
<ipo_mode>base</ipo_mode>
<load>
<mass>250.000000</mass>
</load>
<bco_motion>FALSE</bco_motion>
<interrupt>FALSE</interrupt>
<motion_mode>STANDARD</motion_mode>
<ipo_cycle>-2558</ipo_cycle>
</syn_motion>
<syn_motion>
<program>cncDoToolChange</program>
<line>191</line>
<name>XToolAirBlow</name>
<base>
<pos x="1858.680054" y="122.529999" z="241.000000" a="45.000000" b="0.000000" c="0.000000" /></base>
<tool>
<pos x="301.660004" y="0.000000" z="93.000000" a="0.000000" b="-90.000000" c="0.000000" /></tool>
<ipo_mode>base</ipo_mode>
<load>
<mass>250.000000</mass>
</load>
<bco_motion>FALSE</bco_motion>
<interrupt>FALSE</interrupt>
<motion_mode>STANDARD</motion_mode>
<ipo_cycle>-2059</ipo_cycle>
</syn_motion>
<syn_motion>
<program>cncDoToolChange</program>
<line>191</line>
<name>XToolAirBlow</name>
<base>
<pos x="1858.680054" y="122.529999" z="241.000000" a="45.000000" b="0.000000" c="0.000000" /></base>
<tool>
<pos x="301.660004" y="0.000000" z="93.000000" a="0.000000" b="-90.000000" c="0.000000" /></tool>
<ipo_mode>base</ipo_mode>
<load>
<mass>250.000000</mass>
</load>
<bco_motion>FALSE</bco_motion>
<interrupt>FALSE</interrupt>
<motion_mode>STANDARD</motion_mode>
<ipo_cycle>-2058</ipo_cycle>
</syn_motion>
<syn_motion>
<program>cncDoToolChange</program>
<line>199</line>
<name>XToolMagChange</name>
<base>
<pos x="1858.680054" y="122.529999" z="241.000000" a="45.000000" b="0.000000" c="0.000000" /></base>
<tool>
<pos x="301.660004" y="0.000000" z="93.000000" a="0.000000" b="-90.000000" c="0.000000" /></tool>
<ipo_mode>base</ipo_mode>
<load>
<mass>250.000000</mass>
</load>
<bco_motion>FALSE</bco_motion>
<interrupt>FALSE</interrupt>
<motion_mode>STANDARD</motion_mode>
<ipo_cycle>-1927</ipo_cycle>
</syn_motion>
<syn_motion>
<program>cncDoToolChange</program>
<line>199</line>
<name>XToolMagChange</name>
<base>
<pos x="1858.680054" y="122.529999" z="241.000000" a="45.000000" b="0.000000" c="0.000000" /></base>
<tool>
<pos x="301.660004" y="0.000000" z="93.000000" a="0.000000" b="-90.000000" c="0.000000" /></tool>
<ipo_mode>base</ipo_mode>
<load>
<mass>250.000000</mass>
</load>
<bco_motion>FALSE</bco_motion>
<interrupt>FALSE</interrupt>
<motion_mode>STANDARD</motion_mode>
<ipo_cycle>-1926</ipo_cycle>
</syn_motion>
<syn_motion>
<program>cncDoToolChange</program>
<line>206</line>
<name>XToolMagHover</name>
<base>
<pos x="1858.680054" y="122.529999" z="241.000000" a="45.000000" b="0.000000" c="0.000000" /></base>
<tool>
<pos x="301.660004" y="0.000000" z="93.000000" a="0.000000" b="-90.000000" c="0.000000" /></tool>
<ipo_mode>base</ipo_mode>
<load>
<mass>250.000000</mass>
</load>
<bco_motion>FALSE</bco_motion>
<interrupt>FALSE</interrupt>
<motion_mode>STANDARD</motion_mode>
<ipo_cycle>-1790</ipo_cycle>
</syn_motion>
<syn_motion>
<program>cncDoToolChange</program>
<line>206</line>
<name>XToolMagHover</name>
<base>
<pos x="1858.680054" y="122.529999" z="241.000000" a="45.000000" b="0.000000" c="0.000000" /></base>
<tool>
<pos x="301.660004" y="0.000000" z="93.000000" a="0.000000" b="-90.000000" c="0.000000" /></tool>
<ipo_mode>base</ipo_mode>
<load>
<mass>250.000000</mass>
</load>
<bco_motion>FALSE</bco_motion>
<interrupt>FALSE</interrupt>
<motion_mode>STANDARD</motion_mode>
<ipo_cycle>-1789</ipo_cycle>
</syn_motion>
<syn_motion>
<program>cncDoToolChange</program>
<line>79</line>
<name>XHomeToolChanger</name>
<base>
<pos x="1858.680054" y="122.529999" z="241.000000" a="45.000000" b="0.000000" c="0.000000" /></base>
<tool>
<pos x="301.660004" y="0.000000" z="93.000000" a="0.000000" b="-90.000000" c="0.000000" /></tool>
<ipo_mode>base</ipo_mode>
<load>
<mass>250.000000</mass>
</load>
<bco_motion>FALSE</bco_motion>
<interrupt>FALSE</interrupt>
<motion_mode>STANDARD</motion_mode>
<ipo_cycle>-1609</ipo_cycle>
</syn_motion>
<syn_motion>
<program>cncDoToolChange</program>
<line>79</line>
<name>XHomeToolChanger</name>
<base>
<pos x="1858.680054" y="122.529999" z="241.000000" a="45.000000" b="0.000000" c="0.000000" /></base>
<tool>
<pos x="301.660004" y="0.000000" z="93.000000" a="0.000000" b="-90.000000" c="0.000000" /></tool>
<ipo_mode>base</ipo_mode>
<load>
<mass>250.000000</mass>
</load>
<bco_motion>FALSE</bco_motion>
<interrupt>FALSE</interrupt>
<motion_mode>STANDARD</motion_mode>
<ipo_cycle>-1607</ipo_cycle>
</syn_motion>
<syn_motion>
<program>cncDoToolChange</program>
<line>90</line>
<name>cncLastHomePos</name>
<base>
<pos x="1486.225952" y="-367.585999" z="-90.000000" a="-45.000000" b="0.000000" c="0.000000" /></base>
<tool>
<pos x="301.660004" y="0.000000" z="93.000000" a="0.000000" b="-90.000000" c="0.000000" /></tool>
<ipo_mode>base</ipo_mode>
<load>
<mass>250.000000</mass>
</load>
<bco_motion>FALSE</bco_motion>
<interrupt>FALSE</interrupt>
<motion_mode>STANDARD</motion_mode>
<ipo_cycle>-1273</ipo_cycle>
</syn_motion>
<syn_motion>
<program>cncDoToolChange</program>
<line>90</line>
<name>cncLastHomePos</name>
<base>
<pos x="1486.225952" y="-367.585999" z="-90.000000" a="-45.000000" b="0.000000" c="0.000000" /></base>
<tool>
<pos x="301.660004" y="0.000000" z="93.000000" a="0.000000" b="-90.000000" c="0.000000" /></tool>
<ipo_mode>base</ipo_mode>
<load>
<mass>250.000000</mass>
</load>
<bco_motion>FALSE</bco_motion>
<interrupt>FALSE</interrupt>
<motion_mode>STANDARD</motion_mode>
<ipo_cycle>-1272</ipo_cycle>
</syn_motion>
<syn_motion>
<program>cncDoToolChange</program>
<line>98</line>
<name>cncLastAxPos</name>
<base>
<pos x="1486.225952" y="-367.585999" z="-90.000000" a="-45.000000" b="0.000000" c="0.000000" /></base>
<tool>
<pos x="301.660004" y="0.000000" z="93.000000" a="0.000000" b="-90.000000" c="0.000000" /></tool>
<ipo_mode>base</ipo_mode>
<load>
<mass>250.000000</mass>
</load>
<bco_motion>FALSE</bco_motion>
<interrupt>FALSE</interrupt>
<motion_mode>STANDARD</motion_mode>
<ipo_cycle>-356</ipo_cycle>
</syn_motion>
<syn_motion>
<program>cncDoToolChange</program>
<line>98</line>
<name>cncLastAxPos</name>
<base>
<pos x="1486.225952" y="-367.585999" z="-90.000000" a="-45.000000" b="0.000000" c="0.000000" /></base>
<tool>
<pos x="301.660004" y="0.000000" z="93.000000" a="0.000000" b="-90.000000" c="0.000000" /></tool>
<ipo_mode>base</ipo_mode>
<load>
<mass>250.000000</mass>
</load>
<bco_motion>FALSE</bco_motion>
<interrupt>FALSE</interrupt>
<motion_mode>STANDARD</motion_mode>
<ipo_cycle>-354</ipo_cycle>
</syn_motion>
<value>
<planned>
<robot_axis a1="47.480007" a2="-121.552849" a3="153.150345" a4="184.635605" a5="31.718798" a6="-183.946106" />
<external_axis />
</planned>
<actual>
<robot_axis a1="47.638515" a2="-121.838196" a3="153.151764" a4="185.032623" a5="31.445097" a6="-184.281113" />
<external_axis />
</actual>
<ipo_cycle>-342</ipo_cycle>
</value>
<value>
<planned>
<robot_axis a1="47.208004" a2="-121.096703" a3="153.146759" a4="184.066116" a5="32.153595" a6="-183.444397" />
<external_axis />
</planned>
<actual>
<robot_axis a1="47.461807" a2="-121.540863" a3="153.151764" a4="184.652420" a5="31.722214" a6="-183.948318" />
<external_axis />
</actual>
<ipo_cycle>-338</ipo_cycle>
</value>
<value>
<planned>
<robot_axis a1="46.944073" a2="-120.647560" a3="153.140549" a4="183.526443" a5="32.581821" a6="-182.972610" />
<external_axis />
</planned>
<actual>
<robot_axis a1="47.265797" a2="-121.206169" a3="153.151718" a4="184.234360" a5="32.035561" a6="-183.583450" />
<external_axis />
</actual>
<ipo_cycle>-335</ipo_cycle>
</value>
<value>
<planned>
<robot_axis a1="46.652851" a2="-120.144470" a3="153.130463" a4="182.945374" a5="33.061390" a6="-182.468918" />
<external_axis />
</planned>
<actual>
<robot_axis a1="47.018547" a2="-120.781006" a3="153.150391" a4="183.714844" a5="32.438496" a6="-183.132431" />
<external_axis />
</actual>
<ipo_cycle>-332</ipo_cycle>
</value>
<value>
<planned>
<robot_axis a1="46.361862" a2="-119.633865" a3="153.116913" a4="182.379501" a5="33.547794" a6="-181.983002" />
<external_axis />
</planned>
<actual>
<robot_axis a1="46.740959" a2="-120.295288" a3="153.141449" a4="183.126846" a5="32.908859" a6="-182.627579" />
<external_axis />
</actual>
<ipo_cycle>-329</ipo_cycle>
</value>
<value>
<planned>
<robot_axis a1="46.073578" a2="-119.120155" a3="153.099976" a4="181.833038" a5="34.036617" a6="-181.518372" />
<external_axis />
</planned>
<actual>
<robot_axis a1="46.450050" a2="-119.785851" a3="153.125000" a4="182.546341" a5="33.396126" a6="-182.132019" />
<external_axis />
</actual>
<ipo_cycle>-326</ipo_cycle>
</value>
<value>
<planned>
<robot_axis a1="45.787975" a2="-118.603462" a3="153.079620" a4="181.305145" a5="34.527515" a6="-181.074203" />
<external_axis />
</planned>
<actual>
<robot_axis a1="46.160984" a2="-119.272293" a3="153.108932" a4="181.993546" a5="33.883823" a6="-181.660370" />
<external_axis />
</actual>
<ipo_cycle>-323</ipo_cycle>
</value>
<value>
<planned>
<robot_axis a1="45.505028" a2="-118.083923" a3="153.055878" a4="180.795044" a5="35.020172" a6="-180.649658" />
<external_axis />
</planned>
<actual>
<robot_axis a1="45.874821" a2="-118.758690" a3="153.086624" a4="181.460876" a5="34.374203" a6="-181.209747" />
<external_axis />
</actual>
<ipo_cycle>-320</ipo_cycle>
</value>
<value>
<planned>
<robot_axis a1="45.224716" a2="-117.561676" a3="153.028732" a4="180.301971" a5="35.514275" a6="-180.243988" />
<external_axis />
</planned>
<actual>
<robot_axis a1="45.591274" a2="-118.243050" a3="153.062805" a4="180.947449" a5="34.866314" a6="-180.779327" />
<external_axis />
</actual>
<ipo_cycle>-317</ipo_cycle>
</value>
<value>
<planned>
<robot_axis a1="44.947018" a2="-117.036850" a3="152.998184" a4="179.825165" a5="36.009525" a6="-179.856216" />
<external_axis />
</planned>
<actual>
<robot_axis a1="45.310642" a2="-117.723419" a3="153.035385" a4="180.451141" a5="35.359608" a6="-180.367722" />
<external_axis />
</actual>
<ipo_cycle>-314</ipo_cycle>
</value>
<value>
<planned>
<robot_axis a1="44.671902" a2="-116.509575" a3="152.964233" a4="179.364090" a5="36.505634" a6="-179.486145" />
<external_axis />
</planned>
<actual>
<robot_axis a1="45.032257" a2="-117.200279" a3="153.005447" a4="179.970337" a5="35.854893" a6="-179.974808" />
<external_axis />
</actual>
<ipo_cycle>-311</ipo_cycle>
</value>
<value>
<planned>
<robot_axis a1="44.399353" a2="-115.979996" a3="152.926895" a4="178.917770" a5="37.002323" a6="-179.132629" />
<external_axis />
</planned>
<actual>
<robot_axis a1="44.756229" a2="-116.675598" a3="152.971909" a4="179.504288" a5="36.350460" a6="-179.599319" />
<external_axis />
</actual>
<ipo_cycle>-308</ipo_cycle>
</value>
<value>
<planned>
<robot_axis a1="44.129341" a2="-115.448235" a3="152.886154" a4="178.485687" a5="37.499325" a6="-178.795074" />
<external_axis />
</planned>
<actual>
<robot_axis a1="44.482914" a2="-116.146568" a3="152.936050" a4="179.054977" a5="36.846851" a6="-179.240356" />
<external_axis />
</actual>
<ipo_cycle>-305</ipo_cycle>
</value>
<value>
<planned>
<robot_axis a1="43.861851" a2="-114.914436" a3="152.842026" a4="178.067245" a5="37.996384" a6="-178.472733" />
<external_axis />
</planned>
<actual>
<robot_axis a1="44.211773" a2="-115.615501" a3="152.896530" a4="178.619324" a5="37.343952" a6="-178.898026" />
<external_axis />
</actual>
<ipo_cycle>-302</ipo_cycle>
</value>
<value>
<planned>
<robot_axis a1="43.596848" a2="-114.378731" a3="152.794510" a4="177.661789" a5="38.493252" a6="-178.165131" />
<external_axis />
</planned>
<actual>
<robot_axis a1="43.943775" a2="-115.081841" a3="152.853424" a4="178.195740" a5="37.840759" a6="-178.570679" />
<external_axis />
</actual>
<ipo_cycle>-299</ipo_cycle>
</value>
<value>
<planned>
<robot_axis a1="43.334316" a2="-113.841248" a3="152.743622" a4="177.268784" a5="38.989689" a6="-177.871628" />
<external_axis />
</planned>
<actual>
<robot_axis a1="43.677830" a2="-114.546837" a3="152.807312" a4="177.786057" a5="38.337971" a6="-178.258865" />
<external_axis />
</actual>
<ipo_cycle>-296</ipo_cycle>
</value>
<value>
<planned>
<robot_axis a1="43.074230" a2="-113.302116" a3="152.689362" a4="176.887634" a5="39.485462" a6="-177.591614" />
<external_axis />
</planned>
<actual>
<robot_axis a1="43.414383" a2="-114.009048" a3="152.758057" a4="177.388412" a5="38.834404" a6="-177.960785" />
<external_axis />
</actual>
<ipo_cycle>-293</ipo_cycle>
</value>
<value>
<planned>
<robot_axis a1="42.816563" a2="-112.761482" a3="152.631744" a4="176.517853" a5="39.980358" a6="-177.324554" />
<external_axis />
</planned>
<actual>
<robot_axis a1="43.153858" a2="-113.470078" a3="152.704849" a4="177.002502" a5="39.330330" a6="-177.676804" />
<external_axis />
</actual>
<ipo_cycle>-290</ipo_cycle>
</value>
<value>
<planned>
<robot_axis a1="42.561295" a2="-112.219460" a3="152.570770" a4="176.158905" a5="40.474159" a6="-177.069885" />
<external_axis />
</planned>
<actual>
<robot_axis a1="42.895264" a2="-112.929871" a3="152.648590" a4="176.629227" a5="39.825924" a6="-177.406113" />
<external_axis />
</actual>
<ipo_cycle>-287</ipo_cycle>
</value>
<value>
<planned>
<robot_axis a1="42.308403" a2="-111.676186" a3="152.506454" a4="175.810333" a5="40.966660" a6="-176.827103" />
<external_axis />
</planned>
<actual>
<robot_axis a1="42.639248" a2="-112.387985" a3="152.588669" a4="176.268051" a5="40.320026" a6="-177.147232" />
<external_axis />
</actual>
<ipo_cycle>-284</ipo_cycle>
</value>
<value>
<planned>
<robot_axis a1="42.057861" a2="-111.131790" a3="152.438812" a4="175.471649" a5="41.457664" a6="-176.595718" />
<external_axis />
</planned>
<actual>
<robot_axis a1="42.385788" a2="-111.844711" a3="152.525742" a4="175.917191" a5="40.812511" a6="-176.900314" />
<external_axis />
</actual>
<ipo_cycle>-281</ipo_cycle>
</value>
<value>
<planned>
<robot_axis a1="41.809650" a2="-110.586403" a3="152.367859" a4="175.142410" a5="41.946987" a6="-176.375259" />
<external_axis />
</planned>
<actual>
<robot_axis a1="42.134426" a2="-111.301086" a3="152.459015" a4="175.576508" a5="41.304214" a6="-176.665695" />
<external_axis />
</actual>
<ipo_cycle>-278</ipo_cycle>
</value>
<value>
<planned>
<robot_axis a1="41.563744" a2="-110.040138" a3="152.293579" a4="174.822220" a5="42.434437" a6="-176.165268" />
<external_axis />
</planned>
<actual>
<robot_axis a1="41.885311" a2="-110.756004" a3="152.389130" a4="175.245361" a5="41.794147" a6="-176.441971" />
<external_axis />
</actual>
<ipo_cycle>-275</ipo_cycle>
</value>
<value>
<planned>
<robot_axis a1="41.320114" a2="-109.493126" a3="152.216034" a4="174.510666" a5="42.919849" a6="-175.965286" />
<external_axis />
</planned>
<actual>
<robot_axis a1="41.638851" a2="-110.209763" a3="152.315735" a4="174.923447" a5="42.282009" a6="-176.228851" />
<external_axis />
</actual>
<ipo_cycle>-272</ipo_cycle>
</value>
<value>
<planned>
<robot_axis a1="41.078747" a2="-108.945496" a3="152.135193" a4="174.207352" a5="43.403049" a6="-175.774918" />
<external_axis />
</planned>
<actual>
<robot_axis a1="41.394524" a2="-109.663452" a3="152.239151" a4="174.608795" a5="42.768127" a6="-176.025711" />
<external_axis />
</actual>
<ipo_cycle>-269</ipo_cycle>
</value>
<value>
<planned>
<robot_axis a1="40.839615" a2="-108.397354" a3="152.051102" a4="173.911926" a5="43.883877" a6="-175.593765" />
<external_axis />
</planned>
<actual>
<robot_axis a1="41.152321" a2="-109.116074" a3="152.159439" a4="174.302277" a5="43.252388" a6="-175.832489" />
<external_axis />
</actual>
<ipo_cycle>-266</ipo_cycle>
</value>
<value>
<planned>
<robot_axis a1="40.602699" a2="-107.848824" a3="151.963760" a4="173.624023" a5="44.362179" a6="-175.421432" />
<external_axis />
</planned>
<actual>
<robot_axis a1="40.912376" a2="-108.567787" a3="152.076508" a4="174.003403" a5="43.733932" a6="-175.649231" />
<external_axis />
</actual>
<ipo_cycle>-263</ipo_cycle>
</value>
<value>
<planned>
<robot_axis a1="40.367970" a2="-107.300026" a3="151.873199" a4="173.343323" a5="44.837811" a6="-175.257553" />
<external_axis />
</planned>
<actual>
<robot_axis a1="40.675056" a2="-108.019218" a3="151.990036" a4="173.712555" a5="44.212734" a6="-175.473907" />
<external_axis />
</actual>
<ipo_cycle>-260</ipo_cycle>
</value>
<value>
<planned>
<robot_axis a1="40.135410" a2="-106.751068" a3="151.779419" a4="173.069504" a5="45.310627" a6="-175.101761" />
<external_axis />
</planned>
<actual>
<robot_axis a1="40.439644" a2="-107.471062" a3="151.900650" a4="173.429688" a5="44.689178" a6="-175.307648" />
<external_axis />
</actual>
<ipo_cycle>-257</ipo_cycle>
</value>
<value>
<planned>
<robot_axis a1="39.904995" a2="-106.202072" a3="151.682449" a4="172.802261" a5="45.780495" a6="-174.953735" />
<external_axis />
</planned>
<actual>
<robot_axis a1="40.206306" a2="-106.921585" a3="151.808167" a4="173.153732" a5="45.163063" a6="-175.148956" />
<external_axis />
</actual>
<ipo_cycle>-254</ipo_cycle>
</value>
<value>
<planned>
<robot_axis a1="39.676701" a2="-105.653137" a3="151.582306" a4="172.541306" a5="46.247280" a6="-174.813141" />
<external_axis />
</planned>
<actual>
<robot_axis a1="39.975304" a2="-106.372330" a3="151.711838" a4="172.884842" a5="45.633972" a6="-174.998688" />
<external_axis />
</actual>
<ipo_cycle>-251</ipo_cycle>
</value>
<value>
<planned>
<robot_axis a1="39.450508" a2="-105.104370" a3="151.479019" a4="172.286362" a5="46.710865" a6="-174.679672" />
<external_axis />
</planned>
<actual>
<robot_axis a1="39.746059" a2="-105.824127" a3="151.612732" a4="172.621246" a5="46.101810" a6="-174.856003" />
<external_axis />
</actual>
<ipo_cycle>-248</ipo_cycle>
</value>
<value>
<planned>
<robot_axis a1="39.226398" a2="-104.555885" a3="151.372589" a4="172.037155" a5="47.171131" a6="-174.553024" />
<external_axis />
</planned>
<actual>
<robot_axis a1="39.519356" a2="-105.274612" a3="151.510696" a4="172.363739" a5="46.566277" a6="-174.719772" />
<external_axis />
</actual>
<ipo_cycle>-245</ipo_cycle>
</value>
<value>
<planned>
<robot_axis a1="39.004341" a2="-104.007774" a3="151.263046" a4="171.793457" a5="47.627968" a6="-174.432892" />
<external_axis />
</planned>
<actual>
<robot_axis a1="39.294548" a2="-104.725906" a3="151.405075" a4="172.113739" a5="47.027466" a6="-174.591293" />
<external_axis />
</actual>
<ipo_cycle>-242</ipo_cycle>
</value>
<value>
<planned>
<robot_axis a1="38.784325" a2="-103.460136" a3="151.150406" a4="171.555023" a5="48.081261" a6="-174.319031" />
<external_axis />
</planned>
<actual>
<robot_axis a1="39.071823" a2="-104.178009" a3="151.296646" a4="171.869049" a5="47.485329" a6="-174.469208" />
<external_axis />
</actual>
<ipo_cycle>-239</ipo_cycle>
</value>
<value>
<planned>
<robot_axis a1="38.566319" a2="-102.913078" a3="151.034714" a4="171.321625" a5="48.530918" a6="-174.211151" />
<external_axis />
</planned>
<actual>
<robot_axis a1="38.851330" a2="-103.630005" a3="151.185074" a4="171.629135" a5="47.939785" a6="-174.353622" />
<external_axis />
</actual>
<ipo_cycle>-236</ipo_cycle>
</value>
<value>
<planned>
<robot_axis a1="38.350304" a2="-102.366684" a3="150.915955" a4="171.093048" a5="48.976841" a6="-174.109009" />
<external_axis />
</planned>
<actual>
<robot_axis a1="38.632614" a2="-103.082306" a3="151.070190" a4="171.394150" a5="48.390518" a6="-174.243790" />
<external_axis />
</actual>
<ipo_cycle>-233</ipo_cycle>
</value>
<value>
<planned>
<robot_axis a1="38.136261" a2="-101.821053" a3="150.794174" a4="170.869080" a5="49.418938" a6="-174.012360" />
<external_axis />
</planned>
<actual>
<robot_axis a1="38.416004" a2="-102.536667" a3="150.952469" a4="171.164490" a5="48.837685" a6="-174.139694" />
<external_axis />
</actual>
<ipo_cycle>-230</ipo_cycle>
</value>
<value>
<planned>
<robot_axis a1="37.924171" a2="-101.276268" a3="150.669388" a4="170.649521" a5="49.857121" a6="-173.920975" />
<external_axis />
</planned>
<actual>
<robot_axis a1="38.201534" a2="-101.990723" a3="150.831665" a4="170.939148" a5="49.281036" a6="-174.041748" />
<external_axis />
</actual>
<ipo_cycle>-227</ipo_cycle>
</value>
<value>
<planned>
<robot_axis a1="37.714008" a2="-100.732414" a3="150.541626" a4="170.434204" a5="50.291313" a6="-173.834610" />
<external_axis />
</planned>
<actual>
<robot_axis a1="37.988621" a2="-101.445160" a3="150.707779" a4="170.718231" a5="49.720451" a6="-173.948959" />
<external_axis />
</actual>
<ipo_cycle>-224</ipo_cycle>
</value>
<value>
<planned>
<robot_axis a1="37.505756" a2="-100.189575" a3="150.410919" a4="170.222931" a5="50.721439" a6="-173.753067" />
<external_axis />
</planned>
<actual>
<robot_axis a1="37.778065" a2="-100.901047" a3="150.580841" a4="170.501541" a5="50.155895" a6="-173.860519" />
<external_axis />
</actual>
<ipo_cycle>-221</ipo_cycle>
</value>
<value>
<planned>
<robot_axis a1="37.299393" a2="-99.647835" a3="150.277267" a4="170.015549" a5="51.147427" a6="-173.676117" />
<external_axis />
</planned>
<actual>
<robot_axis a1="37.569027" a2="-100.358147" a3="150.451324" a4="170.288773" a5="50.587250" a6="-173.777649" />
<external_axis />
</actual>
<ipo_cycle>-218</ipo_cycle>
</value>
<value>
<planned>
<robot_axis a1="37.094894" a2="-99.107277" a3="150.140717" a4="169.811874" a5="51.569206" a6="-173.603592" />
<external_axis />
</planned>
<actual>
<robot_axis a1="37.362144" a2="-99.815399" a3="150.318573" a4="170.080460" a5="51.014442" a6="-173.699142" />
<external_axis />
</actual>
<ipo_cycle>-215</ipo_cycle>
</value>
<value>
<planned>
<robot_axis a1="36.892246" a2="-98.567955" a3="150.001266" a4="169.611786" a5="51.986717" a6="-173.535278" />
<external_axis />
</planned>
<actual>
<robot_axis a1="37.157173" a2="-99.274567" a3="150.182587" a4="169.876541" a5="51.437664" a6="-173.626022" />
<external_axis />
</actual>
<ipo_cycle>-212</ipo_cycle>
</value>
<value>
<planned>
<robot_axis a1="36.691425" a2="-98.029961" a3="149.858978" a4="169.415100" a5="52.399906" a6="-173.470993" />
<external_axis />
</planned>
<actual>
<robot_axis a1="36.953781" a2="-98.735619" a3="150.044479" a4="169.675995" a5="51.856594" a6="-173.556564" />
<external_axis />
</actual>
<ipo_cycle>-209</ipo_cycle>
</value>
<value>
<planned>
<robot_axis a1="36.492413" a2="-97.493355" a3="149.713852" a4="169.221710" a5="52.808712" a6="-173.410553" />
<external_axis />
</planned>
<actual>
<robot_axis a1="36.752388" a2="-98.196762" a3="149.902893" a4="169.478119" a5="52.271095" a6="-173.490631" />
<external_axis />
</actual>
<ipo_cycle>-206</ipo_cycle>
</value>
<value>
<planned>
<robot_axis a1="36.295189" a2="-96.958206" a3="149.565903" a4="169.031464" a5="53.213089" a6="-173.353806" />
<external_axis />
</planned>
<actual>
<robot_axis a1="36.552628" a2="-97.659607" a3="149.758377" a4="169.283539" a5="52.681297" a6="-173.429077" />
<external_axis />
</actual>
<ipo_cycle>-203</ipo_cycle>
</value>
<value>
<planned>
<robot_axis a1="36.099731" a2="-96.424568" a3="149.415192" a4="168.844254" a5="53.612991" a6="-173.300568" />
<external_axis />
</planned>
<actual>
<robot_axis a1="36.354908" a2="-97.124512" a3="149.611420" a4="169.091553" a5="53.087135" a6="-173.370911" />
<external_axis />
</actual>
<ipo_cycle>-200</ipo_cycle>
</value>
<value>
<planned>
<robot_axis a1="35.906029" a2="-95.892517" a3="149.261703" a4="168.659943" a5="54.008377" a6="-173.250702" />
<external_axis />
</planned>
<actual>
<robot_axis a1="36.158916" a2="-96.589951" a3="149.461700" a4="168.902557" a5="53.488449" a6="-173.316940" />
<external_axis />
</actual>
<ipo_cycle>-197</ipo_cycle>
</value>
<value>
<planned>
<robot_axis a1="35.713902" a2="-95.362099" a3="149.105499" a4="168.478516" a5="54.399204" a6="-173.204056" />
<external_axis />
</planned>
<actual>
<robot_axis a1="35.964729" a2="-96.057213" a3="149.308975" a4="168.717484" a5="53.885223" a6="-173.265579" />
<external_axis />
</actual>
<ipo_cycle>-194</ipo_cycle>
</value>
<value>
<planned>
<robot_axis a1="35.523663" a2="-94.833374" a3="148.946579" a4="168.299652" a5="54.785446" a6="-173.160461" />
<external_axis />
</planned>
<actual>
<robot_axis a1="35.771992" a2="-95.526985" a3="149.153717" a4="168.533157" a5="54.277489" a6="-173.219269" />
<external_axis />
</actual>
<ipo_cycle>-191</ipo_cycle>
</value>
<value>
<planned>
<robot_axis a1="35.335114" a2="-94.306396" a3="148.784988" a4="168.123383" a5="55.167065" a6="-173.119781" />
<external_axis />
</planned>
<actual>
<robot_axis a1="35.581326" a2="-94.997246" a3="148.995789" a4="168.353348" a5="54.664948" a6="-173.174683" />
<external_axis />
</actual>
<ipo_cycle>-188</ipo_cycle>
</value>
<value>
<planned>
<robot_axis a1="35.148239" a2="-93.781212" a3="148.620743" a4="167.949600" a5="55.544041" a6="-173.081894" />
<external_axis />
</planned>
<actual>
<robot_axis a1="35.392071" a2="-94.469536" a3="148.834702" a4="168.175583" a5="55.048286" a6="-173.131943" />
<external_axis />
</actual>
<ipo_cycle>-185</ipo_cycle>
</value>
<value>
<planned>
<robot_axis a1="34.963017" a2="-93.257866" a3="148.453857" a4="167.778198" a5="55.916344" a6="-173.046661" />
<external_axis />
</planned>
<actual>
<robot_axis a1="35.204891" a2="-93.943848" a3="148.671555" a4="168.000626" a5="55.426880" a6="-173.093582" />
<external_axis />
</actual>
<ipo_cycle>-182</ipo_cycle>
</value>
<value>
<planned>
<robot_axis a1="34.779430" a2="-92.736404" a3="148.284378" a4="167.609100" a5="56.283955" a6="-173.013962" />
<external_axis />
</planned>
<actual>
<robot_axis a1="35.018967" a2="-93.420067" a3="148.505463" a4="167.828552" a5="55.800453" a6="-173.056488" />
<external_axis />
</actual>
<ipo_cycle>-179</ipo_cycle>
</value>
<value>
<planned>
<robot_axis a1="34.597462" a2="-92.216881" a3="148.112320" a4="167.442215" a5="56.646854" a6="-172.983673" />
<external_axis />
</planned>
<actual>
<robot_axis a1="34.834980" a2="-92.897675" a3="148.336823" a4="167.659058" a5="56.169445" a6="-173.023712" />
<external_axis />
</actual>
<ipo_cycle>-176</ipo_cycle>
</value>
<value>
<planned>
<robot_axis a1="34.417091" a2="-91.699318" a3="147.937714" a4="167.277466" a5="57.005032" a6="-172.955688" />
<external_axis />
</planned>
<actual>
<robot_axis a1="34.652386" a2="-92.377762" a3="148.165390" a4="167.492462" a5="56.533978" a6="-172.992615" />
<external_axis />
</actual>
<ipo_cycle>-173</ipo_cycle>
</value>
<value>
<planned>
<robot_axis a1="34.238300" a2="-91.183754" a3="147.760574" a4="167.114777" a5="57.358486" a6="-172.929794" />
<external_axis />
</planned>
<actual>
<robot_axis a1="34.471500" a2="-91.859962" a3="147.991913" a4="167.327469" a5="56.893631" a6="-172.964417" />
<external_axis />
</actual>
<ipo_cycle>-170</ipo_cycle>
</value>
<value>
<planned>
<robot_axis a1="34.061092" a2="-90.670235" a3="147.580948" a4="166.954086" a5="57.707142" a6="-172.906296" />
<external_axis />
</planned>
<actual>
<robot_axis a1="34.292374" a2="-91.343384" a3="147.815430" a4="167.165176" a5="57.248466" a6="-172.939178" />
<external_axis />
</actual>
<ipo_cycle>-167</ipo_cycle>
</value>
<value>
<planned>
<robot_axis a1="33.885410" a2="-90.158791" a3="147.398834" a4="166.795288" a5="58.051105" a6="-172.884399" />
<external_axis />
</planned>
<actual>
<robot_axis a1="34.114475" a2="-90.829247" a3="147.636322" a4="167.004990" a5="57.598812" a6="-172.914093" />
<external_axis />
</actual>
<ipo_cycle>-164</ipo_cycle>
</value>
<value>
<planned>
<robot_axis a1="33.711269" a2="-89.649445" a3="147.214279" a4="166.638351" a5="58.390293" a6="-172.864532" />
<external_axis />
</planned>
<actual>
<robot_axis a1="33.938599" a2="-90.317245" a3="147.454987" a4="166.846161" a5="57.944023" a6="-172.890259" />
<external_axis />
</actual>
<ipo_cycle>-161</ipo_cycle>
</value>
<value>
<planned>
<robot_axis a1="33.538639" a2="-89.142227" a3="147.027298" a4="166.483200" a5="58.724720" a6="-172.846420" />
<external_axis />
</planned>
<actual>
<robot_axis a1="33.763805" a2="-89.807297" a3="147.271393" a4="166.688538" a5="58.284832" a6="-172.872223" />
<external_axis />
</actual>
<ipo_cycle>-158</ipo_cycle>
</value>
<value>
<planned>
<robot_axis a1="33.367508" a2="-88.637169" a3="146.837906" a4="166.329773" a5="59.054394" a6="-172.830002" />
<external_axis />
</planned>
<actual>
<robot_axis a1="33.590733" a2="-89.299339" a3="147.084991" a4="166.533295" a5="58.620705" a6="-172.851303" />
<external_axis />
</actual>
<ipo_cycle>-155</ipo_cycle>
</value>
<value>
<planned>
<robot_axis a1="33.197861" a2="-88.134285" a3="146.646164" a4="166.178024" a5="59.379314" a6="-172.815186" />
<external_axis />
</planned>
<actual>
<robot_axis a1="33.419235" a2="-88.793732" a3="146.896225" a4="166.379761" a5="58.951729" a6="-172.836456" />
<external_axis />
</actual>
<ipo_cycle>-152</ipo_cycle>
</value>
<value>
<planned>
<robot_axis a1="33.029675" a2="-87.633606" a3="146.452057" a4="166.027878" a5="59.699490" a6="-172.801880" />
<external_axis />
</planned>
<actual>
<robot_axis a1="33.249058" a2="-88.290207" a3="146.705414" a4="166.227997" a5="59.278217" a6="-172.819778" />
<external_axis />
</actual>
<ipo_cycle>-149</ipo_cycle>
</value>
<value>
<planned>
<robot_axis a1="32.862938" a2="-87.135147" a3="146.255630" a4="165.879303" a5="60.014923" a6="-172.789993" />
<external_axis />
</planned>
<actual>
<robot_axis a1="33.080383" a2="-87.788795" a3="146.512009" a4="166.077438" a5="59.599689" a6="-172.808884" />
<external_axis />
</actual>
<ipo_cycle>-146</ipo_cycle>
</value>
<value>
<planned>
<robot_axis a1="32.642853" a2="-86.474022" a3="145.990143" a4="165.683548" a5="60.428146" a6="-172.776230" />
<external_axis />
</planned>
<actual>
<robot_axis a1="32.857975" a2="-87.123535" a3="146.250534" a4="165.879044" a5="60.021301" a6="-172.789490" />
<external_axis />
</actual>
<ipo_cycle>-142</ipo_cycle>
</value>
<value>
<planned>
<robot_axis a1="32.425274" a2="-85.816910" a3="145.720642" a4="165.490372" a5="60.832993" a6="-172.764679" />
<external_axis />
</planned>
<actual>
<robot_axis a1="32.637840" a2="-86.462440" a3="145.985077" a4="165.682938" a5="60.434406" a6="-172.779175" />
<external_axis />
</actual>
<ipo_cycle>-138</ipo_cycle>
</value>
<value>
<planned>
<robot_axis a1="32.210167" a2="-85.163841" a3="145.447159" a4="165.299683" a5="61.229492" a6="-172.755173" />
<external_axis />
</planned>
<actual>
<robot_axis a1="32.420410" a2="-85.805428" a3="145.715515" a4="165.488510" a5="60.839130" a6="-172.765854" />
<external_axis />
</actual>
<ipo_cycle>-134</ipo_cycle>
</value>
<value>
<planned>
<robot_axis a1="31.997648" a2="-84.514847" a3="145.169754" a4="165.111298" a5="61.617699" a6="-172.747498" />
<external_axis />
</planned>
<actual>
<robot_axis a1="32.205029" a2="-85.152893" a3="145.441666" a4="165.297058" a5="61.235470" a6="-172.754623" />
<external_axis />
</actual>
<ipo_cycle>-130</ipo_cycle>
</value>
<value>
<planned>
<robot_axis a1="31.787415" a2="-83.869942" a3="144.888489" a4="164.925262" a5="61.997635" a6="-172.741577" />
<external_axis />
</planned>
<actual>
<robot_axis a1="31.992477" a2="-84.503967" a3="145.164230" a4="165.108627" a5="61.623711" a6="-172.749313" />
<external_axis />
</actual>
<ipo_cycle>-126</ipo_cycle>
</value>
<value>
<planned>
<robot_axis a1="31.579552" a2="-83.229141" a3="144.603424" a4="164.741425" a5="62.369358" a6="-172.737213" />
<external_axis />
</planned>
<actual>
<robot_axis a1="31.782215" a2="-83.858856" a3="144.882935" a4="164.921890" a5="62.003677" a6="-172.743652" />
<external_axis />
</actual>
<ipo_cycle>-122</ipo_cycle>
</value>
<value>
<planned>
<robot_axis a1="31.374023" a2="-82.592453" a3="144.314590" a4="164.559723" a5="62.732925" a6="-172.734283" />
<external_axis />
</planned>
<actual>
<robot_axis a1="31.574688" a2="-83.218216" a3="144.597977" a4="164.738113" a5="62.375076" a6="-172.737091" />
<external_axis />
</actual>
<ipo_cycle>-118</ipo_cycle>
</value>
<value>
<planned>
<robot_axis a1="31.170795" a2="-81.959900" a3="144.022049" a4="164.380081" a5="63.088390" a6="-172.732635" />
<external_axis />
</planned>
<actual>
<robot_axis a1="31.369284" a2="-82.581482" a3="144.309067" a4="164.556335" a5="62.738419" a6="-172.733353" />
<external_axis />
</actual>
<ipo_cycle>-114</ipo_cycle>
</value>
<value>
<planned>
<robot_axis a1="30.969837" a2="-81.331459" a3="143.725876" a4="164.202408" a5="63.435818" a6="-172.732162" />
<external_axis />
</planned>
<actual>
<robot_axis a1="31.165937" a2="-81.949127" a3="144.016464" a4="164.376465" a5="63.093754" a6="-172.732513" />
<external_axis />
</actual>
<ipo_cycle>-110</ipo_cycle>
</value>
<value>
<planned>
<robot_axis a1="30.771112" a2="-80.707146" a3="143.426086" a4="164.026657" a5="63.775269" a6="-172.732712" />
<external_axis />
</planned>
<actual>
<robot_axis a1="30.964909" a2="-81.320732" a3="143.720352" a4="164.199005" a5="63.441189" a6="-172.732239" />
<external_axis />
</actual>
<ipo_cycle>-106</ipo_cycle>
</value>
<value>
<planned>
<robot_axis a1="30.574591" a2="-80.086945" a3="143.122742" a4="163.852753" a5="64.106812" a6="-172.734192" />
<external_axis />
</planned>
<actual>
<robot_axis a1="30.766590" a2="-80.696426" a3="143.420349" a4="164.023285" a5="63.780495" a6="-172.732239" />
<external_axis />
</actual>
<ipo_cycle>-102</ipo_cycle>
</value>
<value>
<planned>
<robot_axis a1="30.380241" a2="-79.470856" a3="142.815903" a4="163.680649" a5="64.430519" a6="-172.736465" />
<external_axis />
</planned>
<actual>
<robot_axis a1="30.569958" a2="-80.076172" a3="143.116760" a4="163.849594" a5="64.111839" a6="-172.732407" />
<external_axis />
</actual>
<ipo_cycle>-98</ipo_cycle>
</value>
<value>
<planned>
<robot_axis a1="30.188028" a2="-78.858849" a3="142.505615" a4="163.510284" a5="64.746468" a6="-172.739456" />
<external_axis />
</planned>
<actual>
<robot_axis a1="30.375559" a2="-79.460442" a3="142.809967" a4="163.677399" a5="64.435669" a6="-172.732727" />
<external_axis />
</actual>
<ipo_cycle>-94</ipo_cycle>
</value>
<value>
<planned>
<robot_axis a1="29.997925" a2="-78.250923" a3="142.191910" a4="163.341599" a5="65.054726" a6="-172.743042" />
<external_axis />
</planned>
<actual>
<robot_axis a1="30.183529" a2="-78.848389" a3="142.499603" a4="163.506516" a5="64.751320" a6="-172.733765" />
<external_axis />
</actual>
<ipo_cycle>-90</ipo_cycle>
</value>
<value>
<planned>
<robot_axis a1="29.809900" a2="-77.647049" a3="141.874847" a4="163.174561" a5="65.355370" a6="-172.747116" />
<external_axis />
</planned>
<actual>
<robot_axis a1="29.993317" a2="-78.240623" a3="142.185974" a4="163.337784" a5="65.059517" a6="-172.736404" />
<external_axis />
</actual>
<ipo_cycle>-86</ipo_cycle>
</value>
<value>
<planned>
<robot_axis a1="29.623922" a2="-77.047203" a3="141.554459" a4="163.009125" a5="65.648491" a6="-172.751617" />
<external_axis />
</planned>
<actual>
<robot_axis a1="29.805544" a2="-77.636879" a3="141.868912" a4="163.171127" a5="65.359856" a6="-172.739975" />
<external_axis />
</actual>
<ipo_cycle>-82</ipo_cycle>
</value>
<value>
<planned>
<robot_axis a1="29.439962" a2="-76.451370" a3="141.230804" a4="162.845230" a5="65.934158" a6="-172.756424" />
<external_axis />
</planned>
<actual>
<robot_axis a1="29.619411" a2="-77.036903" a3="141.548492" a4="163.007065" a5="65.653000" a6="-172.743729" />
<external_axis />
</actual>
<ipo_cycle>-78</ipo_cycle>
</value>
<value>
<planned>
<robot_axis a1="29.257992" a2="-75.859512" a3="140.903931" a4="162.682846" a5="66.212456" a6="-172.761490" />
<external_axis />
</planned>
<actual>
<robot_axis a1="29.435453" a2="-76.441147" a3="141.224609" a4="162.843918" a5="65.938507" a6="-172.748718" />
<external_axis />
</actual>
<ipo_cycle>-74</ipo_cycle>
</value>
<value>
<planned>
<robot_axis a1="29.077984" a2="-75.271606" a3="140.573853" a4="162.521942" a5="66.483475" a6="-172.766693" />
<external_axis />
</planned>
<actual>
<robot_axis a1="29.253475" a2="-75.849258" a3="140.897675" a4="162.680740" a5="66.216820" a6="-172.756516" />
<external_axis />
</actual>
<ipo_cycle>-70</ipo_cycle>
</value>
<value>
<planned>
<robot_axis a1="28.899906" a2="-74.687614" a3="140.240631" a4="162.362457" a5="66.747292" a6="-172.771988" />
<external_axis />
</planned>
<actual>
<robot_axis a1="29.073580" a2="-75.261642" a3="140.567566" a4="162.519836" a5="66.487564" a6="-172.764862" />
<external_axis />
</actual>
<ipo_cycle>-66</ipo_cycle>
</value>
<value>
<planned>
<robot_axis a1="28.723736" a2="-74.107506" a3="139.904297" a4="162.204391" a5="67.004005" a6="-172.777283" />
<external_axis />
</planned>
<actual>
<robot_axis a1="28.895567" a2="-74.677589" a3="140.234406" a4="162.359634" a5="66.751373" a6="-172.770538" />
<external_axis />
</actual>
<ipo_cycle>-62</ipo_cycle>
</value>
<value>
<planned>
<robot_axis a1="28.549440" a2="-73.531242" a3="139.564911" a4="162.047684" a5="67.253693" a6="-172.782516" />
<external_axis />
</planned>
<actual>
<robot_axis a1="28.719229" a2="-74.097733" a3="139.897797" a4="162.202026" a5="67.008087" a6="-172.775284" />
<external_axis />
</actual>
<ipo_cycle>-58</ipo_cycle>
</value>
<value>
<planned>
<robot_axis a1="28.376999" a2="-72.958778" a3="139.222473" a4="161.892303" a5="67.496437" a6="-172.787628" />
<external_axis />
</planned>
<actual>
<robot_axis a1="28.545237" a2="-73.521324" a3="139.558502" a4="162.045197" a5="67.257538" a6="-172.780014" />
<external_axis />
</actual>
<ipo_cycle>-54</ipo_cycle>
</value>
<value>
<planned>
<robot_axis a1="28.206381" a2="-72.390091" a3="138.877045" a4="161.738251" a5="67.732338" a6="-172.792542" />
<external_axis />
</planned>
<actual>
<robot_axis a1="28.372519" a2="-72.948914" a3="139.216080" a4="161.890213" a5="67.500267" a6="-172.785095" />
<external_axis />
</actual>
<ipo_cycle>-50</ipo_cycle>
</value>
<value>
<planned>
<robot_axis a1="28.037561" a2="-71.825134" a3="138.528656" a4="161.585449" a5="67.961472" a6="-172.797211" />
<external_axis />
</planned>
<actual>
<robot_axis a1="28.202166" a2="-72.380150" a3="138.870377" a4="161.736496" a5="67.736023" a6="-172.790527" />
<external_axis />
</actual>
<ipo_cycle>-46</ipo_cycle>
</value>
<value>
<planned>
<robot_axis a1="27.870522" a2="-71.263878" a3="138.177368" a4="161.433929" a5="68.183929" a6="-172.801575" />
<external_axis />
</planned>
<actual>
<robot_axis a1="28.033211" a2="-71.815582" a3="138.521927" a4="161.583435" a5="67.964798" a6="-172.796967" />
<external_axis />
</actual>
<ipo_cycle>-42</ipo_cycle>
</value>
<value>
<planned>
<robot_axis a1="27.705280" a2="-70.706436" a3="137.823288" a4="161.283661" a5="68.399734" a6="-172.805573" />
<external_axis />
</planned>
<actual>
<robot_axis a1="27.866434" a2="-71.254204" a3="138.170517" a4="161.432571" a5="68.187233" a6="-172.802795" />
<external_axis />
</actual>
<ipo_cycle>-38</ipo_cycle>
</value>
<value>
<planned>
<robot_axis a1="27.541868" a2="-70.152939" a3="137.466568" a4="161.134705" a5="68.608917" a6="-172.809158" />
<external_axis />
</planned>
<actual>
<robot_axis a1="27.701189" a2="-70.697174" a3="137.816605" a4="161.281677" a5="68.403137" a6="-172.806915" />
<external_axis />
</actual>
<ipo_cycle>-34</ipo_cycle>
</value>
<value>
<planned>
<robot_axis a1="27.380308" a2="-69.603523" a3="137.107391" a4="160.987061" a5="68.811508" a6="-172.812271" />
<external_axis />
</planned>
<actual>
<robot_axis a1="27.538008" a2="-70.143517" a3="137.459946" a4="161.132675" a5="68.612190" a6="-172.809708" />
<external_axis />
</actual>
<ipo_cycle>-30</ipo_cycle>
</value>
<value>
<planned>
<robot_axis a1="27.221241" a2="-69.060425" a3="136.747314" a4="160.841309" a5="69.006805" a6="-172.814865" />
<external_axis />
</planned>
<actual>
<robot_axis a1="27.376398" a2="-69.594254" a3="137.100586" a4="160.984711" a5="68.814728" a6="-172.812057" />
<external_axis />
</actual>
<ipo_cycle>-26</ipo_cycle>
</value>
<value>
<planned>
<robot_axis a1="27.083464" a2="-68.588242" a3="136.430161" a4="160.714767" a5="69.172562" a6="-172.816681" />
<external_axis />
</planned>
<actual>
<robot_axis a1="27.223801" a2="-69.059204" a3="136.742264" a4="160.839676" a5="69.009621" a6="-172.814133" />
<external_axis />
</actual>
<ipo_cycle>-22</ipo_cycle>
</value>
<value>
<planned>
<robot_axis a1="26.966499" a2="-68.186089" a3="136.157028" a4="160.607117" a5="69.310760" a6="-172.817886" />
<external_axis />
</planned>
<actual>
<robot_axis a1="27.066330" a2="-68.499947" a3="136.361710" a4="160.686295" a5="69.208443" a6="-172.815948" />
<external_axis />
</actual>
<ipo_cycle>-17</ipo_cycle>
</value>
<value>
<planned>
<robot_axis a1="26.904232" a2="-67.971497" a3="136.010147" a4="160.549713" a5="69.383385" a6="-172.818405" />
<external_axis />
</planned>
<actual>
<robot_axis a1="26.918642" a2="-67.993874" a3="136.018692" a4="160.551483" a5="69.380493" a6="-172.817749" />
<external_axis />
</actual>
<ipo_cycle>-7</ipo_cycle>
</value>
<value>
<planned>
<robot_axis a1="26.900068" a2="-71.581757" a3="136.016876" a4="160.009018" a5="65.787888" a6="-171.473541" />
<external_axis />
</planned>
<actual>
<robot_axis a1="26.904383" a2="-67.973373" a3="136.011551" a4="160.547089" a5="69.383965" a6="-172.817993" />
<external_axis />
</actual>
<ipo_cycle>0</ipo_cycle>
</value>
<syn_motion>
<program>CNCMOTION</program>
<line>83</line>
<name>MCS</name>
<base>
<pos x="1486.225952" y="-367.585999" z="-90.000000" a="-45.000000" b="0.000000" c="0.000000" /></base>
<tool>
<pos x="365.660004" y="0.000000" z="93.000000" a="0.000000" b="-90.000000" c="0.000000" /></tool>
<ipo_mode>base</ipo_mode>
<load>
<mass>250.000000</mass>
</load>
<bco_motion>FALSE</bco_motion>
<interrupt>FALSE</interrupt>
<motion_mode>STANDARD</motion_mode>
<ipo_cycle>0</ipo_cycle>
</syn_motion>
</poslog>
