<?xml-stylesheet href="poslog.xsl" type="text/xsl"?>
<poslog serialno="1074578" trafo="#KR250R2700_2 C4 FLR" date="FEB 03 2022" time="13:34:29" tick="203054" timestamp="152575" trigger="ERROR STOP">
<syn_motion>
<program>MASREF_USER</program>
<line>12</line>
<name>XHOME</name>
<base>
<pos x="0.000000" y="0.000000" z="0.000000" a="0.000000" b="0.000000" c="0.000000" /></base>
<tool>
<pos x="365.660004" y="0.000000" z="93.000000" a="0.000000" b="-90.000000" c="0.000000" /></tool>
<ipo_mode>base</ipo_mode>
<load>
<mass>18.000000</mass>
</load>
<bco_motion>TRUE</bco_motion>
<interrupt>FALSE</interrupt>
<motion_mode>STANDARD</motion_mode>
<ipo_cycle>-4611</ipo_cycle>
</syn_motion>
<syn_motion>
<program>MASREF_USER</program>
<line>12</line>
<name>XHOME</name>
<base>
<pos x="0.000000" y="0.000000" z="0.000000" a="0.000000" b="0.000000" c="0.000000" /></base>
<tool>
<pos x="365.660004" y="0.000000" z="93.000000" a="0.000000" b="-90.000000" c="0.000000" /></tool>
<ipo_mode>base</ipo_mode>
<load>
<mass>0.000000</mass>
</load>
<bco_motion>TRUE</bco_motion>
<interrupt>FALSE</interrupt>
<motion_mode>STANDARD</motion_mode>
<ipo_cycle>-4363</ipo_cycle>
</syn_motion>
<syn_motion>
<program>MASREF_USER</program>
<line>12</line>
<name>XHOME</name>
<base>
<pos x="0.000000" y="0.000000" z="0.000000" a="0.000000" b="0.000000" c="0.000000" /></base>
<tool>
<pos x="365.660004" y="0.000000" z="93.000000" a="0.000000" b="-90.000000" c="0.000000" /></tool>
<ipo_mode>base</ipo_mode>
<load>
<mass>18.000000</mass>
</load>
<bco_motion>FALSE</bco_motion>
<interrupt>FALSE</interrupt>
<motion_mode>STANDARD</motion_mode>
<ipo_cycle>-3883</ipo_cycle>
</syn_motion>
<syn_motion>
<program>MASREF_USER</program>
<line>12</line>
<name>XHOME</name>
<base>
<pos x="0.000000" y="0.000000" z="0.000000" a="0.000000" b="0.000000" c="0.000000" /></base>
<tool>
<pos x="365.660004" y="0.000000" z="93.000000" a="0.000000" b="-90.000000" c="0.000000" /></tool>
<ipo_mode>base</ipo_mode>
<load>
<mass>18.000000</mass>
</load>
<bco_motion>FALSE</bco_motion>
<interrupt>FALSE</interrupt>
<motion_mode>STANDARD</motion_mode>
<ipo_cycle>-3881</ipo_cycle>
</syn_motion>
<syn_motion>
<program>MASREF_USER</program>
<line>19</line>
<name>Xmaster1</name>
<base>
<pos x="0.000000" y="0.000000" z="0.000000" a="0.000000" b="0.000000" c="0.000000" /></base>
<tool>
<pos x="0.000000" y="0.000000" z="0.000000" a="0.000000" b="0.000000" c="0.000000" /></tool>
<ipo_mode>base</ipo_mode>
<load>
<mass>250.000000</mass>
</load>
<bco_motion>FALSE</bco_motion>
<interrupt>FALSE</interrupt>
<motion_mode>STANDARD</motion_mode>
<ipo_cycle>-3875</ipo_cycle>
</syn_motion>
<syn_motion>
<program>MASREF_USER</program>
<line>19</line>
<name>Xmaster1</name>
<base>
<pos x="0.000000" y="0.000000" z="0.000000" a="0.000000" b="0.000000" c="0.000000" /></base>
<tool>
<pos x="0.000000" y="0.000000" z="0.000000" a="0.000000" b="0.000000" c="0.000000" /></tool>
<ipo_mode>base</ipo_mode>
<load>
<mass>250.000000</mass>
</load>
<bco_motion>FALSE</bco_motion>
<interrupt>FALSE</interrupt>
<motion_mode>STANDARD</motion_mode>
<ipo_cycle>-3874</ipo_cycle>
</syn_motion>
<syn_motion>
<program>MASREF_USER</program>
<line>26</line>
<name>Xmaster2</name>
<base>
<pos x="0.000000" y="0.000000" z="0.000000" a="0.000000" b="0.000000" c="0.000000" /></base>
<tool>
<pos x="0.000000" y="0.000000" z="0.000000" a="0.000000" b="0.000000" c="0.000000" /></tool>
<ipo_mode>base</ipo_mode>
<load>
<mass>250.000000</mass>
</load>
<bco_motion>FALSE</bco_motion>
<interrupt>FALSE</interrupt>
<motion_mode>STANDARD</motion_mode>
<ipo_cycle>-3762</ipo_cycle>
</syn_motion>
<syn_motion>
<program>MASREF_USER</program>
<line>26</line>
<name>Xmaster2</name>
<base>
<pos x="0.000000" y="0.000000" z="0.000000" a="0.000000" b="0.000000" c="0.000000" /></base>
<tool>
<pos x="0.000000" y="0.000000" z="0.000000" a="0.000000" b="0.000000" c="0.000000" /></tool>
<ipo_mode>base</ipo_mode>
<load>
<mass>250.000000</mass>
</load>
<bco_motion>FALSE</bco_motion>
<interrupt>FALSE</interrupt>
<motion_mode>STANDARD</motion_mode>
<ipo_cycle>-3760</ipo_cycle>
</syn_motion>
<syn_motion>
<program>MASREF_USER</program>
<line>33</line>
<name>Xmaster3</name>
<base>
<pos x="0.000000" y="0.000000" z="0.000000" a="0.000000" b="0.000000" c="0.000000" /></base>
<tool>
<pos x="0.000000" y="0.000000" z="0.000000" a="0.000000" b="0.000000" c="0.000000" /></tool>
<ipo_mode>base</ipo_mode>
<load>
<mass>250.000000</mass>
</load>
<bco_motion>FALSE</bco_motion>
<interrupt>FALSE</interrupt>
<motion_mode>STANDARD</motion_mode>
<ipo_cycle>-3663</ipo_cycle>
</syn_motion>
<syn_motion>
<program>MASREF_USER</program>
<line>33</line>
<name>Xmaster3</name>
<base>
<pos x="0.000000" y="0.000000" z="0.000000" a="0.000000" b="0.000000" c="0.000000" /></base>
<tool>
<pos x="0.000000" y="0.000000" z="0.000000" a="0.000000" b="0.000000" c="0.000000" /></tool>
<ipo_mode>base</ipo_mode>
<load>
<mass>250.000000</mass>
</load>
<bco_motion>FALSE</bco_motion>
<interrupt>FALSE</interrupt>
<motion_mode>STANDARD</motion_mode>
<ipo_cycle>-3661</ipo_cycle>
</syn_motion>
<syn_motion>
<program>MASREF_USER</program>
<line>48</line>
<name>Xmaster2</name>
<base>
<pos x="0.000000" y="0.000000" z="0.000000" a="0.000000" b="0.000000" c="0.000000" /></base>
<tool>
<pos x="0.000000" y="0.000000" z="0.000000" a="0.000000" b="0.000000" c="0.000000" /></tool>
<ipo_mode>base</ipo_mode>
<load>
<mass>250.000000</mass>
</load>
<bco_motion>FALSE</bco_motion>
<interrupt>FALSE</interrupt>
<motion_mode>STANDARD</motion_mode>
<ipo_cycle>-3541</ipo_cycle>
</syn_motion>
<syn_motion>
<program>MASREF_USER</program>
<line>48</line>
<name>Xmaster2</name>
<base>
<pos x="0.000000" y="0.000000" z="0.000000" a="0.000000" b="0.000000" c="0.000000" /></base>
<tool>
<pos x="0.000000" y="0.000000" z="0.000000" a="0.000000" b="0.000000" c="0.000000" /></tool>
<ipo_mode>base</ipo_mode>
<load>
<mass>250.000000</mass>
</load>
<bco_motion>FALSE</bco_motion>
<interrupt>FALSE</interrupt>
<motion_mode>STANDARD</motion_mode>
<ipo_cycle>-3539</ipo_cycle>
</syn_motion>
<syn_motion>
<program>MASREF_USER</program>
<line>54</line>
<name>Xmaster1</name>
<base>
<pos x="0.000000" y="0.000000" z="0.000000" a="0.000000" b="0.000000" c="0.000000" /></base>
<tool>
<pos x="0.000000" y="0.000000" z="0.000000" a="0.000000" b="0.000000" c="0.000000" /></tool>
<ipo_mode>base</ipo_mode>
<load>
<mass>250.000000</mass>
</load>
<bco_motion>FALSE</bco_motion>
<interrupt>FALSE</interrupt>
<motion_mode>STANDARD</motion_mode>
<ipo_cycle>-3504</ipo_cycle>
</syn_motion>
<syn_motion>
<program>MASREF_USER</program>
<line>54</line>
<name>Xmaster1</name>
<base>
<pos x="0.000000" y="0.000000" z="0.000000" a="0.000000" b="0.000000" c="0.000000" /></base>
<tool>
<pos x="0.000000" y="0.000000" z="0.000000" a="0.000000" b="0.000000" c="0.000000" /></tool>
<ipo_mode>base</ipo_mode>
<load>
<mass>250.000000</mass>
</load>
<bco_motion>FALSE</bco_motion>
<interrupt>FALSE</interrupt>
<motion_mode>STANDARD</motion_mode>
<ipo_cycle>-3502</ipo_cycle>
</syn_motion>
<syn_motion>
<program>MASREF_USER</program>
<line>60</line>
<name>XHOME</name>
<base>
<pos x="0.000000" y="0.000000" z="0.000000" a="0.000000" b="0.000000" c="0.000000" /></base>
<tool>
<pos x="365.660004" y="0.000000" z="93.000000" a="0.000000" b="-90.000000" c="0.000000" /></tool>
<ipo_mode>base</ipo_mode>
<load>
<mass>18.000000</mass>
</load>
<bco_motion>FALSE</bco_motion>
<interrupt>FALSE</interrupt>
<motion_mode>STANDARD</motion_mode>
<ipo_cycle>-3415</ipo_cycle>
</syn_motion>
<syn_motion>
<program>MASREF_USER</program>
<line>60</line>
<name>XHOME</name>
<base>
<pos x="0.000000" y="0.000000" z="0.000000" a="0.000000" b="0.000000" c="0.000000" /></base>
<tool>
<pos x="365.660004" y="0.000000" z="93.000000" a="0.000000" b="-90.000000" c="0.000000" /></tool>
<ipo_mode>base</ipo_mode>
<load>
<mass>18.000000</mass>
</load>
<bco_motion>FALSE</bco_motion>
<interrupt>FALSE</interrupt>
<motion_mode>STANDARD</motion_mode>
<ipo_cycle>-3413</ipo_cycle>
</syn_motion>
<value>
<planned>
<robot_axis a1="2.384242" a2="-113.501007" a3="146.672821" a4="23.726942" a5="-36.092430" a6="-43.028095" />
<external_axis />
</planned>
<actual>
<robot_axis a1="2.841665" a2="-108.489700" a3="145.290512" a4="26.676373" a5="-40.225544" a6="-49.731339" />
<external_axis />
</actual>
<ipo_cycle>-3354</ipo_cycle>
</value>
<value>
<planned>
<robot_axis a1="2.268538" a2="-114.769958" a3="147.027328" a4="22.978619" a5="-35.045322" a6="-41.329174" />
<external_axis />
</planned>
<actual>
<robot_axis a1="2.725141" a2="-109.762955" a3="145.646591" a4="25.925674" a5="-39.174778" a6="-48.025898" />
<external_axis />
</actual>
<ipo_cycle>-3353</ipo_cycle>
</value>
<value>
<planned>
<robot_axis a1="2.152970" a2="-116.037415" a3="147.381409" a4="22.231173" a5="-33.999443" a6="-39.632252" />
<external_axis />
</planned>
<actual>
<robot_axis a1="2.608882" a2="-111.034866" a3="146.001877" a4="25.175367" a5="-38.124676" a6="-46.321972" />
<external_axis />
</actual>
<ipo_cycle>-3352</ipo_cycle>
</value>
<value>
<planned>
<robot_axis a1="2.037546" a2="-117.303291" a3="147.735062" a4="21.484661" a5="-32.954872" a6="-37.937447" />
<external_axis />
</planned>
<actual>
<robot_axis a1="2.492863" a2="-112.306290" a3="146.357147" a4="24.426054" a5="-37.075348" a6="-44.620155" />
<external_axis />
</actual>
<ipo_cycle>-3351</ipo_cycle>
</value>
<value>
<planned>
<robot_axis a1="1.922271" a2="-118.567543" a3="148.088257" a4="20.739113" a5="-31.911648" a6="-36.244831" />
<external_axis />
</planned>
<actual>
<robot_axis a1="2.376629" a2="-113.575661" a3="146.711777" a4="23.676603" a5="-36.027153" a6="-42.919380" />
<external_axis />
</actual>
<ipo_cycle>-3350</ipo_cycle>
</value>
<value>
<planned>
<robot_axis a1="1.807149" a2="-119.830116" a3="148.440979" a4="19.994551" a5="-30.869802" a6="-34.554451" />
<external_axis />
</planned>
<actual>
<robot_axis a1="2.260644" a2="-114.843491" a3="147.065842" a4="22.928572" a5="-34.980301" a6="-41.220894" />
<external_axis />
</actual>
<ipo_cycle>-3349</ipo_cycle>
</value>
<value>
<planned>
<robot_axis a1="1.692208" a2="-121.090683" a3="148.793137" a4="19.251167" a5="-29.829607" a6="-32.866749" />
<external_axis />
</planned>
<actual>
<robot_axis a1="2.144539" a2="-116.111160" a3="147.419815" a4="22.181513" a5="-33.934692" a6="-39.524158" />
<external_axis />
</actual>
<ipo_cycle>-3348</ipo_cycle>
</value>
<value>
<planned>
<robot_axis a1="1.577652" a2="-122.347054" a3="149.144135" a4="18.510263" a5="-28.792881" a6="-31.184675" />
<external_axis />
</planned>
<actual>
<robot_axis a1="2.029144" a2="-117.375999" a3="147.773468" a4="21.435680" a5="-32.890205" a6="-37.829376" />
<external_axis />
</actual>
<ipo_cycle>-3347</ipo_cycle>
</value>
<value>
<planned>
<robot_axis a1="1.463914" a2="-123.594437" a3="149.492615" a4="17.774660" a5="-27.763573" a6="-29.514635" />
<external_axis />
</planned>
<actual>
<robot_axis a1="1.913848" a2="-118.639091" a3="148.126587" a4="20.690769" a5="-31.847061" a6="-36.137924" />
<external_axis />
</actual>
<ipo_cycle>-3346</ipo_cycle>
</value>
<value>
<planned>
<robot_axis a1="1.351468" a2="-124.827660" a3="149.837143" a4="17.047407" a5="-26.745949" a6="-27.863554" />
<external_axis />
</planned>
<actual>
<robot_axis a1="1.798414" a2="-119.901115" a3="148.479233" a4="19.946262" a5="-30.805138" a6="-34.448021" />
<external_axis />
</actual>
<ipo_cycle>-3345</ipo_cycle>
</value>
<value>
<planned>
<robot_axis a1="1.240790" a2="-126.041489" a3="150.176239" a4="16.331589" a5="-25.744326" a6="-26.238434" />
<external_axis />
</planned>
<actual>
<robot_axis a1="1.683528" a2="-121.158539" a3="148.830948" a4="19.202505" a5="-29.765656" a6="-32.761154" />
<external_axis />
</actual>
<ipo_cycle>-3344</ipo_cycle>
</value>
<value>
<planned>
<robot_axis a1="1.132357" a2="-127.230698" a3="150.508469" a4="15.630291" a5="-24.763020" a6="-24.646278" />
<external_axis />
</planned>
<actual>
<robot_axis a1="1.568830" a2="-122.408707" a3="149.181671" a4="18.461494" a5="-28.729658" a6="-31.079908" />
<external_axis />
</actual>
<ipo_cycle>-3343</ipo_cycle>
</value>
<value>
<planned>
<robot_axis a1="1.026647" a2="-128.390045" a3="150.832352" a4="14.946600" a5="-23.806349" a6="-23.094095" />
<external_axis />
</planned>
<actual>
<robot_axis a1="1.455279" a2="-123.648460" a3="149.530396" a4="17.725145" a5="-27.700850" a6="-29.408907" />
<external_axis />
</actual>
<ipo_cycle>-3342</ipo_cycle>
</value>
<value>
<planned>
<robot_axis a1="0.924136" a2="-129.514313" a3="151.146439" a4="14.283603" a5="-22.878637" a6="-21.588894" />
<external_axis />
</planned>
<actual>
<robot_axis a1="1.343122" a2="-124.873466" a3="149.874771" a4="16.996447" a5="-26.684076" a6="-27.757305" />
<external_axis />
</actual>
<ipo_cycle>-3341</ipo_cycle>
</value>
<value>
<planned>
<robot_axis a1="0.825310" a2="-130.598145" a3="151.449234" a4="13.644440" a5="-21.984274" a6="-20.137802" />
<external_axis />
</planned>
<actual>
<robot_axis a1="1.232808" a2="-126.079582" a3="150.213547" a4="16.278563" a5="-25.683081" a6="-26.131247" />
<external_axis />
</actual>
<ipo_cycle>-3340</ipo_cycle>
</value>
<value>
<planned>
<robot_axis a1="0.730753" a2="-131.635178" a3="151.738953" a4="13.032889" a5="-21.128548" a6="-18.749399" />
<external_axis />
</planned>
<actual>
<robot_axis a1="1.124736" a2="-127.260689" a3="150.544983" a4="15.575228" a5="-24.702965" a6="-24.537973" />
<external_axis />
</actual>
<ipo_cycle>-3339</ipo_cycle>
</value>
<value>
<planned>
<robot_axis a1="0.641073" a2="-132.618713" a3="152.013718" a4="12.452876" a5="-20.316952" a6="-17.432596" />
<external_axis />
</planned>
<actual>
<robot_axis a1="1.019495" a2="-128.411469" a3="150.867844" a4="14.889755" a5="-23.747700" a6="-22.986423" />
<external_axis />
</actual>
<ipo_cycle>-3338</ipo_cycle>
</value>
<value>
<planned>
<robot_axis a1="0.556804" a2="-133.542908" a3="152.271912" a4="11.907863" a5="-19.554331" a6="-16.195253" />
<external_axis />
</planned>
<actual>
<robot_axis a1="0.917398" a2="-129.527863" a3="151.180786" a4="14.225102" a5="-22.821602" a6="-21.482784" />
<external_axis />
</actual>
<ipo_cycle>-3337</ipo_cycle>
</value>
<value>
<planned>
<robot_axis a1="0.478409" a2="-134.402679" a3="152.512100" a4="11.400835" a5="-18.844862" a6="-15.044149" />
<external_axis />
</planned>
<actual>
<robot_axis a1="0.819283" a2="-130.602051" a3="151.482254" a4="13.585321" a5="-21.929388" a6="-20.033560" />
<external_axis />
</actual>
<ipo_cycle>-3336</ipo_cycle>
</value>
<value>
<planned>
<robot_axis a1="0.406275" a2="-135.193802" a3="152.733124" a4="10.934302" a5="-18.192055" a6="-13.984980" />
<external_axis />
</planned>
<actual>
<robot_axis a1="0.725702" a2="-131.627335" a3="151.770447" a4="12.972578" a5="-21.076294" a6="-18.647194" />
<external_axis />
</actual>
<ipo_cycle>-3335</ipo_cycle>
</value>
<value>
<planned>
<robot_axis a1="0.340716" a2="-135.912796" a3="152.933990" a4="10.510297" a5="-17.598757" a6="-13.022361" />
<external_axis />
</planned>
<actual>
<robot_axis a1="0.636860" a2="-132.600037" a3="152.043396" a4="12.391844" a5="-20.267593" a6="-17.332209" />
<external_axis />
</actual>
<ipo_cycle>-3334</ipo_cycle>
</value>
<value>
<planned>
<robot_axis a1="0.281970" a2="-136.557068" a3="153.113968" a4="10.130355" a5="-17.067116" a6="-12.159780" />
<external_axis />
</planned>
<actual>
<robot_axis a1="0.553176" a2="-133.513809" a3="152.299469" a4="11.846305" a5="-19.508097" a6="-16.098648" />
<external_axis />
</actual>
<ipo_cycle>-3333</ipo_cycle>
</value>
<value>
<planned>
<robot_axis a1="0.230174" a2="-137.125137" a3="153.272675" a4="9.795356" a5="-16.598360" a6="-11.399230" />
<external_axis />
</planned>
<actual>
<robot_axis a1="0.475801" a2="-134.362625" a3="152.537552" a4="11.339106" a5="-18.801912" a6="-14.952819" />
<external_axis />
</actual>
<ipo_cycle>-3332</ipo_cycle>
</value>
<value>
<planned>
<robot_axis a1="0.185216" a2="-137.618195" a3="153.410416" a4="9.504588" a5="-16.191496" a6="-10.739101" />
<external_axis />
</planned>
<actual>
<robot_axis a1="0.404689" a2="-135.144974" a3="152.756393" a4="10.872797" a5="-18.152363" a6="-13.898607" />
<external_axis />
</actual>
<ipo_cycle>-3331</ipo_cycle>
</value>
<value>
<planned>
<robot_axis a1="0.146684" a2="-138.040787" a3="153.528473" a4="9.255379" a5="-15.842786" a6="-10.173323" />
<external_axis />
</planned>
<actual>
<robot_axis a1="0.339782" a2="-135.855591" a3="152.955170" a4="10.448970" a5="-17.562891" a6="-12.941144" />
<external_axis />
</actual>
<ipo_cycle>-3330</ipo_cycle>
</value>
<value>
<planned>
<robot_axis a1="0.114098" a2="-138.398163" a3="153.628326" a4="9.044626" a5="-15.547886" a6="-9.694851" />
<external_axis />
</planned>
<actual>
<robot_axis a1="0.281997" a2="-136.492798" a3="153.132462" a4="10.070458" a5="-17.035055" a6="-12.084292" />
<external_axis />
</actual>
<ipo_cycle>-3329</ipo_cycle>
</value>
<value>
<planned>
<robot_axis a1="0.086971" a2="-138.695679" a3="153.711441" a4="8.869183" a5="-15.302393" a6="-9.296542" />
<external_axis />
</planned>
<actual>
<robot_axis a1="0.230674" a2="-137.056427" a3="153.288788" a4="9.737731" a5="-16.570103" a6="-11.330142" />
<external_axis />
</actual>
<ipo_cycle>-3328</ipo_cycle>
</value>
<value>
<planned>
<robot_axis a1="0.064817" a2="-138.938644" a3="153.779312" a4="8.725901" a5="-15.101901" a6="-8.971248" />
<external_axis />
</planned>
<actual>
<robot_axis a1="0.186333" a2="-137.549454" a3="153.424454" a4="9.450197" a5="-16.166555" a6="-10.676811" />
<external_axis />
</actual>
<ipo_cycle>-3327</ipo_cycle>
</value>
<value>
<planned>
<robot_axis a1="0.047149" a2="-139.132416" a3="153.833450" a4="8.611630" a5="-14.942007" a6="-8.711822" />
<external_axis />
</planned>
<actual>
<robot_axis a1="0.147825" a2="-137.974045" a3="153.540207" a4="9.205361" a5="-15.821464" a6="-10.119053" />
<external_axis />
</actual>
<ipo_cycle>-3326</ipo_cycle>
</value>
<value>
<planned>
<robot_axis a1="0.023315" a2="-139.393799" a3="153.906464" a4="8.457485" a5="-14.726315" a6="-8.361866" />
<external_axis />
</planned>
<actual>
<robot_axis a1="0.088645" a2="-138.632828" a3="153.718353" a4="8.830301" a5="-15.288130" a6="-9.258978" />
<external_axis />
</actual>
<ipo_cycle>-3324</ipo_cycle>
</value>
<value>
<planned>
<robot_axis a1="0.011103" a2="-139.527740" a3="153.943893" a4="8.378500" a5="-14.615794" a6="-8.182546" />
<external_axis />
</planned>
<actual>
<robot_axis a1="0.048991" a2="-139.074692" a3="153.836792" a4="8.584946" a5="-14.933207" a6="-8.687794" />
<external_axis />
</actual>
<ipo_cycle>-3322</ipo_cycle>
</value>
<value>
<planned>
<robot_axis a1="0.004438" a2="-139.600830" a3="153.964310" a4="8.335398" a5="-14.555482" a6="-8.084690" />
<external_axis />
</planned>
<actual>
<robot_axis a1="0.013503" a2="-139.490936" a3="153.942368" a4="8.373509" a5="-14.614843" a6="-8.178675" />
<external_axis />
</actual>
<ipo_cycle>-3318</ipo_cycle>
</value>
<syn_motion>
<program>BRAKETESTREQ</program>
<line>55</line>
<name>$AXIS_ACT</name>
<base>
<pos x="0.000000" y="0.000000" z="0.000000" a="0.000000" b="0.000000" c="0.000000" /></base>
<tool>
<pos x="365.660004" y="0.000000" z="93.000000" a="0.000000" b="-90.000000" c="0.000000" /></tool>
<ipo_mode>base</ipo_mode>
<load>
<mass>18.000000</mass>
</load>
<bco_motion>FALSE</bco_motion>
<interrupt>FALSE</interrupt>
<motion_mode>STANDARD</motion_mode>
<ipo_cycle>-3265</ipo_cycle>
</syn_motion>
<value>
<planned>
<robot_axis a1="0.004228" a2="-139.603134" a3="153.964951" a4="8.334036" a5="-14.553576" a6="-8.081598" />
<external_axis />
</planned>
<actual>
<robot_axis a1="0.514707" a2="-139.603821" a3="153.964951" a4="8.333503" a5="-14.553437" a6="-8.081476" />
<external_axis />
</actual>
<ipo_cycle>-3203</ipo_cycle>
</value>
<value>
<planned>
<robot_axis a1="0.004228" a2="-139.603134" a3="153.964951" a4="8.334036" a5="-14.553576" a6="-8.081598" />
<external_axis />
</planned>
<actual>
<robot_axis a1="1.017185" a2="-139.603729" a3="153.964951" a4="8.333519" a5="-14.553534" a6="-8.081489" />
<external_axis />
</actual>
<ipo_cycle>-3185</ipo_cycle>
</value>
<value>
<planned>
<robot_axis a1="0.004228" a2="-139.603134" a3="153.964951" a4="8.334036" a5="-14.553576" a6="-8.081598" />
<external_axis />
</planned>
<actual>
<robot_axis a1="1.521905" a2="-139.603546" a3="153.964920" a4="8.333536" a5="-14.553608" a6="-8.081495" />
<external_axis />
</actual>
<ipo_cycle>-3167</ipo_cycle>
</value>
<value>
<planned>
<robot_axis a1="0.004228" a2="-139.603134" a3="153.964951" a4="8.334036" a5="-14.553576" a6="-8.081598" />
<external_axis />
</planned>
<actual>
<robot_axis a1="2.037327" a2="-139.603348" a3="153.964905" a4="8.333574" a5="-14.553624" a6="-8.081509" />
<external_axis />
</actual>
<ipo_cycle>-3147</ipo_cycle>
</value>
<value>
<planned>
<robot_axis a1="0.004228" a2="-139.603134" a3="153.964951" a4="8.334036" a5="-14.553576" a6="-8.081598" />
<external_axis />
</planned>
<actual>
<robot_axis a1="1.523804" a2="-139.603104" a3="153.964951" a4="8.333696" a5="-14.553641" a6="-8.081556" />
<external_axis />
</actual>
<ipo_cycle>-3067</ipo_cycle>
</value>
<value>
<planned>
<robot_axis a1="0.004228" a2="-139.603134" a3="153.964951" a4="8.334036" a5="-14.553576" a6="-8.081598" />
<external_axis />
</planned>
<actual>
<robot_axis a1="1.019269" a2="-139.603073" a3="153.964981" a4="8.333746" a5="-14.553562" a6="-8.081551" />
<external_axis />
</actual>
<ipo_cycle>-3049</ipo_cycle>
</value>
<value>
<planned>
<robot_axis a1="0.004228" a2="-139.603134" a3="153.964951" a4="8.334036" a5="-14.553576" a6="-8.081598" />
<external_axis />
</planned>
<actual>
<robot_axis a1="0.516632" a2="-139.603088" a3="153.964966" a4="8.333807" a5="-14.553494" a6="-8.081558" />
<external_axis />
</actual>
<ipo_cycle>-3031</ipo_cycle>
</value>
<value>
<planned>
<robot_axis a1="0.004228" a2="-139.603134" a3="153.964951" a4="8.334036" a5="-14.553576" a6="-8.081598" />
<external_axis />
</planned>
<actual>
<robot_axis a1="0.016138" a2="-139.603088" a3="153.964935" a4="8.333867" a5="-14.553537" a6="-8.081558" />
<external_axis />
</actual>
<ipo_cycle>-2998</ipo_cycle>
</value>
<value>
<planned>
<robot_axis a1="0.004228" a2="-139.603134" a3="153.964951" a4="8.334036" a5="-14.553576" a6="-8.081598" />
<external_axis />
</planned>
<actual>
<robot_axis a1="0.003302" a2="-139.079971" a3="153.964951" a4="8.334066" a5="-14.553582" a6="-8.081593" />
<external_axis />
</actual>
<ipo_cycle>-2689</ipo_cycle>
</value>
<value>
<planned>
<robot_axis a1="0.004228" a2="-139.603134" a3="153.964951" a4="8.334036" a5="-14.553576" a6="-8.081598" />
<external_axis />
</planned>
<actual>
<robot_axis a1="0.003311" a2="-138.567261" a3="153.964951" a4="8.334110" a5="-14.553577" a6="-8.081599" />
<external_axis />
</actual>
<ipo_cycle>-2669</ipo_cycle>
</value>
<value>
<planned>
<robot_axis a1="0.004228" a2="-139.603134" a3="153.964951" a4="8.334036" a5="-14.553576" a6="-8.081598" />
<external_axis />
</planned>
<actual>
<robot_axis a1="0.003306" a2="-138.055695" a3="153.964951" a4="8.334132" a5="-14.553573" a6="-8.081593" />
<external_axis />
</actual>
<ipo_cycle>-2649</ipo_cycle>
</value>
<value>
<planned>
<robot_axis a1="0.004228" a2="-139.603134" a3="153.964951" a4="8.334036" a5="-14.553576" a6="-8.081598" />
<external_axis />
</planned>
<actual>
<robot_axis a1="0.003311" a2="-137.546326" a3="153.964966" a4="8.334154" a5="-14.553578" a6="-8.081586" />
<external_axis />
</actual>
<ipo_cycle>-2621</ipo_cycle>
</value>
<value>
<planned>
<robot_axis a1="0.004228" a2="-139.603134" a3="153.964951" a4="8.334036" a5="-14.553576" a6="-8.081598" />
<external_axis />
</planned>
<actual>
<robot_axis a1="0.003306" a2="-138.070435" a3="153.964951" a4="8.334149" a5="-14.553583" a6="-8.081613" />
<external_axis />
</actual>
<ipo_cycle>-2561</ipo_cycle>
</value>
<value>
<planned>
<robot_axis a1="0.004228" a2="-139.603134" a3="153.964951" a4="8.334036" a5="-14.553576" a6="-8.081598" />
<external_axis />
</planned>
<actual>
<robot_axis a1="0.003311" a2="-138.582870" a3="153.964966" a4="8.334110" a5="-14.553577" a6="-8.081593" />
<external_axis />
</actual>
<ipo_cycle>-2541</ipo_cycle>
</value>
<value>
<planned>
<robot_axis a1="0.004228" a2="-139.603134" a3="153.964951" a4="8.334036" a5="-14.553576" a6="-8.081598" />
<external_axis />
</planned>
<actual>
<robot_axis a1="0.003302" a2="-139.094986" a3="153.964966" a4="8.334077" a5="-14.553582" a6="-8.081606" />
<external_axis />
</actual>
<ipo_cycle>-2521</ipo_cycle>
</value>
<value>
<planned>
<robot_axis a1="0.004228" a2="-139.603134" a3="153.964951" a4="8.334036" a5="-14.553576" a6="-8.081598" />
<external_axis />
</planned>
<actual>
<robot_axis a1="0.003311" a2="-139.595779" a3="153.964966" a4="8.334039" a5="-14.553576" a6="-8.081598" />
<external_axis />
</actual>
<ipo_cycle>-2485</ipo_cycle>
</value>
<value>
<planned>
<robot_axis a1="0.004228" a2="-139.603134" a3="153.964951" a4="8.334036" a5="-14.553576" a6="-8.081598" />
<external_axis />
</planned>
<actual>
<robot_axis a1="0.003311" a2="-139.602707" a3="154.481720" a4="8.334027" a5="-14.553539" a6="-8.081599" />
<external_axis />
</actual>
<ipo_cycle>-2179</ipo_cycle>
</value>
<value>
<planned>
<robot_axis a1="0.004228" a2="-139.603134" a3="153.964951" a4="8.334036" a5="-14.553576" a6="-8.081598" />
<external_axis />
</planned>
<actual>
<robot_axis a1="0.003306" a2="-139.602707" a3="155.000992" a4="8.334033" a5="-14.553518" a6="-8.081606" />
<external_axis />
</actual>
<ipo_cycle>-2160</ipo_cycle>
</value>
<value>
<planned>
<robot_axis a1="0.004228" a2="-139.603134" a3="153.964951" a4="8.334036" a5="-14.553576" a6="-8.081598" />
<external_axis />
</planned>
<actual>
<robot_axis a1="0.003311" a2="-139.602707" a3="155.521698" a4="8.334033" a5="-14.553560" a6="-8.081593" />
<external_axis />
</actual>
<ipo_cycle>-2141</ipo_cycle>
</value>
<value>
<planned>
<robot_axis a1="0.004228" a2="-139.603134" a3="153.964951" a4="8.334036" a5="-14.553576" a6="-8.081598" />
<external_axis />
</planned>
<actual>
<robot_axis a1="0.003311" a2="-139.602707" a3="156.038132" a4="8.334039" a5="-14.553619" a6="-8.081598" />
<external_axis />
</actual>
<ipo_cycle>-2119</ipo_cycle>
</value>
<value>
<planned>
<robot_axis a1="0.004228" a2="-139.603134" a3="153.964951" a4="8.334036" a5="-14.553576" a6="-8.081598" />
<external_axis />
</planned>
<actual>
<robot_axis a1="0.003311" a2="-139.602707" a3="155.514130" a4="8.334039" a5="-14.553555" a6="-8.081579" />
<external_axis />
</actual>
<ipo_cycle>-2046</ipo_cycle>
</value>
<value>
<planned>
<robot_axis a1="0.004228" a2="-139.603134" a3="153.964951" a4="8.334036" a5="-14.553576" a6="-8.081598" />
<external_axis />
</planned>
<actual>
<robot_axis a1="0.003311" a2="-139.602707" a3="154.993088" a4="8.334039" a5="-14.553529" a6="-8.081599" />
<external_axis />
</actual>
<ipo_cycle>-2027</ipo_cycle>
</value>
<value>
<planned>
<robot_axis a1="0.004228" a2="-139.603134" a3="153.964951" a4="8.334036" a5="-14.553576" a6="-8.081598" />
<external_axis />
</planned>
<actual>
<robot_axis a1="0.003311" a2="-139.602707" a3="154.473862" a4="8.334027" a5="-14.553566" a6="-8.081592" />
<external_axis />
</actual>
<ipo_cycle>-2008</ipo_cycle>
</value>
<value>
<planned>
<robot_axis a1="0.004228" a2="-139.603134" a3="153.964951" a4="8.334036" a5="-14.553576" a6="-8.081598" />
<external_axis />
</planned>
<actual>
<robot_axis a1="0.003311" a2="-139.602707" a3="153.972763" a4="8.334039" a5="-14.553619" a6="-8.081592" />
<external_axis />
</actual>
<ipo_cycle>-1973</ipo_cycle>
</value>
<value>
<planned>
<robot_axis a1="0.004228" a2="-139.603134" a3="153.964951" a4="8.334036" a5="-14.553576" a6="-8.081598" />
<external_axis />
</planned>
<actual>
<robot_axis a1="0.003311" a2="-139.602707" a3="153.965302" a4="8.864144" a5="-14.558092" a6="-8.083098" />
<external_axis />
</actual>
<ipo_cycle>-1675</ipo_cycle>
</value>
<value>
<planned>
<robot_axis a1="0.004228" a2="-139.603134" a3="153.964951" a4="8.334036" a5="-14.553576" a6="-8.081598" />
<external_axis />
</planned>
<actual>
<robot_axis a1="0.003306" a2="-139.602707" a3="153.965302" a4="9.382710" a5="-14.564198" a6="-8.085999" />
<external_axis />
</actual>
<ipo_cycle>-1662</ipo_cycle>
</value>
<value>
<planned>
<robot_axis a1="0.004228" a2="-139.603134" a3="153.964951" a4="8.334036" a5="-14.553576" a6="-8.081598" />
<external_axis />
</planned>
<actual>
<robot_axis a1="0.003306" a2="-139.602707" a3="153.965302" a4="9.906603" a5="-14.570919" a6="-8.088820" />
<external_axis />
</actual>
<ipo_cycle>-1650</ipo_cycle>
</value>
<value>
<planned>
<robot_axis a1="0.004228" a2="-139.603134" a3="153.964951" a4="8.334036" a5="-14.553576" a6="-8.081598" />
<external_axis />
</planned>
<actual>
<robot_axis a1="0.003311" a2="-139.602707" a3="153.965302" a4="10.428699" a5="-14.577556" a6="-8.092318" />
<external_axis />
</actual>
<ipo_cycle>-1638</ipo_cycle>
</value>
<value>
<planned>
<robot_axis a1="0.004228" a2="-139.603134" a3="153.964951" a4="8.334036" a5="-14.553576" a6="-8.081598" />
<external_axis />
</planned>
<actual>
<robot_axis a1="0.003311" a2="-139.602707" a3="153.965302" a4="10.948338" a5="-14.583940" a6="-8.095850" />
<external_axis />
</actual>
<ipo_cycle>-1626</ipo_cycle>
</value>
<value>
<planned>
<robot_axis a1="0.004228" a2="-139.603134" a3="153.964951" a4="8.334036" a5="-14.553576" a6="-8.081598" />
<external_axis />
</planned>
<actual>
<robot_axis a1="0.003311" a2="-139.602707" a3="153.965302" a4="11.450604" a5="-14.589955" a6="-8.099325" />
<external_axis />
</actual>
<ipo_cycle>-1613</ipo_cycle>
</value>
<value>
<planned>
<robot_axis a1="0.004228" a2="-139.603134" a3="153.964951" a4="8.334036" a5="-14.553576" a6="-8.081598" />
<external_axis />
</planned>
<actual>
<robot_axis a1="0.003311" a2="-139.602692" a3="153.965302" a4="11.952153" a5="-14.595967" a6="-8.102863" />
<external_axis />
</actual>
<ipo_cycle>-1584</ipo_cycle>
</value>
<value>
<planned>
<robot_axis a1="0.004228" a2="-139.603134" a3="153.964951" a4="8.334036" a5="-14.553576" a6="-8.081598" />
<external_axis />
</planned>
<actual>
<robot_axis a1="0.003311" a2="-139.602707" a3="153.965302" a4="11.425710" a5="-14.592711" a6="-8.102938" />
<external_axis />
</actual>
<ipo_cycle>-1550</ipo_cycle>
</value>
<value>
<planned>
<robot_axis a1="0.004228" a2="-139.603134" a3="153.964951" a4="8.334036" a5="-14.553576" a6="-8.081598" />
<external_axis />
</planned>
<actual>
<robot_axis a1="0.003311" a2="-139.602707" a3="153.965286" a4="10.902697" a5="-14.586356" a6="-8.100640" />
<external_axis />
</actual>
<ipo_cycle>-1537</ipo_cycle>
</value>
<value>
<planned>
<robot_axis a1="0.004228" a2="-139.603134" a3="153.964951" a4="8.334036" a5="-14.553576" a6="-8.081598" />
<external_axis />
</planned>
<actual>
<robot_axis a1="0.003315" a2="-139.602707" a3="153.965302" a4="10.384306" a5="-14.578775" a6="-8.097097" />
<external_axis />
</actual>
<ipo_cycle>-1525</ipo_cycle>
</value>
<value>
<planned>
<robot_axis a1="0.004228" a2="-139.603134" a3="153.964951" a4="8.334036" a5="-14.553576" a6="-8.081598" />
<external_axis />
</planned>
<actual>
<robot_axis a1="0.003311" a2="-139.602707" a3="153.965302" a4="9.864243" a5="-14.572296" a6="-8.093824" />
<external_axis />
</actual>
<ipo_cycle>-1513</ipo_cycle>
</value>
<value>
<planned>
<robot_axis a1="0.004228" a2="-139.603134" a3="153.964951" a4="8.334036" a5="-14.553576" a6="-8.081598" />
<external_axis />
</planned>
<actual>
<robot_axis a1="0.003311" a2="-139.602707" a3="153.965302" a4="9.344698" a5="-14.566067" a6="-8.089311" />
<external_axis />
</actual>
<ipo_cycle>-1501</ipo_cycle>
</value>
<value>
<planned>
<robot_axis a1="0.004228" a2="-139.603134" a3="153.964951" a4="8.334036" a5="-14.553576" a6="-8.081598" />
<external_axis />
</planned>
<actual>
<robot_axis a1="0.003311" a2="-139.602707" a3="153.965302" a4="8.836963" a5="-14.559966" a6="-8.085115" />
<external_axis />
</actual>
<ipo_cycle>-1488</ipo_cycle>
</value>
<value>
<planned>
<robot_axis a1="0.004228" a2="-139.603134" a3="153.964951" a4="8.334036" a5="-14.553576" a6="-8.081598" />
<external_axis />
</planned>
<actual>
<robot_axis a1="0.003306" a2="-139.602707" a3="153.965302" a4="8.334994" a5="-14.553737" a6="-8.081703" />
<external_axis />
</actual>
<ipo_cycle>-1458</ipo_cycle>
</value>
<value>
<planned>
<robot_axis a1="0.004228" a2="-139.603134" a3="153.964951" a4="8.334036" a5="-14.553576" a6="-8.081598" />
<external_axis />
</planned>
<actual>
<robot_axis a1="0.003375" a2="-139.602707" a3="153.965302" a4="8.331265" a5="-14.030126" a6="-8.082129" />
<external_axis />
</actual>
<ipo_cycle>-1163</ipo_cycle>
</value>
<value>
<planned>
<robot_axis a1="0.004228" a2="-139.603134" a3="153.964951" a4="8.334036" a5="-14.553576" a6="-8.081598" />
<external_axis />
</planned>
<actual>
<robot_axis a1="0.003293" a2="-139.602707" a3="153.965302" a4="8.331260" a5="-13.489061" a6="-8.086341" />
<external_axis />
</actual>
<ipo_cycle>-1149</ipo_cycle>
</value>
<value>
<planned>
<robot_axis a1="0.004228" a2="-139.603134" a3="153.964951" a4="8.334036" a5="-14.553576" a6="-8.081598" />
<external_axis />
</planned>
<actual>
<robot_axis a1="0.003366" a2="-139.602707" a3="153.965302" a4="8.331265" a5="-12.988297" a6="-8.089792" />
<external_axis />
</actual>
<ipo_cycle>-1137</ipo_cycle>
</value>
<value>
<planned>
<robot_axis a1="0.004228" a2="-139.603134" a3="153.964951" a4="8.334036" a5="-14.553576" a6="-8.081598" />
<external_axis />
</planned>
<actual>
<robot_axis a1="0.003323" a2="-139.602707" a3="153.965302" a4="8.331260" a5="-12.486965" a6="-8.093760" />
<external_axis />
</actual>
<ipo_cycle>-1125</ipo_cycle>
</value>
<value>
<planned>
<robot_axis a1="0.004228" a2="-139.603134" a3="153.964951" a4="8.334036" a5="-14.553576" a6="-8.081598" />
<external_axis />
</planned>
<actual>
<robot_axis a1="0.003336" a2="-139.602707" a3="153.965302" a4="8.331260" a5="-11.985404" a6="-8.098231" />
<external_axis />
</actual>
<ipo_cycle>-1113</ipo_cycle>
</value>
<value>
<planned>
<robot_axis a1="0.004228" a2="-139.603134" a3="153.964951" a4="8.334036" a5="-14.553576" a6="-8.081598" />
<external_axis />
</planned>
<actual>
<robot_axis a1="0.003358" a2="-139.602707" a3="153.965302" a4="8.331260" a5="-11.484491" a6="-8.102304" />
<external_axis />
</actual>
<ipo_cycle>-1099</ipo_cycle>
</value>
<value>
<planned>
<robot_axis a1="0.004228" a2="-139.603134" a3="153.964951" a4="8.334036" a5="-14.553576" a6="-8.081598" />
<external_axis />
</planned>
<actual>
<robot_axis a1="0.003311" a2="-139.602707" a3="153.965302" a4="8.331260" a5="-12.010698" a6="-8.103806" />
<external_axis />
</actual>
<ipo_cycle>-1027</ipo_cycle>
</value>
<value>
<planned>
<robot_axis a1="0.004228" a2="-139.603134" a3="153.964951" a4="8.334036" a5="-14.553576" a6="-8.081598" />
<external_axis />
</planned>
<actual>
<robot_axis a1="0.003345" a2="-139.602692" a3="153.965302" a4="8.331260" a5="-12.511739" a6="-8.099079" />
<external_axis />
</actual>
<ipo_cycle>-1015</ipo_cycle>
</value>
<value>
<planned>
<robot_axis a1="0.004228" a2="-139.603134" a3="153.964951" a4="8.334036" a5="-14.553576" a6="-8.081598" />
<external_axis />
</planned>
<actual>
<robot_axis a1="0.003341" a2="-139.602707" a3="153.965302" a4="8.331260" a5="-13.013156" a6="-8.095611" />
<external_axis />
</actual>
<ipo_cycle>-1003</ipo_cycle>
</value>
<value>
<planned>
<robot_axis a1="0.004228" a2="-139.603134" a3="153.964951" a4="8.334036" a5="-14.553576" a6="-8.081598" />
<external_axis />
</planned>
<actual>
<robot_axis a1="0.003311" a2="-139.602707" a3="153.965302" a4="8.331260" a5="-13.514473" a6="-8.090628" />
<external_axis />
</actual>
<ipo_cycle>-991</ipo_cycle>
</value>
<value>
<planned>
<robot_axis a1="0.004228" a2="-139.603134" a3="153.964951" a4="8.334036" a5="-14.553576" a6="-8.081598" />
<external_axis />
</planned>
<actual>
<robot_axis a1="0.003379" a2="-139.602692" a3="153.965286" a4="8.331255" a5="-14.017664" a6="-8.085798" />
<external_axis />
</actual>
<ipo_cycle>-978</ipo_cycle>
</value>
<value>
<planned>
<robot_axis a1="0.004228" a2="-139.603134" a3="153.964951" a4="8.334036" a5="-14.553576" a6="-8.081598" />
<external_axis />
</planned>
<actual>
<robot_axis a1="0.003289" a2="-139.602707" a3="153.965302" a4="8.331260" a5="-14.523527" a6="-8.081819" />
<external_axis />
</actual>
<ipo_cycle>-953</ipo_cycle>
</value>
<value>
<planned>
<robot_axis a1="0.004228" a2="-139.603134" a3="153.964951" a4="8.334036" a5="-14.553576" a6="-8.081598" />
<external_axis />
</planned>
<actual>
<robot_axis a1="0.003311" a2="-139.602707" a3="153.965302" a4="8.331244" a5="-14.552656" a6="-7.564723" />
<external_axis />
</actual>
<ipo_cycle>-655</ipo_cycle>
</value>
<value>
<planned>
<robot_axis a1="0.004228" a2="-139.603134" a3="153.964951" a4="8.334036" a5="-14.553576" a6="-8.081598" />
<external_axis />
</planned>
<actual>
<robot_axis a1="0.003315" a2="-139.602676" a3="153.965302" a4="8.331255" a5="-14.552657" a6="-7.042133" />
<external_axis />
</actual>
<ipo_cycle>-643</ipo_cycle>
</value>
<value>
<planned>
<robot_axis a1="0.004228" a2="-139.603134" a3="153.964951" a4="8.334036" a5="-14.553576" a6="-8.081598" />
<external_axis />
</planned>
<actual>
<robot_axis a1="0.003315" a2="-139.602676" a3="153.965302" a4="8.331244" a5="-14.552656" a6="-6.517181" />
<external_axis />
</actual>
<ipo_cycle>-633</ipo_cycle>
</value>
<value>
<planned>
<robot_axis a1="0.004228" a2="-139.603134" a3="153.964951" a4="8.334036" a5="-14.553576" a6="-8.081598" />
<external_axis />
</planned>
<actual>
<robot_axis a1="0.003315" a2="-139.602676" a3="153.965302" a4="8.331260" a5="-14.552668" a6="-5.993070" />
<external_axis />
</actual>
<ipo_cycle>-623</ipo_cycle>
</value>
<value>
<planned>
<robot_axis a1="0.004228" a2="-139.603134" a3="153.964951" a4="8.334036" a5="-14.553576" a6="-8.081598" />
<external_axis />
</planned>
<actual>
<robot_axis a1="0.003311" a2="-139.602692" a3="153.965302" a4="8.331260" a5="-14.552668" a6="-5.468558" />
<external_axis />
</actual>
<ipo_cycle>-613</ipo_cycle>
</value>
<value>
<planned>
<robot_axis a1="0.004228" a2="-139.603134" a3="153.964951" a4="8.334036" a5="-14.553576" a6="-8.081598" />
<external_axis />
</planned>
<actual>
<robot_axis a1="0.003311" a2="-139.602707" a3="153.965302" a4="8.331255" a5="-14.552668" a6="-4.943012" />
<external_axis />
</actual>
<ipo_cycle>-603</ipo_cycle>
</value>
<value>
<planned>
<robot_axis a1="0.004228" a2="-139.603134" a3="153.964951" a4="8.334036" a5="-14.553576" a6="-8.081598" />
<external_axis />
</planned>
<actual>
<robot_axis a1="0.003315" a2="-139.602676" a3="153.965302" a4="8.331249" a5="-14.552662" a6="-4.408038" />
<external_axis />
</actual>
<ipo_cycle>-592</ipo_cycle>
</value>
<value>
<planned>
<robot_axis a1="0.004228" a2="-139.603134" a3="153.964951" a4="8.334036" a5="-14.553576" a6="-8.081598" />
<external_axis />
</planned>
<actual>
<robot_axis a1="0.003315" a2="-139.602661" a3="153.965302" a4="8.331255" a5="-14.552657" a6="-3.896484" />
<external_axis />
</actual>
<ipo_cycle>-576</ipo_cycle>
</value>
<value>
<planned>
<robot_axis a1="0.004228" a2="-139.603134" a3="153.964951" a4="8.334036" a5="-14.553576" a6="-8.081598" />
<external_axis />
</planned>
<actual>
<robot_axis a1="0.003323" a2="-139.602676" a3="153.965302" a4="8.331255" a5="-14.552657" a6="-4.418967" />
<external_axis />
</actual>
<ipo_cycle>-525</ipo_cycle>
</value>
<value>
<planned>
<robot_axis a1="0.004228" a2="-139.603134" a3="153.964951" a4="8.334036" a5="-14.553576" a6="-8.081598" />
<external_axis />
</planned>
<actual>
<robot_axis a1="0.003311" a2="-139.602707" a3="153.965302" a4="8.331260" a5="-14.552657" a6="-4.957111" />
<external_axis />
</actual>
<ipo_cycle>-514</ipo_cycle>
</value>
<value>
<planned>
<robot_axis a1="0.004228" a2="-139.603134" a3="153.964951" a4="8.334036" a5="-14.553576" a6="-8.081598" />
<external_axis />
</planned>
<actual>
<robot_axis a1="0.003311" a2="-139.602707" a3="153.965302" a4="8.331249" a5="-14.552668" a6="-5.481856" />
<external_axis />
</actual>
<ipo_cycle>-504</ipo_cycle>
</value>
<value>
<planned>
<robot_axis a1="0.004228" a2="-139.603134" a3="153.964951" a4="8.334036" a5="-14.553576" a6="-8.081598" />
<external_axis />
</planned>
<actual>
<robot_axis a1="0.003319" a2="-139.602661" a3="153.965302" a4="8.331260" a5="-14.552668" a6="-6.006774" />
<external_axis />
</actual>
<ipo_cycle>-494</ipo_cycle>
</value>
<value>
<planned>
<robot_axis a1="0.004228" a2="-139.603134" a3="153.964951" a4="8.334036" a5="-14.553576" a6="-8.081598" />
<external_axis />
</planned>
<actual>
<robot_axis a1="0.003315" a2="-139.602661" a3="153.965302" a4="8.331260" a5="-14.552668" a6="-6.531960" />
<external_axis />
</actual>
<ipo_cycle>-484</ipo_cycle>
</value>
<value>
<planned>
<robot_axis a1="0.004228" a2="-139.603134" a3="153.964951" a4="8.334036" a5="-14.553576" a6="-8.081598" />
<external_axis />
</planned>
<actual>
<robot_axis a1="0.003315" a2="-139.602676" a3="153.965302" a4="8.331260" a5="-14.552668" a6="-7.055524" />
<external_axis />
</actual>
<ipo_cycle>-474</ipo_cycle>
</value>
<value>
<planned>
<robot_axis a1="0.004228" a2="-139.603134" a3="153.964951" a4="8.334036" a5="-14.553576" a6="-8.081598" />
<external_axis />
</planned>
<actual>
<robot_axis a1="0.003311" a2="-139.602707" a3="153.965302" a4="8.331260" a5="-14.552657" a6="-7.575426" />
<external_axis />
</actual>
<ipo_cycle>-462</ipo_cycle>
</value>
<value>
<planned>
<robot_axis a1="0.004228" a2="-139.603134" a3="153.964951" a4="8.334036" a5="-14.553576" a6="-8.081598" />
<external_axis />
</planned>
<actual>
<robot_axis a1="0.003311" a2="-139.602707" a3="153.965302" a4="8.331260" a5="-14.552668" a6="-8.076878" />
<external_axis />
</actual>
<ipo_cycle>-436</ipo_cycle>
</value>
<syn_motion>
<program>MAIN</program>
<line>44</line>
<name>$POS_ACT</name>
<base>
<pos x="0.000000" y="0.000000" z="0.000000" a="0.000000" b="0.000000" c="0.000000" /></base>
<tool>
<pos x="365.660004" y="0.000000" z="93.000000" a="0.000000" b="-90.000000" c="0.000000" /></tool>
<ipo_mode>base</ipo_mode>
<load>
<mass>18.000000</mass>
</load>
<bco_motion>FALSE</bco_motion>
<interrupt>FALSE</interrupt>
<motion_mode>STANDARD</motion_mode>
<ipo_cycle>-153</ipo_cycle>
</syn_motion>
<syn_motion>
<program>MAIN</program>
<line>46</line>
<name>XHOME1</name>
<base>
<pos x="1486.225952" y="-367.585999" z="-90.000000" a="-45.000000" b="0.000000" c="0.000000" /></base>
<tool>
<pos x="365.660004" y="0.000000" z="93.000000" a="0.000000" b="-90.000000" c="0.000000" /></tool>
<ipo_mode>base</ipo_mode>
<load>
<mass>18.000000</mass>
</load>
<bco_motion>FALSE</bco_motion>
<interrupt>FALSE</interrupt>
<motion_mode>STANDARD</motion_mode>
<ipo_cycle>-132</ipo_cycle>
</syn_motion>
<syn_motion>
<program>MAIN</program>
<line>46</line>
<name>XHOME1</name>
<base>
<pos x="1486.225952" y="-367.585999" z="-90.000000" a="-45.000000" b="0.000000" c="0.000000" /></base>
<tool>
<pos x="365.660004" y="0.000000" z="93.000000" a="0.000000" b="-90.000000" c="0.000000" /></tool>
<ipo_mode>base</ipo_mode>
<load>
<mass>18.000000</mass>
</load>
<bco_motion>FALSE</bco_motion>
<interrupt>FALSE</interrupt>
<motion_mode>STANDARD</motion_mode>
<ipo_cycle>-130</ipo_cycle>
</syn_motion>
<value>
<planned>
<robot_axis a1="0.578518" a2="-139.813278" a3="154.083160" a4="8.542383" a5="-14.466612" a6="-8.291621" />
<external_axis />
</planned>
<actual>
<robot_axis a1="0.291975" a2="-139.710449" a3="154.016724" a4="8.397106" a5="-14.515485" a6="-8.180172" />
<external_axis />
</actual>
<ipo_cycle>-117</ipo_cycle>
</value>
<value>
<planned>
<robot_axis a1="0.954325" a2="-139.945663" a3="154.158279" a4="8.687743" a5="-14.414064" a6="-8.434550" />
<external_axis />
</planned>
<actual>
<robot_axis a1="0.837307" a2="-139.908173" a3="154.136795" a4="8.634061" a5="-14.431140" a6="-8.393950" />
<external_axis />
</actual>
<ipo_cycle>-109</ipo_cycle>
</value>
</poslog>
