<?xml-stylesheet href="poslog.xsl" type="text/xsl"?>
<poslog serialno="1074578" trafo="#KR250R2700_2 C4 FLR" date="JAN 31 2022" time="08:51:28" tick="520968324" timestamp="520920698" trigger="ERROR STOP">
<syn_motion>
<program>cncDoToolChange</program>
<line>51</line>
<name>XHomeToolChanger</name>
<base>
<pos x="1858.680054" y="122.529999" z="241.000000" a="45.000000" b="0.000000" c="0.000000" /></base>
<tool>
<pos x="365.660004" y="0.000000" z="93.000000" a="0.000000" b="-90.000000" c="0.000000" /></tool>
<ipo_mode>base</ipo_mode>
<load>
<mass>250.000000</mass>
</load>
<bco_motion>FALSE</bco_motion>
<interrupt>FALSE</interrupt>
<motion_mode>STANDARD</motion_mode>
<ipo_cycle>-4334</ipo_cycle>
</syn_motion>
<syn_motion>
<program>cncDoToolChange</program>
<line>173</line>
<name>XToolHover</name>
<base>
<pos x="1858.680054" y="122.529999" z="241.000000" a="45.000000" b="0.000000" c="0.000000" /></base>
<tool>
<pos x="365.660004" y="0.000000" z="93.000000" a="0.000000" b="-90.000000" c="0.000000" /></tool>
<ipo_mode>base</ipo_mode>
<load>
<mass>250.000000</mass>
</load>
<bco_motion>FALSE</bco_motion>
<interrupt>FALSE</interrupt>
<motion_mode>STANDARD</motion_mode>
<ipo_cycle>-3419</ipo_cycle>
</syn_motion>
<syn_motion>
<program>cncDoToolChange</program>
<line>173</line>
<name>XToolHover</name>
<base>
<pos x="1858.680054" y="122.529999" z="241.000000" a="45.000000" b="0.000000" c="0.000000" /></base>
<tool>
<pos x="365.660004" y="0.000000" z="93.000000" a="0.000000" b="-90.000000" c="0.000000" /></tool>
<ipo_mode>base</ipo_mode>
<load>
<mass>250.000000</mass>
</load>
<bco_motion>FALSE</bco_motion>
<interrupt>FALSE</interrupt>
<motion_mode>STANDARD</motion_mode>
<ipo_cycle>-3417</ipo_cycle>
</syn_motion>
<syn_motion>
<program>cncDoToolChange</program>
<line>177</line>
<name>XToolWaitEnter</name>
<base>
<pos x="1858.680054" y="122.529999" z="241.000000" a="45.000000" b="0.000000" c="0.000000" /></base>
<tool>
<pos x="301.660004" y="0.000000" z="93.000000" a="0.000000" b="-90.000000" c="0.000000" /></tool>
<ipo_mode>base</ipo_mode>
<load>
<mass>250.000000</mass>
</load>
<bco_motion>FALSE</bco_motion>
<interrupt>FALSE</interrupt>
<motion_mode>STANDARD</motion_mode>
<ipo_cycle>-3085</ipo_cycle>
</syn_motion>
<syn_motion>
<program>cncDoToolChange</program>
<line>177</line>
<name>XToolWaitEnter</name>
<base>
<pos x="1858.680054" y="122.529999" z="241.000000" a="45.000000" b="0.000000" c="0.000000" /></base>
<tool>
<pos x="301.660004" y="0.000000" z="93.000000" a="0.000000" b="-90.000000" c="0.000000" /></tool>
<ipo_mode>base</ipo_mode>
<load>
<mass>250.000000</mass>
</load>
<bco_motion>FALSE</bco_motion>
<interrupt>FALSE</interrupt>
<motion_mode>STANDARD</motion_mode>
<ipo_cycle>-3083</ipo_cycle>
</syn_motion>
<syn_motion>
<program>cncDoToolChange</program>
<line>182</line>
<name>XToolChangerPickup</name>
<base>
<pos x="1858.680054" y="122.529999" z="241.000000" a="45.000000" b="0.000000" c="0.000000" /></base>
<tool>
<pos x="301.660004" y="0.000000" z="93.000000" a="0.000000" b="-90.000000" c="0.000000" /></tool>
<ipo_mode>base</ipo_mode>
<load>
<mass>250.000000</mass>
</load>
<bco_motion>FALSE</bco_motion>
<interrupt>FALSE</interrupt>
<motion_mode>STANDARD</motion_mode>
<ipo_cycle>-2565</ipo_cycle>
</syn_motion>
<syn_motion>
<program>cncDoToolChange</program>
<line>182</line>
<name>XToolChangerPickup</name>
<base>
<pos x="1858.680054" y="122.529999" z="241.000000" a="45.000000" b="0.000000" c="0.000000" /></base>
<tool>
<pos x="301.660004" y="0.000000" z="93.000000" a="0.000000" b="-90.000000" c="0.000000" /></tool>
<ipo_mode>base</ipo_mode>
<load>
<mass>250.000000</mass>
</load>
<bco_motion>FALSE</bco_motion>
<interrupt>FALSE</interrupt>
<motion_mode>STANDARD</motion_mode>
<ipo_cycle>-2564</ipo_cycle>
</syn_motion>
<syn_motion>
<program>cncDoToolChange</program>
<line>191</line>
<name>XToolAirBlow</name>
<base>
<pos x="1858.680054" y="122.529999" z="241.000000" a="45.000000" b="0.000000" c="0.000000" /></base>
<tool>
<pos x="301.660004" y="0.000000" z="93.000000" a="0.000000" b="-90.000000" c="0.000000" /></tool>
<ipo_mode>base</ipo_mode>
<load>
<mass>250.000000</mass>
</load>
<bco_motion>FALSE</bco_motion>
<interrupt>FALSE</interrupt>
<motion_mode>STANDARD</motion_mode>
<ipo_cycle>-2067</ipo_cycle>
</syn_motion>
<syn_motion>
<program>cncDoToolChange</program>
<line>191</line>
<name>XToolAirBlow</name>
<base>
<pos x="1858.680054" y="122.529999" z="241.000000" a="45.000000" b="0.000000" c="0.000000" /></base>
<tool>
<pos x="301.660004" y="0.000000" z="93.000000" a="0.000000" b="-90.000000" c="0.000000" /></tool>
<ipo_mode>base</ipo_mode>
<load>
<mass>250.000000</mass>
</load>
<bco_motion>FALSE</bco_motion>
<interrupt>FALSE</interrupt>
<motion_mode>STANDARD</motion_mode>
<ipo_cycle>-2066</ipo_cycle>
</syn_motion>
<syn_motion>
<program>cncDoToolChange</program>
<line>199</line>
<name>XToolMagChange</name>
<base>
<pos x="1858.680054" y="122.529999" z="241.000000" a="45.000000" b="0.000000" c="0.000000" /></base>
<tool>
<pos x="301.660004" y="0.000000" z="93.000000" a="0.000000" b="-90.000000" c="0.000000" /></tool>
<ipo_mode>base</ipo_mode>
<load>
<mass>250.000000</mass>
</load>
<bco_motion>FALSE</bco_motion>
<interrupt>FALSE</interrupt>
<motion_mode>STANDARD</motion_mode>
<ipo_cycle>-1935</ipo_cycle>
</syn_motion>
<syn_motion>
<program>cncDoToolChange</program>
<line>199</line>
<name>XToolMagChange</name>
<base>
<pos x="1858.680054" y="122.529999" z="241.000000" a="45.000000" b="0.000000" c="0.000000" /></base>
<tool>
<pos x="301.660004" y="0.000000" z="93.000000" a="0.000000" b="-90.000000" c="0.000000" /></tool>
<ipo_mode>base</ipo_mode>
<load>
<mass>250.000000</mass>
</load>
<bco_motion>FALSE</bco_motion>
<interrupt>FALSE</interrupt>
<motion_mode>STANDARD</motion_mode>
<ipo_cycle>-1934</ipo_cycle>
</syn_motion>
<syn_motion>
<program>cncDoToolChange</program>
<line>206</line>
<name>XToolMagHover</name>
<base>
<pos x="1858.680054" y="122.529999" z="241.000000" a="45.000000" b="0.000000" c="0.000000" /></base>
<tool>
<pos x="301.660004" y="0.000000" z="93.000000" a="0.000000" b="-90.000000" c="0.000000" /></tool>
<ipo_mode>base</ipo_mode>
<load>
<mass>250.000000</mass>
</load>
<bco_motion>FALSE</bco_motion>
<interrupt>FALSE</interrupt>
<motion_mode>STANDARD</motion_mode>
<ipo_cycle>-1798</ipo_cycle>
</syn_motion>
<syn_motion>
<program>cncDoToolChange</program>
<line>206</line>
<name>XToolMagHover</name>
<base>
<pos x="1858.680054" y="122.529999" z="241.000000" a="45.000000" b="0.000000" c="0.000000" /></base>
<tool>
<pos x="301.660004" y="0.000000" z="93.000000" a="0.000000" b="-90.000000" c="0.000000" /></tool>
<ipo_mode>base</ipo_mode>
<load>
<mass>250.000000</mass>
</load>
<bco_motion>FALSE</bco_motion>
<interrupt>FALSE</interrupt>
<motion_mode>STANDARD</motion_mode>
<ipo_cycle>-1797</ipo_cycle>
</syn_motion>
<syn_motion>
<program>cncDoToolChange</program>
<line>79</line>
<name>XHomeToolChanger</name>
<base>
<pos x="1858.680054" y="122.529999" z="241.000000" a="45.000000" b="0.000000" c="0.000000" /></base>
<tool>
<pos x="301.660004" y="0.000000" z="93.000000" a="0.000000" b="-90.000000" c="0.000000" /></tool>
<ipo_mode>base</ipo_mode>
<load>
<mass>250.000000</mass>
</load>
<bco_motion>FALSE</bco_motion>
<interrupt>FALSE</interrupt>
<motion_mode>STANDARD</motion_mode>
<ipo_cycle>-1616</ipo_cycle>
</syn_motion>
<syn_motion>
<program>cncDoToolChange</program>
<line>79</line>
<name>XHomeToolChanger</name>
<base>
<pos x="1858.680054" y="122.529999" z="241.000000" a="45.000000" b="0.000000" c="0.000000" /></base>
<tool>
<pos x="301.660004" y="0.000000" z="93.000000" a="0.000000" b="-90.000000" c="0.000000" /></tool>
<ipo_mode>base</ipo_mode>
<load>
<mass>250.000000</mass>
</load>
<bco_motion>FALSE</bco_motion>
<interrupt>FALSE</interrupt>
<motion_mode>STANDARD</motion_mode>
<ipo_cycle>-1615</ipo_cycle>
</syn_motion>
<syn_motion>
<program>cncDoToolChange</program>
<line>90</line>
<name>cncLastHomePos</name>
<base>
<pos x="1486.225952" y="-367.585999" z="-90.000000" a="-45.000000" b="0.000000" c="0.000000" /></base>
<tool>
<pos x="301.660004" y="0.000000" z="93.000000" a="0.000000" b="-90.000000" c="0.000000" /></tool>
<ipo_mode>base</ipo_mode>
<load>
<mass>250.000000</mass>
</load>
<bco_motion>FALSE</bco_motion>
<interrupt>FALSE</interrupt>
<motion_mode>STANDARD</motion_mode>
<ipo_cycle>-1280</ipo_cycle>
</syn_motion>
<syn_motion>
<program>cncDoToolChange</program>
<line>90</line>
<name>cncLastHomePos</name>
<base>
<pos x="1486.225952" y="-367.585999" z="-90.000000" a="-45.000000" b="0.000000" c="0.000000" /></base>
<tool>
<pos x="301.660004" y="0.000000" z="93.000000" a="0.000000" b="-90.000000" c="0.000000" /></tool>
<ipo_mode>base</ipo_mode>
<load>
<mass>250.000000</mass>
</load>
<bco_motion>FALSE</bco_motion>
<interrupt>FALSE</interrupt>
<motion_mode>STANDARD</motion_mode>
<ipo_cycle>-1279</ipo_cycle>
</syn_motion>
<syn_motion>
<program>cncDoToolChange</program>
<line>98</line>
<name>cncLastAxPos</name>
<base>
<pos x="1486.225952" y="-367.585999" z="-90.000000" a="-45.000000" b="0.000000" c="0.000000" /></base>
<tool>
<pos x="301.660004" y="0.000000" z="93.000000" a="0.000000" b="-90.000000" c="0.000000" /></tool>
<ipo_mode>base</ipo_mode>
<load>
<mass>250.000000</mass>
</load>
<bco_motion>FALSE</bco_motion>
<interrupt>FALSE</interrupt>
<motion_mode>STANDARD</motion_mode>
<ipo_cycle>-363</ipo_cycle>
</syn_motion>
<syn_motion>
<program>cncDoToolChange</program>
<line>98</line>
<name>cncLastAxPos</name>
<base>
<pos x="1486.225952" y="-367.585999" z="-90.000000" a="-45.000000" b="0.000000" c="0.000000" /></base>
<tool>
<pos x="301.660004" y="0.000000" z="93.000000" a="0.000000" b="-90.000000" c="0.000000" /></tool>
<ipo_mode>base</ipo_mode>
<load>
<mass>250.000000</mass>
</load>
<bco_motion>FALSE</bco_motion>
<interrupt>FALSE</interrupt>
<motion_mode>STANDARD</motion_mode>
<ipo_cycle>-361</ipo_cycle>
</syn_motion>
<value>
<planned>
<robot_axis a1="47.469357" a2="-121.599144" a3="153.095139" a4="184.600052" a5="31.851503" a6="-183.918991" />
<external_axis />
</planned>
<actual>
<robot_axis a1="47.590073" a2="-121.813019" a3="153.094254" a4="184.890335" a5="31.648329" a6="-184.163239" />
<external_axis />
</actual>
<ipo_cycle>-344</ipo_cycle>
</value>
<value>
<planned>
<robot_axis a1="47.200455" a2="-121.148666" a3="153.092468" a4="184.039841" a5="32.279888" a6="-183.425003" />
<external_axis />
</planned>
<actual>
<robot_axis a1="47.408840" a2="-121.507324" a3="153.096298" a4="184.516449" a5="31.926065" a6="-183.835709" />
<external_axis />
</actual>
<ipo_cycle>-339</ipo_cycle>
</value>
<value>
<planned>
<robot_axis a1="46.912807" a2="-120.659378" a3="153.086487" a4="183.454987" a5="32.745285" a6="-182.913391" />
<external_axis />
</planned>
<actual>
<robot_axis a1="47.185898" a2="-121.129211" a3="153.096207" a4="184.041473" a5="32.285412" a6="-183.421600" />
<external_axis />
</actual>
<ipo_cycle>-335</ipo_cycle>
</value>
<value>
<planned>
<robot_axis a1="46.656410" a2="-120.216743" a3="153.078384" a4="182.945938" a5="33.166206" a6="-182.471786" />
<external_axis />
</planned>
<actual>
<robot_axis a1="46.975605" a2="-120.768745" a3="153.095810" a4="183.607941" a5="32.626041" a6="-183.045273" />
<external_axis />
</actual>
<ipo_cycle>-332</ipo_cycle>
</value>
<value>
<planned>
<robot_axis a1="46.374260" a2="-119.722527" a3="153.066360" a4="182.398819" a5="33.635891" a6="-182.001236" />
<external_axis />
</planned>
<actual>
<robot_axis a1="46.729828" a2="-120.342537" a3="153.091492" a4="183.112686" a5="33.027836" a6="-182.617676" />
<external_axis />
</actual>
<ipo_cycle>-329</ipo_cycle>
</value>
<value>
<planned>
<robot_axis a1="46.086250" a2="-119.210304" a3="153.050629" a4="181.854111" a5="34.122147" a6="-181.537292" />
<external_axis />
</planned>
<actual>
<robot_axis a1="46.458439" a2="-119.867073" a3="153.075684" a4="182.569824" a5="33.485493" a6="-182.150848" />
<external_axis />
</actual>
<ipo_cycle>-326</ipo_cycle>
</value>
<value>
<planned>
<robot_axis a1="45.800583" a2="-118.694458" a3="153.031479" a4="181.327179" a5="34.611095" a6="-181.093109" />
<external_axis />
</planned>
<actual>
<robot_axis a1="46.173962" a2="-119.364250" a3="153.057007" a4="182.016281" a5="33.969643" a6="-181.679916" />
<external_axis />
</actual>
<ipo_cycle>-323</ipo_cycle>
</value>
<value>
<planned>
<robot_axis a1="45.517567" a2="-118.175728" a3="153.008926" a4="180.817917" a5="35.101841" a6="-180.668472" />
<external_axis />
</planned>
<actual>
<robot_axis a1="45.887405" a2="-118.851830" a3="153.037384" a4="181.481659" a5="34.458710" a6="-181.228424" />
<external_axis />
</actual>
<ipo_cycle>-320</ipo_cycle>
</value>
<value>
<planned>
<robot_axis a1="45.237186" a2="-117.654251" a3="152.982956" a4="180.325562" a5="35.594070" a6="-180.262589" />
<external_axis />
</planned>
<actual>
<robot_axis a1="45.603699" a2="-118.336014" a3="153.014450" a4="180.968765" a5="34.948460" a6="-180.798050" />
<external_axis />
</actual>
<ipo_cycle>-317</ipo_cycle>
</value>
<value>
<planned>
<robot_axis a1="44.959419" a2="-117.130150" a3="152.953598" a4="179.849426" a5="36.087486" a6="-179.874588" />
<external_axis />
</planned>
<actual>
<robot_axis a1="45.322643" a2="-117.816109" a3="152.987579" a4="180.473373" a5="35.440182" a6="-180.386307" />
<external_axis />
</actual>
<ipo_cycle>-314</ipo_cycle>
</value>
<value>
<planned>
<robot_axis a1="44.684227" a2="-116.603569" a3="152.920822" a4="179.388809" a5="36.581802" a6="-179.504135" />
<external_axis />
</planned>
<actual>
<robot_axis a1="45.044308" a2="-117.293861" a3="152.959290" a4="179.993195" a5="35.933418" a6="-179.993179" />
<external_axis />
</actual>
<ipo_cycle>-311</ipo_cycle>
</value>
<value>
<planned>
<robot_axis a1="44.411602" a2="-116.074631" a3="152.884659" a4="178.942932" a5="37.076744" a6="-179.150192" />
<external_axis />
</planned>
<actual>
<robot_axis a1="44.768597" a2="-116.768768" a3="152.928284" a4="179.528259" a5="36.427086" a6="-179.617416" />
<external_axis />
</actual>
<ipo_cycle>-308</ipo_cycle>
</value>
<value>
<planned>
<robot_axis a1="44.141518" a2="-115.543480" a3="152.845078" a4="178.511200" a5="37.572037" a6="-178.812164" />
<external_axis />
</planned>
<actual>
<robot_axis a1="44.495049" a2="-116.241081" a3="152.893555" a4="179.079773" a5="36.922073" a6="-179.257874" />
<external_axis />
</actual>
<ipo_cycle>-305</ipo_cycle>
</value>
<value>
<planned>
<robot_axis a1="43.873947" a2="-115.010246" a3="152.802124" a4="178.093048" a5="38.067425" a6="-178.489288" />
<external_axis />
</planned>
<actual>
<robot_axis a1="44.224060" a2="-115.710152" a3="152.854858" a4="178.644501" a5="37.417042" a6="-178.915176" />
<external_axis />
</actual>
<ipo_cycle>-302</ipo_cycle>
</value>
<value>
<planned>
<robot_axis a1="43.608963" a2="-114.475060" a3="152.755768" a4="177.687988" a5="38.562660" a6="-178.181473" />
<external_axis />
</planned>
<actual>
<robot_axis a1="43.955856" a2="-115.177124" a3="152.813065" a4="178.221054" a5="37.912418" a6="-178.587402" />
<external_axis />
</actual>
<ipo_cycle>-299</ipo_cycle>
</value>
<value>
<planned>
<robot_axis a1="43.346260" a2="-113.938065" a3="152.706024" a4="177.294983" a5="39.057514" a6="-177.887039" />
<external_axis />
</planned>
<actual>
<robot_axis a1="43.689938" a2="-114.642731" a3="152.768738" a4="177.811768" a5="38.407970" a6="-178.275024" />
<external_axis />
</actual>
<ipo_cycle>-296</ipo_cycle>
</value>
<value>
<planned>
<robot_axis a1="43.086094" a2="-113.399384" a3="152.652924" a4="176.913971" a5="39.551743" a6="-177.606415" />
<external_axis />
</planned>
<actual>
<robot_axis a1="43.426582" a2="-114.105827" a3="152.720078" a4="177.414551" a5="38.902634" a6="-177.976227" />
<external_axis />
</actual>
<ipo_cycle>-293</ipo_cycle>
</value>
<value>
<planned>
<robot_axis a1="42.828350" a2="-112.859146" a3="152.596436" a4="176.544266" a5="40.045132" a6="-177.338699" />
<external_axis />
</planned>
<actual>
<robot_axis a1="43.165783" a2="-113.566849" a3="152.668274" a4="177.028625" a5="39.397232" a6="-177.691895" />
<external_axis />
</actual>
<ipo_cycle>-290</ipo_cycle>
</value>
<value>
<planned>
<robot_axis a1="42.573002" a2="-112.317482" a3="152.536606" a4="176.185364" a5="40.537464" a6="-177.083359" />
<external_axis />
</planned>
<actual>
<robot_axis a1="42.906994" a2="-113.027603" a3="152.612793" a4="176.655640" a5="39.891121" a6="-177.420441" />
<external_axis />
</actual>
<ipo_cycle>-287</ipo_cycle>
</value>
<value>
<planned>
<robot_axis a1="42.320026" a2="-111.774536" a3="152.473419" a4="175.836777" a5="41.028538" a6="-176.839905" />
<external_axis />
</planned>
<actual>
<robot_axis a1="42.651024" a2="-112.486183" a3="152.554169" a4="176.294510" a5="40.383541" a6="-177.161011" />
<external_axis />
</actual>
<ipo_cycle>-284</ipo_cycle>
</value>
<value>
<planned>
<robot_axis a1="42.069405" a2="-111.230415" a3="152.406906" a4="175.498077" a5="41.518150" a6="-176.607834" />
<external_axis />
</planned>
<actual>
<robot_axis a1="42.397472" a2="-111.943161" a3="152.492218" a4="175.943634" a5="40.874851" a6="-176.913330" />
<external_axis />
</actual>
<ipo_cycle>-281</ipo_cycle>
</value>
<value>
<planned>
<robot_axis a1="41.821106" a2="-110.685265" a3="152.337067" a4="175.168793" a5="42.006119" a6="-176.386673" />
<external_axis />
</planned>
<actual>
<robot_axis a1="42.145855" a2="-111.399811" a3="152.426483" a4="175.602631" a5="41.365189" a6="-176.677551" />
<external_axis />
</actual>
<ipo_cycle>-278</ipo_cycle>
</value>
<value>
<planned>
<robot_axis a1="41.575115" a2="-110.139206" a3="152.263901" a4="174.848511" a5="42.492256" a6="-176.175980" />
<external_axis />
</planned>
<actual>
<robot_axis a1="41.896881" a2="-110.854881" a3="152.357864" a4="175.271500" a5="41.853642" a6="-176.453491" />
<external_axis />
</actual>
<ipo_cycle>-275</ipo_cycle>
</value>
<value>
<planned>
<robot_axis a1="41.331402" a2="-109.592354" a3="152.187439" a4="174.536850" a5="42.976387" a6="-175.975296" />
<external_axis />
</planned>
<actual>
<robot_axis a1="41.650272" a2="-110.308990" a3="152.285614" a4="174.949722" a5="42.340313" a6="-176.239532" />
<external_axis />
</actual>
<ipo_cycle>-272</ipo_cycle>
</value>
<value>
<planned>
<robot_axis a1="41.089951" a2="-109.044838" a3="152.107712" a4="174.233429" a5="43.458344" a6="-175.784241" />
<external_axis />
</planned>
<actual>
<robot_axis a1="41.405674" a2="-109.762321" a3="152.210266" a4="174.635376" a5="42.825199" a6="-176.035934" />
<external_axis />
</actual>
<ipo_cycle>-269</ipo_cycle>
</value>
<value>
<planned>
<robot_axis a1="40.850735" a2="-108.496780" a3="152.024689" a4="173.937851" a5="43.937965" a6="-175.602386" />
<external_axis />
</planned>
<actual>
<robot_axis a1="41.163490" a2="-109.215584" a3="152.131699" a4="174.328445" a5="43.308029" a6="-175.841995" />
<external_axis />
</actual>
<ipo_cycle>-266</ipo_cycle>
</value>
<value>
<planned>
<robot_axis a1="40.613728" a2="-107.948303" a3="151.938431" a4="173.649811" a5="44.415096" a6="-175.429367" />
<external_axis />
</planned>
<actual>
<robot_axis a1="40.923656" a2="-108.667099" a3="152.049606" a4="174.029556" a5="43.788231" a6="-175.658203" />
<external_axis />
</actual>
<ipo_cycle>-263</ipo_cycle>
</value>
<value>
<planned>
<robot_axis a1="40.378914" a2="-107.399506" a3="151.848938" a4="173.368942" a5="44.889584" a6="-175.264801" />
<external_axis />
</planned>
<actual>
<robot_axis a1="40.686050" a2="-108.118767" a3="151.964340" a4="173.738617" a5="44.265934" a6="-175.482117" />
<external_axis />
</actual>
<ipo_cycle>-260</ipo_cycle>
</value>
<value>
<planned>
<robot_axis a1="40.146263" a2="-106.850525" a3="151.756210" a4="173.094940" a5="45.361290" a6="-175.108353" />
<external_axis />
</planned>
<actual>
<robot_axis a1="40.450607" a2="-107.570496" a3="151.875885" a4="173.455353" a5="44.741409" a6="-175.315186" />
<external_axis />
</actual>
<ipo_cycle>-257</ipo_cycle>
</value>
<value>
<planned>
<robot_axis a1="39.915760" a2="-106.301453" a3="151.660294" a4="172.827515" a5="45.830078" a6="-174.959671" />
<external_axis />
</planned>
<actual>
<robot_axis a1="40.217213" a2="-107.021179" a3="151.784485" a4="173.179321" a5="45.214184" a6="-175.156021" />
<external_axis />
</actual>
<ipo_cycle>-254</ipo_cycle>
</value>
<value>
<planned>
<robot_axis a1="39.687382" a2="-105.752411" a3="151.561188" a4="172.566360" a5="46.295815" a6="-174.818436" />
<external_axis />
</planned>
<actual>
<robot_axis a1="39.985996" a2="-106.471527" a3="151.689316" a4="172.910446" a5="45.683952" a6="-175.004990" />
<external_axis />
</actual>
<ipo_cycle>-251</ipo_cycle>
</value>
<value>
<planned>
<robot_axis a1="39.461102" a2="-105.203514" a3="151.458923" a4="172.311218" a5="46.758381" a6="-174.684326" />
<external_axis />
</planned>
<actual>
<robot_axis a1="39.756756" a2="-105.923195" a3="151.591385" a4="172.646927" a5="46.150631" a6="-174.861633" />
<external_axis />
</actual>
<ipo_cycle>-248</ipo_cycle>
</value>
<value>
<planned>
<robot_axis a1="39.236900" a2="-104.654846" a3="151.353516" a4="172.061829" a5="47.217651" a6="-174.557053" />
<external_axis />
</planned>
<actual>
<robot_axis a1="39.530056" a2="-105.373962" a3="151.490356" a4="172.388992" a5="46.614059" a6="-174.724640" />
<external_axis />
</actual>
<ipo_cycle>-245</ipo_cycle>
</value>
<value>
<planned>
<robot_axis a1="39.014755" a2="-104.106529" a3="151.244980" a4="171.817917" a5="47.673519" a6="-174.436340" />
<external_axis />
</planned>
<actual>
<robot_axis a1="39.305153" a2="-104.824753" a3="151.385742" a4="172.138565" a5="47.074219" a6="-174.595657" />
<external_axis />
</actual>
<ipo_cycle>-242</ipo_cycle>
</value>
<value>
<planned>
<robot_axis a1="38.794647" a2="-103.558655" a3="151.133347" a4="171.579285" a5="48.125874" a6="-174.321884" />
<external_axis />
</planned>
<actual>
<robot_axis a1="39.082405" a2="-104.276787" a3="151.278427" a4="171.893051" a5="47.531139" a6="-174.472855" />
<external_axis />
</actual>
<ipo_cycle>-239</ipo_cycle>
</value>
<value>
<planned>
<robot_axis a1="38.576550" a2="-103.011314" a3="151.018631" a4="171.345673" a5="48.574615" a6="-174.213440" />
<external_axis />
</planned>
<actual>
<robot_axis a1="38.861618" a2="-103.728844" a3="151.167679" a4="171.652969" a5="47.984730" a6="-174.356598" />
<external_axis />
</actual>
<ipo_cycle>-236</ipo_cycle>
</value>
<value>
<planned>
<robot_axis a1="38.360447" a2="-102.464622" a3="150.900864" a4="171.116867" a5="49.019646" a6="-174.110748" />
<external_axis />
</planned>
<actual>
<robot_axis a1="38.642883" a2="-103.180618" a3="151.053864" a4="171.418228" a5="48.434563" a6="-174.246292" />
<external_axis />
</actual>
<ipo_cycle>-233</ipo_cycle>
</value>
<value>
<planned>
<robot_axis a1="38.146317" a2="-101.918648" a3="150.780045" a4="170.892685" a5="49.460869" a6="-174.013565" />
<external_axis />
</planned>
<actual>
<robot_axis a1="38.426178" a2="-102.634293" a3="150.936996" a4="171.188400" a5="48.880821" a6="-174.141754" />
<external_axis />
</actual>
<ipo_cycle>-230</ipo_cycle>
</value>
<value>
<planned>
<robot_axis a1="37.934132" a2="-101.373497" a3="150.656235" a4="170.672913" a5="49.898205" a6="-173.921661" />
<external_axis />
</planned>
<actual>
<robot_axis a1="38.211578" a2="-102.088348" a3="150.817261" a4="170.962891" a5="49.323410" a6="-174.043274" />
<external_axis />
</actual>
<ipo_cycle>-227</ipo_cycle>
</value>
<value>
<planned>
<robot_axis a1="37.723881" a2="-100.829247" a3="150.529419" a4="170.457382" a5="50.331570" a6="-173.834808" />
<external_axis />
</planned>
<actual>
<robot_axis a1="37.998669" a2="-101.542519" a3="150.694519" a4="170.741821" a5="49.761875" a6="-173.949982" />
<external_axis />
</actual>
<ipo_cycle>-224</ipo_cycle>
</value>
<value>
<planned>
<robot_axis a1="37.515537" a2="-100.285988" a3="150.399628" a4="170.245895" a5="50.760883" a6="-173.752792" />
<external_axis />
</planned>
<actual>
<robot_axis a1="37.787868" a2="-100.997749" a3="150.568405" a4="170.524628" a5="50.196442" a6="-173.861038" />
<external_axis />
</actual>
<ipo_cycle>-221</ipo_cycle>
</value>
<value>
<planned>
<robot_axis a1="37.309082" a2="-99.743790" a3="150.266907" a4="170.038284" a5="51.186081" a6="-173.675385" />
<external_axis />
</planned>
<actual>
<robot_axis a1="37.578876" a2="-100.454643" a3="150.439728" a4="170.311752" a5="50.626995" a6="-173.777618" />
<external_axis />
</actual>
<ipo_cycle>-218</ipo_cycle>
</value>
<value>
<planned>
<robot_axis a1="37.104492" a2="-99.202751" a3="150.131271" a4="169.834396" a5="51.607082" a6="-173.602417" />
<external_axis />
</planned>
<actual>
<robot_axis a1="37.371792" a2="-99.911720" a3="150.307892" a4="170.103470" a5="51.053600" a6="-173.698456" />
<external_axis />
</actual>
<ipo_cycle>-215</ipo_cycle>
</value>
<value>
<planned>
<robot_axis a1="36.901752" a2="-98.662926" a3="149.992737" a4="169.634094" a5="52.023838" a6="-173.533691" />
<external_axis />
</planned>
<actual>
<robot_axis a1="37.166832" a2="-99.370110" a3="150.172852" a4="169.898804" a5="51.475780" a6="-173.625015" />
<external_axis />
</actual>
<ipo_cycle>-212</ipo_cycle>
</value>
<value>
<planned>
<robot_axis a1="36.700840" a2="-98.124397" a3="149.851334" a4="169.437195" a5="52.436279" a6="-173.468994" />
<external_axis />
</planned>
<actual>
<robot_axis a1="36.963333" a2="-98.830902" a3="150.035507" a4="169.698456" a5="51.893803" a6="-173.555084" />
<external_axis />
</actual>
<ipo_cycle>-209</ipo_cycle>
</value>
<value>
<planned>
<robot_axis a1="36.501736" a2="-97.587234" a3="149.707077" a4="169.243591" a5="52.844353" a6="-173.408188" />
<external_axis />
</planned>
<actual>
<robot_axis a1="36.761742" a2="-98.291451" a3="149.894867" a4="169.500122" a5="52.307575" a6="-173.488632" />
<external_axis />
</actual>
<ipo_cycle>-206</ipo_cycle>
</value>
<value>
<planned>
<robot_axis a1="36.304420" a2="-97.051506" a3="149.560013" a4="169.053146" a5="53.248013" a6="-173.351074" />
<external_axis />
</planned>
<actual>
<robot_axis a1="36.562031" a2="-97.753616" a3="149.751389" a4="169.305573" a5="52.717102" a6="-173.426910" />
<external_axis />
</actual>
<ipo_cycle>-203</ipo_cycle>
</value>
<value>
<planned>
<robot_axis a1="36.108875" a2="-96.517265" a3="149.410156" a4="168.865723" a5="53.647209" a6="-173.297501" />
<external_axis />
</planned>
<actual>
<robot_axis a1="36.364223" a2="-97.217964" a3="149.605164" a4="169.113297" a5="53.122375" a6="-173.368225" />
<external_axis />
</actual>
<ipo_cycle>-200</ipo_cycle>
</value>
<value>
<planned>
<robot_axis a1="35.915077" a2="-95.984589" a3="149.257523" a4="168.681198" a5="54.041897" a6="-173.247299" />
<external_axis />
</planned>
<actual>
<robot_axis a1="36.168076" a2="-96.682945" a3="149.456360" a4="168.924393" a5="53.523029" a6="-173.313889" />
<external_axis />
</actual>
<ipo_cycle>-197</ipo_cycle>
</value>
<value>
<planned>
<robot_axis a1="35.722858" a2="-95.453522" a3="149.102142" a4="168.499557" a5="54.432037" a6="-173.200363" />
<external_axis />
</planned>
<actual>
<robot_axis a1="35.973713" a2="-96.149475" a3="149.304459" a4="168.738556" a5="53.919037" a6="-173.262253" />
<external_axis />
</actual>
<ipo_cycle>-194</ipo_cycle>
</value>
<value>
<planned>
<robot_axis a1="35.532528" a2="-94.924133" a3="148.944061" a4="168.320496" a5="54.817600" a6="-173.156479" />
<external_axis />
</planned>
<actual>
<robot_axis a1="35.780876" a2="-95.618462" a3="149.149963" a4="168.554565" a5="54.310574" a6="-173.215820" />
<external_axis />
</actual>
<ipo_cycle>-191</ipo_cycle>
</value>
<value>
<planned>
<robot_axis a1="35.343887" a2="-94.396469" a3="148.783279" a4="168.144028" a5="55.198551" a6="-173.115524" />
<external_axis />
</planned>
<actual>
<robot_axis a1="35.590191" a2="-95.088371" a3="148.992996" a4="168.374130" a5="54.697357" a6="-173.170471" />
<external_axis />
</actual>
<ipo_cycle>-188</ipo_cycle>
</value>
<value>
<planned>
<robot_axis a1="35.156921" a2="-93.870583" a3="148.619827" a4="167.970047" a5="55.574863" a6="-173.077393" />
<external_axis />
</planned>
<actual>
<robot_axis a1="35.400917" a2="-94.559799" a3="148.832779" a4="168.196426" a5="55.079967" a6="-173.127487" />
<external_axis />
</actual>
<ipo_cycle>-185</ipo_cycle>
</value>
<value>
<planned>
<robot_axis a1="34.971611" a2="-93.346512" a3="148.453735" a4="167.798447" a5="55.946510" a6="-173.041916" />
<external_axis />
</planned>
<actual>
<robot_axis a1="35.213486" a2="-94.033356" a3="148.670364" a4="168.021057" a5="55.457943" a6="-173.089066" />
<external_axis />
</actual>
<ipo_cycle>-182</ipo_cycle>
</value>
<value>
<planned>
<robot_axis a1="34.787933" a2="-92.824318" a3="148.285034" a4="167.629150" a5="56.313465" a6="-173.009003" />
<external_axis />
</planned>
<actual>
<robot_axis a1="35.027630" a2="-93.508835" a3="148.505173" a4="167.848923" a5="55.830872" a6="-173.052155" />
<external_axis />
</actual>
<ipo_cycle>-179</ipo_cycle>
</value>
<value>
<planned>
<robot_axis a1="34.605873" a2="-92.304031" a3="148.113739" a4="167.462067" a5="56.675720" a6="-172.978516" />
<external_axis />
</planned>
<actual>
<robot_axis a1="34.843575" a2="-92.985809" a3="148.337341" a4="167.678879" a5="56.199165" a6="-173.019135" />
<external_axis />
</actual>
<ipo_cycle>-176</ipo_cycle>
</value>
<value>
<planned>
<robot_axis a1="34.425411" a2="-91.785698" a3="147.939896" a4="167.297134" a5="57.033249" a6="-172.950348" />
<external_axis />
</planned>
<actual>
<robot_axis a1="34.660797" a2="-92.464981" a3="148.166504" a4="167.512161" a5="56.563049" a6="-172.987579" />
<external_axis />
</actual>
<ipo_cycle>-173</ipo_cycle>
</value>
<value>
<planned>
<robot_axis a1="34.246532" a2="-91.269356" a3="147.763504" a4="167.134247" a5="57.386063" a6="-172.924286" />
<external_axis />
</planned>
<actual>
<robot_axis a1="34.479912" a2="-91.946739" a3="147.993729" a4="167.347107" a5="56.922062" a6="-172.958313" />
<external_axis />
</actual>
<ipo_cycle>-170</ipo_cycle>
</value>
<value>
<planned>
<robot_axis a1="34.069233" a2="-90.755035" a3="147.584595" a4="166.973373" a5="57.734074" a6="-172.900635" />
<external_axis />
</planned>
<actual>
<robot_axis a1="34.300575" a2="-91.429428" a3="147.818161" a4="167.184555" a5="57.276176" a6="-172.933517" />
<external_axis />
</actual>
<ipo_cycle>-167</ipo_cycle>
</value>
<value>
<planned>
<robot_axis a1="33.893459" a2="-90.242775" a3="147.403214" a4="166.814377" a5="58.077400" a6="-172.878616" />
<external_axis />
</planned>
<actual>
<robot_axis a1="34.122684" a2="-90.914375" a3="147.639847" a4="167.024429" a5="57.625805" a6="-172.909180" />
<external_axis />
</actual>
<ipo_cycle>-164</ipo_cycle>
</value>
<value>
<planned>
<robot_axis a1="33.719227" a2="-89.732613" a3="147.219360" a4="166.657257" a5="58.415943" a6="-172.858612" />
<external_axis />
</planned>
<actual>
<robot_axis a1="33.946602" a2="-90.401505" a3="147.459152" a4="166.865433" a5="57.970428" a6="-172.884766" />
<external_axis />
</actual>
<ipo_cycle>-161</ipo_cycle>
</value>
<value>
<planned>
<robot_axis a1="33.546513" a2="-89.224556" a3="147.033081" a4="166.501923" a5="58.749733" a6="-172.840408" />
<external_axis />
</planned>
<actual>
<robot_axis a1="33.771801" a2="-89.890541" a3="147.276306" a4="166.707260" a5="58.310566" a6="-172.865707" />
<external_axis />
</actual>
<ipo_cycle>-158</ipo_cycle>
</value>
<value>
<planned>
<robot_axis a1="33.375290" a2="-88.718651" a3="146.844391" a4="166.348312" a5="59.078762" a6="-172.823898" />
<external_axis />
</planned>
<actual>
<robot_axis a1="33.598591" a2="-89.381775" a3="147.090714" a4="166.552170" a5="58.646000" a6="-172.846298" />
<external_axis />
</actual>
<ipo_cycle>-155</ipo_cycle>
</value>
<value>
<planned>
<robot_axis a1="33.205551" a2="-88.214912" a3="146.653320" a4="166.196365" a5="59.403038" a6="-172.809006" />
<external_axis />
</planned>
<actual>
<robot_axis a1="33.427055" a2="-88.875404" a3="146.902557" a4="166.398361" a5="58.976353" a6="-172.829330" />
<external_axis />
</actual>
<ipo_cycle>-152</ipo_cycle>
</value>
<value>
<planned>
<robot_axis a1="33.037277" a2="-87.713371" a3="146.459869" a4="166.046051" a5="59.722565" a6="-172.795639" />
<external_axis />
</planned>
<actual>
<robot_axis a1="33.256660" a2="-88.371071" a3="146.712418" a4="166.246109" a5="59.302174" a6="-172.815155" />
<external_axis />
</actual>
<ipo_cycle>-149</ipo_cycle>
</value>
<value>
<planned>
<robot_axis a1="32.870453" a2="-87.214035" a3="146.264099" a4="165.897293" a5="60.037350" a6="-172.783707" />
<external_axis />
</planned>
<actual>
<robot_axis a1="33.088066" a2="-87.868752" a3="146.519714" a4="166.095795" a5="59.622883" a6="-172.802032" />
<external_axis />
</actual>
<ipo_cycle>-146</ipo_cycle>
</value>
<value>
<planned>
<robot_axis a1="32.705063" a2="-86.716927" a3="146.066025" a4="165.750046" a5="60.347401" a6="-172.773132" />
<external_axis />
</planned>
<actual>
<robot_axis a1="32.920467" a2="-87.368561" a3="146.324722" a4="165.946335" a5="59.939472" a6="-172.787308" />
<external_axis />
</actual>
<ipo_cycle>-143</ipo_cycle>
</value>
<value>
<planned>
<robot_axis a1="32.486740" a2="-86.057617" a3="145.798355" a4="165.556000" a5="60.753456" a6="-172.761017" />
<external_axis />
</planned>
<actual>
<robot_axis a1="32.699940" a2="-86.705231" a3="146.061020" a4="165.749588" a5="60.353912" a6="-172.776398" />
<external_axis />
</actual>
<ipo_cycle>-139</ipo_cycle>
</value>
<value>
<planned>
<robot_axis a1="32.270905" a2="-85.402336" a3="145.526688" a4="165.364471" a5="61.151154" a6="-172.751022" />
<external_axis />
</planned>
<actual>
<robot_axis a1="32.481506" a2="-86.046257" a3="145.793121" a4="165.554443" a5="60.759804" a6="-172.760834" />
<external_axis />
</actual>
<ipo_cycle>-135</ipo_cycle>
</value>
<value>
<planned>
<robot_axis a1="32.057514" a2="-84.751106" a3="145.251068" a4="165.175339" a5="61.540520" a6="-172.742950" />
<external_axis />
</planned>
<actual>
<robot_axis a1="32.265846" a2="-85.391289" a3="145.521301" a4="165.361572" a5="61.157215" a6="-172.751419" />
<external_axis />
</actual>
<ipo_cycle>-131</ipo_cycle>
</value>
<value>
<planned>
<robot_axis a1="31.846703" a2="-84.103958" a3="144.971542" a4="164.988434" a5="61.921616" a6="-172.736603" />
<external_axis />
</planned>
<actual>
<robot_axis a1="32.053104" a2="-84.740356" a3="145.245819" a4="165.171875" a5="61.546535" a6="-172.745148" />
<external_axis />
</actual>
<ipo_cycle>-127</ipo_cycle>
</value>
<value>
<planned>
<robot_axis a1="31.638134" a2="-83.460899" a3="144.688187" a4="164.803833" a5="62.294468" a6="-172.731918" />
<external_axis />
</planned>
<actual>
<robot_axis a1="31.841866" a2="-84.092888" a3="144.966095" a4="164.985184" a5="61.927437" a6="-172.737030" />
<external_axis />
</actual>
<ipo_cycle>-123</ipo_cycle>
</value>
<value>
<planned>
<robot_axis a1="31.431908" a2="-82.821953" a3="144.401047" a4="164.621384" a5="62.659130" a6="-172.728714" />
<external_axis />
</planned>
<actual>
<robot_axis a1="31.633213" a2="-83.449959" a3="144.682739" a4="164.800629" a5="62.300152" a6="-172.730957" />
<external_axis />
</actual>
<ipo_cycle>-119</ipo_cycle>
</value>
<value>
<planned>
<robot_axis a1="31.227993" a2="-82.187119" a3="144.110153" a4="164.440994" a5="63.015663" a6="-172.726868" />
<external_axis />
</planned>
<actual>
<robot_axis a1="31.426830" a2="-82.811028" a3="144.395706" a4="164.618271" a5="62.664772" a6="-172.728943" />
<external_axis />
</actual>
<ipo_cycle>-115</ipo_cycle>
</value>
<value>
<planned>
<robot_axis a1="31.026356" a2="-81.556404" a3="143.815598" a4="164.262619" a5="63.364124" a6="-172.726212" />
<external_axis />
</planned>
<actual>
<robot_axis a1="31.223145" a2="-82.176193" a3="144.104721" a4="164.437088" a5="63.021305" a6="-172.728027" />
<external_axis />
</actual>
<ipo_cycle>-111</ipo_cycle>
</value>
<value>
<planned>
<robot_axis a1="30.826962" a2="-80.929817" a3="143.517395" a4="164.086166" a5="63.704582" a6="-172.726654" />
<external_axis />
</planned>
<actual>
<robot_axis a1="31.021744" a2="-81.545715" a3="143.810043" a4="164.259048" a5="63.369503" a6="-172.727692" />
<external_axis />
</actual>
<ipo_cycle>-107</ipo_cycle>
</value>
<value>
<planned>
<robot_axis a1="30.629780" a2="-80.307335" a3="143.215622" a4="163.911575" a5="64.037094" a6="-172.728043" />
<external_axis />
</planned>
<actual>
<robot_axis a1="30.822126" a2="-80.919052" a3="143.511658" a4="164.083023" a5="63.709751" a6="-172.727478" />
<external_axis />
</actual>
<ipo_cycle>-103</ipo_cycle>
</value>
<value>
<planned>
<robot_axis a1="30.434776" a2="-79.688965" a3="142.910324" a4="163.738800" a5="64.361732" a6="-172.730301" />
<external_axis />
</planned>
<actual>
<robot_axis a1="30.625044" a2="-80.296616" a3="143.209854" a4="163.908447" a5="64.042252" a6="-172.727676" />
<external_axis />
</actual>
<ipo_cycle>-99</ipo_cycle>
</value>
<value>
<planned>
<robot_axis a1="30.241920" a2="-79.074684" a3="142.601532" a4="163.567780" a5="64.678574" a6="-172.733292" />
<external_axis />
</planned>
<actual>
<robot_axis a1="30.430328" a2="-79.678421" a3="142.904404" a4="163.735809" a5="64.366661" a6="-172.727798" />
<external_axis />
</actual>
<ipo_cycle>-95</ipo_cycle>
</value>
<value>
<planned>
<robot_axis a1="30.051180" a2="-78.464485" a3="142.289307" a4="163.398468" a5="64.987694" a6="-172.736923" />
<external_axis />
</planned>
<actual>
<robot_axis a1="30.237213" a2="-79.064110" a3="142.595505" a4="163.564423" a5="64.683556" a6="-172.728577" />
<external_axis />
</actual>
<ipo_cycle>-91</ipo_cycle>
</value>
<value>
<planned>
<robot_axis a1="29.862526" a2="-77.858345" a3="141.973694" a4="163.230804" a5="65.289154" a6="-172.741089" />
<external_axis />
</planned>
<actual>
<robot_axis a1="30.046495" a2="-78.454239" a3="142.283295" a4="163.394547" a5="64.992371" a6="-172.730469" />
<external_axis />
</actual>
<ipo_cycle>-87</ipo_cycle>
</value>
<value>
<planned>
<robot_axis a1="29.675928" a2="-77.256248" a3="141.654724" a4="163.064743" a5="65.583054" a6="-172.745697" />
<external_axis />
</planned>
<actual>
<robot_axis a1="29.858011" a2="-77.848061" a3="141.967728" a4="163.226624" a5="65.293648" a6="-172.733704" />
<external_axis />
</actual>
<ipo_cycle>-83</ipo_cycle>
</value>
<value>
<planned>
<robot_axis a1="29.491358" a2="-76.658165" a3="141.332474" a4="162.900253" a5="65.869453" a6="-172.750656" />
<external_axis />
</planned>
<actual>
<robot_axis a1="29.671329" a2="-77.246048" a3="141.648804" a4="163.061996" a5="65.587418" a6="-172.737640" />
<external_axis />
</actual>
<ipo_cycle>-79</ipo_cycle>
</value>
<value>
<planned>
<robot_axis a1="29.308783" a2="-76.064072" a3="141.006958" a4="162.737274" a5="66.148453" a6="-172.755905" />
<external_axis />
</planned>
<actual>
<robot_axis a1="29.486891" a2="-76.647812" a3="141.326294" a4="162.899307" a5="65.873688" a6="-172.741989" />
<external_axis />
</actual>
<ipo_cycle>-75</ipo_cycle>
</value>
<value>
<planned>
<robot_axis a1="29.128178" a2="-75.473938" a3="140.678223" a4="162.575775" a5="66.420120" a6="-172.761322" />
<external_axis />
</planned>
<actual>
<robot_axis a1="29.304375" a2="-76.053841" a3="141.000717" a4="162.735245" a5="66.152672" a6="-172.748123" />
<external_axis />
</actual>
<ipo_cycle>-71</ipo_cycle>
</value>
<value>
<planned>
<robot_axis a1="28.949511" a2="-74.887733" a3="140.346329" a4="162.415726" a5="66.684555" a6="-172.766861" />
<external_axis />
</planned>
<actual>
<robot_axis a1="29.123734" a2="-75.463799" a3="140.672012" a4="162.573456" a5="66.424355" a6="-172.756485" />
<external_axis />
</actual>
<ipo_cycle>-67</ipo_cycle>
</value>
<value>
<planned>
<robot_axis a1="28.772758" a2="-74.305428" a3="140.011292" a4="162.257080" a5="66.941826" a6="-172.772415" />
<external_axis />
</planned>
<actual>
<robot_axis a1="28.945246" a2="-74.877731" a3="140.340286" a4="162.413147" a5="66.688629" a6="-172.765106" />
<external_axis />
</actual>
<ipo_cycle>-63</ipo_cycle>
</value>
<value>
<planned>
<robot_axis a1="28.597889" a2="-73.726982" a3="139.673157" a4="162.099808" a5="67.192039" a6="-172.777954" />
<external_axis />
</planned>
<actual>
<robot_axis a1="28.768320" a2="-74.295540" a3="140.004944" a4="162.254730" a5="66.945824" a6="-172.771393" />
<external_axis />
</actual>
<ipo_cycle>-59</ipo_cycle>
</value>
<value>
<planned>
<robot_axis a1="28.424881" a2="-73.152351" a3="139.331970" a4="161.943878" a5="67.435265" a6="-172.783386" />
<external_axis />
</planned>
<actual>
<robot_axis a1="28.593582" a2="-73.716995" a3="139.666611" a4="162.097824" a5="67.195869" a6="-172.776230" />
<external_axis />
</actual>
<ipo_cycle>-55</ipo_cycle>
</value>
<value>
<planned>
<robot_axis a1="28.253702" a2="-72.581512" a3="138.987778" a4="161.789276" a5="67.671593" a6="-172.788651" />
<external_axis />
</planned>
<actual>
<robot_axis a1="28.420544" a2="-73.142548" a3="139.325241" a4="161.941895" a5="67.438919" a6="-172.781158" />
<external_axis />
</actual>
<ipo_cycle>-51</ipo_cycle>
</value>
<value>
<planned>
<robot_axis a1="28.084332" a2="-72.014420" a3="138.640594" a4="161.635941" a5="67.901123" a6="-172.793671" />
<external_axis />
</planned>
<actual>
<robot_axis a1="28.249502" a2="-72.571587" a3="138.981110" a4="161.788055" a5="67.675163" a6="-172.786072" />
<external_axis />
</actual>
<ipo_cycle>-47</ipo_cycle>
</value>
<value>
<planned>
<robot_axis a1="27.916759" a2="-71.451096" a3="138.290497" a4="161.483887" a5="68.123901" a6="-172.798416" />
<external_axis />
</planned>
<actual>
<robot_axis a1="28.080055" a2="-72.004807" a3="138.634079" a4="161.634079" a5="67.904694" a6="-172.791885" />
<external_axis />
</actual>
<ipo_cycle>-43</ipo_cycle>
</value>
<value>
<planned>
<robot_axis a1="27.751015" a2="-70.891678" a3="137.937653" a4="161.333130" a5="68.339966" a6="-172.802826" />
<external_axis />
</planned>
<actual>
<robot_axis a1="27.912714" a2="-71.441505" a3="138.283966" a4="161.483032" a5="68.127228" a6="-172.798798" />
<external_axis />
</actual>
<ipo_cycle>-39</ipo_cycle>
</value>
<value>
<planned>
<robot_axis a1="27.587124" a2="-70.336296" a3="137.582199" a4="161.183701" a5="68.549332" a6="-172.806824" />
<external_axis />
</planned>
<actual>
<robot_axis a1="27.747002" a2="-70.882164" a3="137.931061" a4="161.331284" a5="68.343193" a6="-172.804596" />
<external_axis />
</actual>
<ipo_cycle>-35</ipo_cycle>
</value>
<value>
<planned>
<robot_axis a1="27.425116" a2="-69.785080" a3="137.224304" a4="161.035599" a5="68.752045" a6="-172.810379" />
<external_axis />
</planned>
<actual>
<robot_axis a1="27.583044" a2="-70.327110" a3="137.575455" a4="161.181778" a5="68.552452" a6="-172.808228" />
<external_axis />
</actual>
<ipo_cycle>-31</ipo_cycle>
</value>
<value>
<planned>
<robot_axis a1="27.264996" a2="-69.238121" a3="136.864105" a4="160.888855" a5="68.948158" a6="-172.813446" />
<external_axis />
</planned>
<actual>
<robot_axis a1="27.421139" a2="-69.775864" a3="137.217453" a4="161.033463" a5="68.755257" a6="-172.810791" />
<external_axis />
</actual>
<ipo_cycle>-27</ipo_cycle>
</value>
<value>
<planned>
<robot_axis a1="27.116859" a2="-68.730125" a3="136.525009" a4="160.752747" a5="69.125786" a6="-172.815811" />
<external_axis />
</planned>
<actual>
<robot_axis a1="27.262474" a2="-69.230545" a3="136.857651" a4="160.887329" a5="68.951195" a6="-172.813034" />
<external_axis />
</actual>
<ipo_cycle>-23</ipo_cycle>
</value>
<value>
<planned>
<robot_axis a1="26.983631" a2="-68.271622" a3="136.215164" a4="160.630051" a5="69.282356" a6="-172.817535" />
<external_axis />
</planned>
<actual>
<robot_axis a1="27.096199" a2="-68.629921" a3="136.448608" a4="160.722031" a5="69.165749" a6="-172.815338" />
<external_axis />
</actual>
<ipo_cycle>-18</ipo_cycle>
</value>
<value>
<planned>
<robot_axis a1="26.900652" a2="-67.985252" a3="136.019806" a4="160.553482" a5="69.378334" a6="-172.818390" />
<external_axis />
</planned>
<actual>
<robot_axis a1="26.945824" a2="-68.110199" a3="136.096237" a4="160.583679" a5="69.341347" a6="-172.817291" />
<external_axis />
</actual>
<ipo_cycle>-12</ipo_cycle>
</value>
<value>
<planned>
<robot_axis a1="26.896454" a2="-71.646629" a3="135.975418" a4="160.035934" a5="65.896584" a6="-171.471558" />
<external_axis />
</planned>
<actual>
<robot_axis a1="26.897171" a2="-67.973465" a3="136.011902" a4="160.547272" a5="69.383499" a6="-172.817978" />
<external_axis />
</actual>
<ipo_cycle>0</ipo_cycle>
</value>
<syn_motion>
<program>CNCMOTION</program>
<line>83</line>
<name>MCS</name>
<base>
<pos x="1486.225952" y="-367.585999" z="-90.000000" a="-45.000000" b="0.000000" c="0.000000" /></base>
<tool>
<pos x="365.660004" y="0.000000" z="93.000000" a="0.000000" b="-90.000000" c="0.000000" /></tool>
<ipo_mode>base</ipo_mode>
<load>
<mass>250.000000</mass>
</load>
<bco_motion>FALSE</bco_motion>
<interrupt>FALSE</interrupt>
<motion_mode>STANDARD</motion_mode>
<ipo_cycle>0</ipo_cycle>
</syn_motion>
</poslog>
