<?xml-stylesheet href="poslog.xsl" type="text/xsl"?>
<poslog serialno="1074578" trafo="#KR250R2700_2 C4 FLR" date="FEB 03 2022" time="13:29:36" tick="796856544" timestamp="796808918" trigger="ERROR STOP">
<syn_motion>
<program>cncDoToolChange</program>
<line>52</line>
<name>XHomeToolChanger</name>
<base>
<pos x="1858.680054" y="122.529999" z="241.000000" a="45.000000" b="0.000000" c="0.000000" /></base>
<tool>
<pos x="301.660004" y="0.000000" z="93.000000" a="0.000000" b="-90.000000" c="0.000000" /></tool>
<ipo_mode>base</ipo_mode>
<load>
<mass>20.000000</mass>
</load>
<bco_motion>FALSE</bco_motion>
<interrupt>FALSE</interrupt>
<motion_mode>STANDARD</motion_mode>
<ipo_cycle>-5223</ipo_cycle>
</syn_motion>
<syn_motion>
<program>cncDoToolChange</program>
<line>174</line>
<name>XToolHover</name>
<base>
<pos x="1858.680054" y="122.529999" z="241.000000" a="45.000000" b="0.000000" c="0.000000" /></base>
<tool>
<pos x="365.660004" y="0.000000" z="93.000000" a="0.000000" b="-90.000000" c="0.000000" /></tool>
<ipo_mode>base</ipo_mode>
<load>
<mass>250.000000</mass>
</load>
<bco_motion>FALSE</bco_motion>
<interrupt>FALSE</interrupt>
<motion_mode>STANDARD</motion_mode>
<ipo_cycle>-4816</ipo_cycle>
</syn_motion>
<syn_motion>
<program>cncDoToolChange</program>
<line>174</line>
<name>XToolHover</name>
<base>
<pos x="1858.680054" y="122.529999" z="241.000000" a="45.000000" b="0.000000" c="0.000000" /></base>
<tool>
<pos x="365.660004" y="0.000000" z="93.000000" a="0.000000" b="-90.000000" c="0.000000" /></tool>
<ipo_mode>base</ipo_mode>
<load>
<mass>250.000000</mass>
</load>
<bco_motion>FALSE</bco_motion>
<interrupt>FALSE</interrupt>
<motion_mode>STANDARD</motion_mode>
<ipo_cycle>-4815</ipo_cycle>
</syn_motion>
<syn_motion>
<program>cncDoToolChange</program>
<line>178</line>
<name>XToolWaitEnter</name>
<base>
<pos x="1858.680054" y="122.529999" z="241.000000" a="45.000000" b="0.000000" c="0.000000" /></base>
<tool>
<pos x="301.660004" y="0.000000" z="93.000000" a="0.000000" b="-90.000000" c="0.000000" /></tool>
<ipo_mode>base</ipo_mode>
<load>
<mass>250.000000</mass>
</load>
<bco_motion>FALSE</bco_motion>
<interrupt>FALSE</interrupt>
<motion_mode>STANDARD</motion_mode>
<ipo_cycle>-4471</ipo_cycle>
</syn_motion>
<syn_motion>
<program>cncDoToolChange</program>
<line>178</line>
<name>XToolWaitEnter</name>
<base>
<pos x="1858.680054" y="122.529999" z="241.000000" a="45.000000" b="0.000000" c="0.000000" /></base>
<tool>
<pos x="301.660004" y="0.000000" z="93.000000" a="0.000000" b="-90.000000" c="0.000000" /></tool>
<ipo_mode>base</ipo_mode>
<load>
<mass>250.000000</mass>
</load>
<bco_motion>FALSE</bco_motion>
<interrupt>FALSE</interrupt>
<motion_mode>STANDARD</motion_mode>
<ipo_cycle>-4470</ipo_cycle>
</syn_motion>
<syn_motion>
<program>cncDoToolChange</program>
<line>183</line>
<name>XToolChangerPickup</name>
<base>
<pos x="1858.680054" y="122.529999" z="241.000000" a="45.000000" b="0.000000" c="0.000000" /></base>
<tool>
<pos x="301.660004" y="0.000000" z="93.000000" a="0.000000" b="-90.000000" c="0.000000" /></tool>
<ipo_mode>base</ipo_mode>
<load>
<mass>250.000000</mass>
</load>
<bco_motion>FALSE</bco_motion>
<interrupt>FALSE</interrupt>
<motion_mode>STANDARD</motion_mode>
<ipo_cycle>-3951</ipo_cycle>
</syn_motion>
<syn_motion>
<program>cncDoToolChange</program>
<line>183</line>
<name>XToolChangerPickup</name>
<base>
<pos x="1858.680054" y="122.529999" z="241.000000" a="45.000000" b="0.000000" c="0.000000" /></base>
<tool>
<pos x="301.660004" y="0.000000" z="93.000000" a="0.000000" b="-90.000000" c="0.000000" /></tool>
<ipo_mode>base</ipo_mode>
<load>
<mass>250.000000</mass>
</load>
<bco_motion>FALSE</bco_motion>
<interrupt>FALSE</interrupt>
<motion_mode>STANDARD</motion_mode>
<ipo_cycle>-3949</ipo_cycle>
</syn_motion>
<syn_motion>
<program>cncDoToolChange</program>
<line>192</line>
<name>XToolAirBlow</name>
<base>
<pos x="1858.680054" y="122.529999" z="241.000000" a="45.000000" b="0.000000" c="0.000000" /></base>
<tool>
<pos x="301.660004" y="0.000000" z="93.000000" a="0.000000" b="-90.000000" c="0.000000" /></tool>
<ipo_mode>base</ipo_mode>
<load>
<mass>250.000000</mass>
</load>
<bco_motion>FALSE</bco_motion>
<interrupt>FALSE</interrupt>
<motion_mode>STANDARD</motion_mode>
<ipo_cycle>-3452</ipo_cycle>
</syn_motion>
<syn_motion>
<program>cncDoToolChange</program>
<line>192</line>
<name>XToolAirBlow</name>
<base>
<pos x="1858.680054" y="122.529999" z="241.000000" a="45.000000" b="0.000000" c="0.000000" /></base>
<tool>
<pos x="301.660004" y="0.000000" z="93.000000" a="0.000000" b="-90.000000" c="0.000000" /></tool>
<ipo_mode>base</ipo_mode>
<load>
<mass>250.000000</mass>
</load>
<bco_motion>FALSE</bco_motion>
<interrupt>FALSE</interrupt>
<motion_mode>STANDARD</motion_mode>
<ipo_cycle>-3451</ipo_cycle>
</syn_motion>
<syn_motion>
<program>cncDoToolChange</program>
<line>200</line>
<name>XToolMagChange</name>
<base>
<pos x="1858.680054" y="122.529999" z="241.000000" a="45.000000" b="0.000000" c="0.000000" /></base>
<tool>
<pos x="301.660004" y="0.000000" z="93.000000" a="0.000000" b="-90.000000" c="0.000000" /></tool>
<ipo_mode>base</ipo_mode>
<load>
<mass>250.000000</mass>
</load>
<bco_motion>FALSE</bco_motion>
<interrupt>FALSE</interrupt>
<motion_mode>STANDARD</motion_mode>
<ipo_cycle>-3319</ipo_cycle>
</syn_motion>
<syn_motion>
<program>cncDoToolChange</program>
<line>200</line>
<name>XToolMagChange</name>
<base>
<pos x="1858.680054" y="122.529999" z="241.000000" a="45.000000" b="0.000000" c="0.000000" /></base>
<tool>
<pos x="301.660004" y="0.000000" z="93.000000" a="0.000000" b="-90.000000" c="0.000000" /></tool>
<ipo_mode>base</ipo_mode>
<load>
<mass>250.000000</mass>
</load>
<bco_motion>FALSE</bco_motion>
<interrupt>FALSE</interrupt>
<motion_mode>STANDARD</motion_mode>
<ipo_cycle>-3318</ipo_cycle>
</syn_motion>
<syn_motion>
<program>cncDoToolChange</program>
<line>207</line>
<name>XToolMagHover</name>
<base>
<pos x="1858.680054" y="122.529999" z="241.000000" a="45.000000" b="0.000000" c="0.000000" /></base>
<tool>
<pos x="301.660004" y="0.000000" z="93.000000" a="0.000000" b="-90.000000" c="0.000000" /></tool>
<ipo_mode>base</ipo_mode>
<load>
<mass>250.000000</mass>
</load>
<bco_motion>FALSE</bco_motion>
<interrupt>FALSE</interrupt>
<motion_mode>STANDARD</motion_mode>
<ipo_cycle>-3181</ipo_cycle>
</syn_motion>
<syn_motion>
<program>cncDoToolChange</program>
<line>207</line>
<name>XToolMagHover</name>
<base>
<pos x="1858.680054" y="122.529999" z="241.000000" a="45.000000" b="0.000000" c="0.000000" /></base>
<tool>
<pos x="301.660004" y="0.000000" z="93.000000" a="0.000000" b="-90.000000" c="0.000000" /></tool>
<ipo_mode>base</ipo_mode>
<load>
<mass>250.000000</mass>
</load>
<bco_motion>FALSE</bco_motion>
<interrupt>FALSE</interrupt>
<motion_mode>STANDARD</motion_mode>
<ipo_cycle>-3180</ipo_cycle>
</syn_motion>
<syn_motion>
<program>cncDoToolChange</program>
<line>80</line>
<name>XHomeToolChanger</name>
<base>
<pos x="1858.680054" y="122.529999" z="241.000000" a="45.000000" b="0.000000" c="0.000000" /></base>
<tool>
<pos x="301.660004" y="0.000000" z="93.000000" a="0.000000" b="-90.000000" c="0.000000" /></tool>
<ipo_mode>base</ipo_mode>
<load>
<mass>250.000000</mass>
</load>
<bco_motion>FALSE</bco_motion>
<interrupt>FALSE</interrupt>
<motion_mode>STANDARD</motion_mode>
<ipo_cycle>-3000</ipo_cycle>
</syn_motion>
<syn_motion>
<program>cncDoToolChange</program>
<line>80</line>
<name>XHomeToolChanger</name>
<base>
<pos x="1858.680054" y="122.529999" z="241.000000" a="45.000000" b="0.000000" c="0.000000" /></base>
<tool>
<pos x="301.660004" y="0.000000" z="93.000000" a="0.000000" b="-90.000000" c="0.000000" /></tool>
<ipo_mode>base</ipo_mode>
<load>
<mass>250.000000</mass>
</load>
<bco_motion>FALSE</bco_motion>
<interrupt>FALSE</interrupt>
<motion_mode>STANDARD</motion_mode>
<ipo_cycle>-2999</ipo_cycle>
</syn_motion>
<value>
<planned>
<robot_axis a1="0.066639" a2="-117.579208" a3="154.810287" a4="5.464328" a5="-37.628929" a6="-4.334785" />
<external_axis />
</planned>
<actual>
<robot_axis a1="0.179485" a2="-116.744293" a3="154.518097" a4="6.418805" a5="-38.218674" a6="-5.055887" />
<external_axis />
</actual>
<ipo_cycle>-2688</ipo_cycle>
</value>
<value>
<planned>
<robot_axis a1="0.016852" a2="-117.937325" a3="154.933716" a4="5.048869" a5="-37.375740" a6="-4.017583" />
<external_axis />
</planned>
<actual>
<robot_axis a1="0.115078" a2="-117.173744" a3="154.670883" a4="5.914809" a5="-37.908344" a6="-4.678636" />
<external_axis />
</actual>
<ipo_cycle>-2686</ipo_cycle>
</value>
<value>
<planned>
<robot_axis a1="-0.043777" a2="-118.370728" a3="155.081223" a4="4.541097" a5="-37.069317" a6="-3.626863" />
<external_axis />
</planned>
<actual>
<robot_axis a1="0.029153" a2="-117.758156" a3="154.875641" a4="5.223168" a5="-37.488686" a6="-4.156665" />
<external_axis />
</actual>
<ipo_cycle>-2683</ipo_cycle>
</value>
<value>
<planned>
<robot_axis a1="-0.086991" a2="-118.677849" a3="155.184525" a4="4.177875" a5="-36.852215" a6="-3.345351" />
<external_axis />
</planned>
<actual>
<robot_axis a1="-0.036741" a2="-118.230453" a3="155.037415" a4="4.668024" a5="-37.154415" a6="-3.731616" />
<external_axis />
</actual>
<ipo_cycle>-2680</ipo_cycle>
</value>
<value>
<planned>
<robot_axis a1="-0.116809" a2="-118.888908" a3="155.254929" a4="3.926572" a5="-36.703049" a6="-3.149608" />
<external_axis />
</planned>
<actual>
<robot_axis a1="-0.096866" a2="-118.666023" a3="155.184402" a4="4.156179" a5="-36.847610" a6="-3.334175" />
<external_axis />
</actual>
<ipo_cycle>-2677</ipo_cycle>
</value>
<syn_motion>
<program>cncDoToolChange</program>
<line>91</line>
<name>cncLastHomePos</name>
<base>
<pos x="1486.225952" y="-367.585999" z="-90.000000" a="-45.000000" b="0.000000" c="0.000000" /></base>
<tool>
<pos x="301.660004" y="0.000000" z="93.000000" a="0.000000" b="-90.000000" c="0.000000" /></tool>
<ipo_mode>base</ipo_mode>
<load>
<mass>250.000000</mass>
</load>
<bco_motion>FALSE</bco_motion>
<interrupt>FALSE</interrupt>
<motion_mode>STANDARD</motion_mode>
<ipo_cycle>-2665</ipo_cycle>
</syn_motion>
<syn_motion>
<program>cncDoToolChange</program>
<line>91</line>
<name>cncLastHomePos</name>
<base>
<pos x="1486.225952" y="-367.585999" z="-90.000000" a="-45.000000" b="0.000000" c="0.000000" /></base>
<tool>
<pos x="301.660004" y="0.000000" z="93.000000" a="0.000000" b="-90.000000" c="0.000000" /></tool>
<ipo_mode>base</ipo_mode>
<load>
<mass>250.000000</mass>
</load>
<bco_motion>FALSE</bco_motion>
<interrupt>FALSE</interrupt>
<motion_mode>STANDARD</motion_mode>
<ipo_cycle>-2664</ipo_cycle>
</syn_motion>
<value>
<planned>
<robot_axis a1="0.399114" a2="-118.923584" a3="155.265335" a4="3.895166" a5="-36.675362" a6="-3.125448" />
<external_axis />
</planned>
<actual>
<robot_axis a1="0.135682" a2="-118.921013" a3="155.265182" a4="3.887978" a5="-36.678555" a6="-3.120490" />
<external_axis />
</actual>
<ipo_cycle>-2649</ipo_cycle>
</value>
<value>
<planned>
<robot_axis a1="0.941651" a2="-118.925110" a3="155.264694" a4="3.903784" a5="-36.670967" a6="-3.132552" />
<external_axis />
</planned>
<actual>
<robot_axis a1="0.528775" a2="-118.921371" a3="155.265228" a4="3.890198" a5="-36.675888" a6="-3.124032" />
<external_axis />
</actual>
<ipo_cycle>-2644</ipo_cycle>
</value>
<value>
<planned>
<robot_axis a1="1.444399" a2="-118.926521" a3="155.264084" a4="3.911769" a5="-36.666897" a6="-3.139134" />
<external_axis />
</planned>
<actual>
<robot_axis a1="0.964593" a2="-118.922112" a3="155.265244" a4="3.893386" a5="-36.672287" a6="-3.129882" />
<external_axis />
</actual>
<ipo_cycle>-2640</ipo_cycle>
</value>
<value>
<planned>
<robot_axis a1="1.948287" a2="-118.927933" a3="155.263489" a4="3.919774" a5="-36.662815" a6="-3.145732" />
<external_axis />
</planned>
<actual>
<robot_axis a1="1.454043" a2="-118.924217" a3="155.265259" a4="3.897965" a5="-36.667423" a6="-3.135615" />
<external_axis />
</actual>
<ipo_cycle>-2636</ipo_cycle>
</value>
<value>
<planned>
<robot_axis a1="2.452174" a2="-118.929344" a3="155.262878" a4="3.927778" a5="-36.658737" a6="-3.152329" />
<external_axis />
</planned>
<actual>
<robot_axis a1="1.957775" a2="-118.925514" a3="155.265198" a4="3.904676" a5="-36.663071" a6="-3.141078" />
<external_axis />
</actual>
<ipo_cycle>-2632</ipo_cycle>
</value>
<value>
<planned>
<robot_axis a1="2.956062" a2="-118.930756" a3="155.262283" a4="3.935781" a5="-36.654655" a6="-3.158927" />
<external_axis />
</planned>
<actual>
<robot_axis a1="2.462644" a2="-118.926903" a3="155.265076" a4="3.919545" a5="-36.659134" a6="-3.147280" />
<external_axis />
</actual>
<ipo_cycle>-2628</ipo_cycle>
</value>
<value>
<planned>
<robot_axis a1="3.459950" a2="-118.932175" a3="155.261673" a4="3.943785" a5="-36.650574" a6="-3.165524" />
<external_axis />
</planned>
<actual>
<robot_axis a1="2.966235" a2="-118.927597" a3="155.264755" a4="3.929405" a5="-36.655396" a6="-3.155974" />
<external_axis />
</actual>
<ipo_cycle>-2624</ipo_cycle>
</value>
<value>
<planned>
<robot_axis a1="3.963838" a2="-118.933586" a3="155.261078" a4="3.951789" a5="-36.646496" a6="-3.172122" />
<external_axis />
</planned>
<actual>
<robot_axis a1="3.469663" a2="-118.929054" a3="155.264191" a4="3.937729" a5="-36.651600" a6="-3.165773" />
<external_axis />
</actual>
<ipo_cycle>-2620</ipo_cycle>
</value>
<value>
<planned>
<robot_axis a1="4.467726" a2="-118.934998" a3="155.260468" a4="3.959794" a5="-36.642414" a6="-3.178720" />
<external_axis />
</planned>
<actual>
<robot_axis a1="3.973228" a2="-118.930107" a3="155.263428" a4="3.951074" a5="-36.647537" a6="-3.171627" />
<external_axis />
</actual>
<ipo_cycle>-2616</ipo_cycle>
</value>
<value>
<planned>
<robot_axis a1="4.971614" a2="-118.936409" a3="155.259857" a4="3.967798" a5="-36.638336" a6="-3.185317" />
<external_axis />
</planned>
<actual>
<robot_axis a1="4.477186" a2="-118.931923" a3="155.262482" a4="3.957243" a5="-36.643169" a6="-3.176646" />
<external_axis />
</actual>
<ipo_cycle>-2612</ipo_cycle>
</value>
<value>
<planned>
<robot_axis a1="5.475502" a2="-118.937828" a3="155.259262" a4="3.975801" a5="-36.634254" a6="-3.191915" />
<external_axis />
</planned>
<actual>
<robot_axis a1="4.981264" a2="-118.933342" a3="155.261414" a4="3.964126" a5="-36.638542" a6="-3.182071" />
<external_axis />
</actual>
<ipo_cycle>-2608</ipo_cycle>
</value>
<value>
<planned>
<robot_axis a1="5.979390" a2="-118.939240" a3="155.258652" a4="3.983805" a5="-36.630173" a6="-3.198512" />
<external_axis />
</planned>
<actual>
<robot_axis a1="5.485346" a2="-118.935219" a3="155.260468" a4="3.978194" a5="-36.634144" a6="-3.189560" />
<external_axis />
</actual>
<ipo_cycle>-2604</ipo_cycle>
</value>
<value>
<planned>
<robot_axis a1="6.483277" a2="-118.940651" a3="155.258057" a4="3.991809" a5="-36.626095" a6="-3.205110" />
<external_axis />
</planned>
<actual>
<robot_axis a1="5.989095" a2="-118.936852" a3="155.259720" a4="3.984795" a5="-36.630116" a6="-3.198990" />
<external_axis />
</actual>
<ipo_cycle>-2600</ipo_cycle>
</value>
<value>
<planned>
<robot_axis a1="6.987165" a2="-118.942062" a3="155.257446" a4="3.999814" a5="-36.622013" a6="-3.211707" />
<external_axis />
</planned>
<actual>
<robot_axis a1="6.492763" a2="-118.938972" a3="155.259079" a4="3.989186" a5="-36.626381" a6="-3.206509" />
<external_axis />
</actual>
<ipo_cycle>-2596</ipo_cycle>
</value>
<value>
<planned>
<robot_axis a1="7.491053" a2="-118.943481" a3="155.256851" a4="4.007817" a5="-36.617935" a6="-3.218305" />
<external_axis />
</planned>
<actual>
<robot_axis a1="6.996721" a2="-118.940987" a3="155.258438" a4="3.995975" a5="-36.622730" a6="-3.211360" />
<external_axis />
</actual>
<ipo_cycle>-2592</ipo_cycle>
</value>
<value>
<planned>
<robot_axis a1="7.994941" a2="-118.944893" a3="155.256241" a4="4.015821" a5="-36.613853" a6="-3.224902" />
<external_axis />
</planned>
<actual>
<robot_axis a1="7.500782" a2="-118.943199" a3="155.257858" a4="4.010358" a5="-36.618912" a6="-3.216565" />
<external_axis />
</actual>
<ipo_cycle>-2588</ipo_cycle>
</value>
<value>
<planned>
<robot_axis a1="8.498829" a2="-118.946304" a3="155.255646" a4="4.023826" a5="-36.609772" a6="-3.231500" />
<external_axis />
</planned>
<actual>
<robot_axis a1="8.004732" a2="-118.945122" a3="155.257263" a4="4.017494" a5="-36.614491" a6="-3.222972" />
<external_axis />
</actual>
<ipo_cycle>-2584</ipo_cycle>
</value>
<value>
<planned>
<robot_axis a1="9.002717" a2="-118.947716" a3="155.255035" a4="4.031829" a5="-36.605694" a6="-3.238098" />
<external_axis />
</planned>
<actual>
<robot_axis a1="8.508533" a2="-118.946396" a3="155.256699" a4="4.023388" a5="-36.609589" a6="-3.231589" />
<external_axis />
</actual>
<ipo_cycle>-2580</ipo_cycle>
</value>
<value>
<planned>
<robot_axis a1="9.506605" a2="-118.949135" a3="155.254440" a4="4.039834" a5="-36.601612" a6="-3.244695" />
<external_axis />
</planned>
<actual>
<robot_axis a1="9.012132" a2="-118.947243" a3="155.256134" a4="4.034054" a5="-36.605125" a6="-3.240332" />
<external_axis />
</actual>
<ipo_cycle>-2576</ipo_cycle>
</value>
<value>
<planned>
<robot_axis a1="10.010492" a2="-118.950546" a3="155.253830" a4="4.047837" a5="-36.597534" a6="-3.251293" />
<external_axis />
</planned>
<actual>
<robot_axis a1="9.516201" a2="-118.948074" a3="155.255569" a4="4.042659" a5="-36.601383" a6="-3.245395" />
<external_axis />
</actual>
<ipo_cycle>-2572</ipo_cycle>
</value>
<value>
<planned>
<robot_axis a1="10.514380" a2="-118.951958" a3="155.253235" a4="4.055841" a5="-36.593452" a6="-3.257890" />
<external_axis />
</planned>
<actual>
<robot_axis a1="10.020253" a2="-118.949066" a3="155.254974" a4="4.047117" a5="-36.597816" a6="-3.249984" />
<external_axis />
</actual>
<ipo_cycle>-2568</ipo_cycle>
</value>
<value>
<planned>
<robot_axis a1="11.018269" a2="-118.953369" a3="155.252625" a4="4.063846" a5="-36.589371" a6="-3.264488" />
<external_axis />
</planned>
<actual>
<robot_axis a1="10.524139" a2="-118.950195" a3="155.254425" a4="4.052530" a5="-36.594032" a6="-3.255402" />
<external_axis />
</actual>
<ipo_cycle>-2564</ipo_cycle>
</value>
<value>
<planned>
<robot_axis a1="11.522156" a2="-118.954788" a3="155.252014" a4="4.071849" a5="-36.585293" a6="-3.271085" />
<external_axis />
</planned>
<actual>
<robot_axis a1="11.027956" a2="-118.951355" a3="155.253860" a4="4.062445" a5="-36.589981" a6="-3.262456" />
<external_axis />
</actual>
<ipo_cycle>-2560</ipo_cycle>
</value>
<value>
<planned>
<robot_axis a1="12.026044" a2="-118.956200" a3="155.251419" a4="4.079854" a5="-36.581211" a6="-3.277683" />
<external_axis />
</planned>
<actual>
<robot_axis a1="11.531569" a2="-118.952705" a3="155.253311" a4="4.075668" a5="-36.585720" a6="-3.272034" />
<external_axis />
</actual>
<ipo_cycle>-2556</ipo_cycle>
</value>
<value>
<planned>
<robot_axis a1="12.529932" a2="-118.957611" a3="155.250809" a4="4.087858" a5="-36.577129" a6="-3.284281" />
<external_axis />
</planned>
<actual>
<robot_axis a1="12.035689" a2="-118.954063" a3="155.252670" a4="4.080291" a5="-36.581070" a6="-3.279448" />
<external_axis />
</actual>
<ipo_cycle>-2552</ipo_cycle>
</value>
<value>
<planned>
<robot_axis a1="13.033820" a2="-118.959023" a3="155.250214" a4="4.095861" a5="-36.573051" a6="-3.290878" />
<external_axis />
</planned>
<actual>
<robot_axis a1="12.539703" a2="-118.955589" a3="155.252060" a4="4.086207" a5="-36.576591" a6="-3.284179" />
<external_axis />
</actual>
<ipo_cycle>-2548</ipo_cycle>
</value>
<value>
<planned>
<robot_axis a1="13.537707" a2="-118.960442" a3="155.249603" a4="4.103866" a5="-36.568970" a6="-3.297476" />
<external_axis />
</planned>
<actual>
<robot_axis a1="13.043568" a2="-118.957062" a3="155.251495" a4="4.098116" a5="-36.572655" a6="-3.289570" />
<external_axis />
</actual>
<ipo_cycle>-2544</ipo_cycle>
</value>
<value>
<planned>
<robot_axis a1="14.041595" a2="-118.961853" a3="155.249008" a4="4.111869" a5="-36.564892" a6="-3.304073" />
<external_axis />
</planned>
<actual>
<robot_axis a1="13.547282" a2="-118.958740" a3="155.250992" a4="4.105672" a5="-36.568958" a6="-3.296014" />
<external_axis />
</actual>
<ipo_cycle>-2540</ipo_cycle>
</value>
<value>
<planned>
<robot_axis a1="14.545484" a2="-118.963264" a3="155.248398" a4="4.119874" a5="-36.560810" a6="-3.310671" />
<external_axis />
</planned>
<actual>
<robot_axis a1="14.051117" a2="-118.960571" a3="155.250427" a4="4.110312" a5="-36.565277" a6="-3.305029" />
<external_axis />
</actual>
<ipo_cycle>-2536</ipo_cycle>
</value>
<value>
<planned>
<robot_axis a1="15.049372" a2="-118.964676" a3="155.247803" a4="4.127878" a5="-36.556728" a6="-3.317268" />
<external_axis />
</planned>
<actual>
<robot_axis a1="14.555156" a2="-118.962761" a3="155.249817" a4="4.118503" a5="-36.561501" a6="-3.313712" />
<external_axis />
</actual>
<ipo_cycle>-2532</ipo_cycle>
</value>
<value>
<planned>
<robot_axis a1="15.553259" a2="-118.966095" a3="155.247192" a4="4.135881" a5="-36.552650" a6="-3.323866" />
<external_axis />
</planned>
<actual>
<robot_axis a1="15.059072" a2="-118.964638" a3="155.249130" a4="4.131036" a5="-36.557217" a6="-3.318443" />
<external_axis />
</actual>
<ipo_cycle>-2528</ipo_cycle>
</value>
<value>
<planned>
<robot_axis a1="16.057148" a2="-118.967506" a3="155.246597" a4="4.143886" a5="-36.548569" a6="-3.330463" />
<external_axis />
</planned>
<actual>
<robot_axis a1="15.562889" a2="-118.966110" a3="155.248474" a4="4.135588" a5="-36.552338" a6="-3.322935" />
<external_axis />
</actual>
<ipo_cycle>-2524</ipo_cycle>
</value>
<value>
<planned>
<robot_axis a1="16.561035" a2="-118.968918" a3="155.245987" a4="4.151889" a5="-36.544491" a6="-3.337061" />
<external_axis />
</planned>
<actual>
<robot_axis a1="16.066795" a2="-118.967133" a3="155.247772" a4="4.140349" a5="-36.547634" a6="-3.328334" />
<external_axis />
</actual>
<ipo_cycle>-2520</ipo_cycle>
</value>
<value>
<planned>
<robot_axis a1="17.064922" a2="-118.970329" a3="155.245392" a4="4.159894" a5="-36.540409" a6="-3.343658" />
<external_axis />
</planned>
<actual>
<robot_axis a1="16.570631" a2="-118.968132" a3="155.247162" a4="4.147933" a5="-36.543716" a6="-3.334940" />
<external_axis />
</actual>
<ipo_cycle>-2516</ipo_cycle>
</value>
<value>
<planned>
<robot_axis a1="17.568811" a2="-118.971748" a3="155.244781" a4="4.167898" a5="-36.536327" a6="-3.350256" />
<external_axis />
</planned>
<actual>
<robot_axis a1="17.074675" a2="-118.969193" a3="155.246490" a4="4.162542" a5="-36.540310" a6="-3.344387" />
<external_axis />
</actual>
<ipo_cycle>-2512</ipo_cycle>
</value>
<value>
<planned>
<robot_axis a1="18.072699" a2="-118.973160" a3="155.244171" a4="4.175901" a5="-36.532249" a6="-3.356853" />
<external_axis />
</planned>
<actual>
<robot_axis a1="17.578360" a2="-118.970329" a3="155.245804" a4="4.169148" a5="-36.536598" a6="-3.353194" />
<external_axis />
</actual>
<ipo_cycle>-2508</ipo_cycle>
</value>
<value>
<planned>
<robot_axis a1="18.576586" a2="-118.974571" a3="155.243576" a4="4.183906" a5="-36.528168" a6="-3.363451" />
<external_axis />
</planned>
<actual>
<robot_axis a1="18.082241" a2="-118.971611" a3="155.245163" a4="4.175258" a5="-36.532593" a6="-3.357890" />
<external_axis />
</actual>
<ipo_cycle>-2504</ipo_cycle>
</value>
<value>
<planned>
<robot_axis a1="19.080475" a2="-118.975983" a3="155.242966" a4="4.191909" a5="-36.524090" a6="-3.370049" />
<external_axis />
</planned>
<actual>
<robot_axis a1="18.586224" a2="-118.972961" a3="155.244522" a4="4.187106" a5="-36.528252" a6="-3.362643" />
<external_axis />
</actual>
<ipo_cycle>-2500</ipo_cycle>
</value>
<value>
<planned>
<robot_axis a1="19.584362" a2="-118.977402" a3="155.242371" a4="4.199914" a5="-36.520008" a6="-3.376646" />
<external_axis />
</planned>
<actual>
<robot_axis a1="19.090149" a2="-118.974464" a3="155.243835" a4="4.194739" a5="-36.523701" a6="-3.368293" />
<external_axis />
</actual>
<ipo_cycle>-2496</ipo_cycle>
</value>
<value>
<planned>
<robot_axis a1="20.088251" a2="-118.978813" a3="155.241760" a4="4.207918" a5="-36.515926" a6="-3.383244" />
<external_axis />
</planned>
<actual>
<robot_axis a1="19.594168" a2="-118.975937" a3="155.243118" a4="4.198959" a5="-36.519295" a6="-3.375989" />
<external_axis />
</actual>
<ipo_cycle>-2492</ipo_cycle>
</value>
<value>
<planned>
<robot_axis a1="20.592138" a2="-118.980225" a3="155.241165" a4="4.215921" a5="-36.511848" a6="-3.389841" />
<external_axis />
</planned>
<actual>
<robot_axis a1="20.097830" a2="-118.977463" a3="155.242325" a4="4.204654" a5="-36.515362" a6="-3.385272" />
<external_axis />
</actual>
<ipo_cycle>-2488</ipo_cycle>
</value>
<value>
<planned>
<robot_axis a1="21.096025" a2="-118.981636" a3="155.240555" a4="4.223926" a5="-36.507767" a6="-3.396439" />
<external_axis />
</planned>
<actual>
<robot_axis a1="20.601652" a2="-118.979126" a3="155.241623" a4="4.215563" a5="-36.511749" a6="-3.391636" />
<external_axis />
</actual>
<ipo_cycle>-2484</ipo_cycle>
</value>
<value>
<planned>
<robot_axis a1="21.599915" a2="-118.983055" a3="155.239960" a4="4.231929" a5="-36.503689" a6="-3.403036" />
<external_axis />
</planned>
<actual>
<robot_axis a1="21.105631" a2="-118.980965" a3="155.240967" a4="4.226820" a5="-36.508160" a6="-3.396567" />
<external_axis />
</actual>
<ipo_cycle>-2480</ipo_cycle>
</value>
<value>
<planned>
<robot_axis a1="22.103802" a2="-118.984467" a3="155.239349" a4="4.239933" a5="-36.499607" a6="-3.409634" />
<external_axis />
</planned>
<actual>
<robot_axis a1="21.609556" a2="-118.983040" a3="155.240311" a4="4.231592" a5="-36.504135" a6="-3.401695" />
<external_axis />
</actual>
<ipo_cycle>-2476</ipo_cycle>
</value>
<value>
<planned>
<robot_axis a1="22.607689" a2="-118.985878" a3="155.238754" a4="4.247938" a5="-36.495525" a6="-3.416232" />
<external_axis />
</planned>
<actual>
<robot_axis a1="22.113552" a2="-118.985329" a3="155.239624" a4="4.238607" a5="-36.499615" a6="-3.408301" />
<external_axis />
</actual>
<ipo_cycle>-2472</ipo_cycle>
</value>
<value>
<planned>
<robot_axis a1="23.111578" a2="-118.987289" a3="155.238144" a4="4.255941" a5="-36.491447" a6="-3.422829" />
<external_axis />
</planned>
<actual>
<robot_axis a1="22.617319" a2="-118.987549" a3="155.238968" a4="4.251643" a5="-36.494987" a6="-3.417527" />
<external_axis />
</actual>
<ipo_cycle>-2468</ipo_cycle>
</value>
<value>
<planned>
<robot_axis a1="23.615465" a2="-118.988708" a3="155.237534" a4="4.263946" a5="-36.487366" a6="-3.429427" />
<external_axis />
</planned>
<actual>
<robot_axis a1="23.121115" a2="-118.989075" a3="155.238266" a4="4.257360" a5="-36.490742" a6="-3.425812" />
<external_axis />
</actual>
<ipo_cycle>-2464</ipo_cycle>
</value>
<value>
<planned>
<robot_axis a1="24.119352" a2="-118.990120" a3="155.236938" a4="4.271949" a5="-36.483288" a6="-3.436024" />
<external_axis />
</planned>
<actual>
<robot_axis a1="23.625116" a2="-118.990036" a3="155.237457" a4="4.262242" a5="-36.487125" a6="-3.430511" />
<external_axis />
</actual>
<ipo_cycle>-2460</ipo_cycle>
</value>
<value>
<planned>
<robot_axis a1="24.623241" a2="-118.991531" a3="155.236328" a4="4.279953" a5="-36.479206" a6="-3.442622" />
<external_axis />
</planned>
<actual>
<robot_axis a1="24.129002" a2="-118.990952" a3="155.236633" a4="4.271478" a5="-36.483635" a6="-3.435055" />
<external_axis />
</actual>
<ipo_cycle>-2456</ipo_cycle>
</value>
<value>
<planned>
<robot_axis a1="25.127129" a2="-118.992943" a3="155.235733" a4="4.287958" a5="-36.475124" a6="-3.449219" />
<external_axis />
</planned>
<actual>
<robot_axis a1="24.633011" a2="-118.991943" a3="155.235916" a4="4.283270" a5="-36.479900" a6="-3.440624" />
<external_axis />
</actual>
<ipo_cycle>-2452</ipo_cycle>
</value>
<value>
<planned>
<robot_axis a1="25.631018" a2="-118.994362" a3="155.235123" a4="4.295961" a5="-36.471046" a6="-3.455817" />
<external_axis />
</planned>
<actual>
<robot_axis a1="25.136700" a2="-118.993050" a3="155.235382" a4="4.287568" a5="-36.475624" a6="-3.447613" />
<external_axis />
</actual>
<ipo_cycle>-2448</ipo_cycle>
</value>
<value>
<planned>
<robot_axis a1="26.134905" a2="-118.995773" a3="155.234528" a4="4.303966" a5="-36.466965" a6="-3.462415" />
<external_axis />
</planned>
<actual>
<robot_axis a1="25.640568" a2="-118.994247" a3="155.234970" a4="4.292550" a5="-36.471016" a6="-3.457184" />
<external_axis />
</actual>
<ipo_cycle>-2444</ipo_cycle>
</value>
<value>
<planned>
<robot_axis a1="26.638792" a2="-118.997185" a3="155.233917" a4="4.311970" a5="-36.462887" a6="-3.469012" />
<external_axis />
</planned>
<actual>
<robot_axis a1="26.144487" a2="-118.995407" a3="155.234604" a4="4.301448" a5="-36.466480" a6="-3.464989" />
<external_axis />
</actual>
<ipo_cycle>-2440</ipo_cycle>
</value>
<value>
<planned>
<robot_axis a1="27.142681" a2="-118.998596" a3="155.233322" a4="4.319973" a5="-36.458805" a6="-3.475610" />
<external_axis />
</planned>
<actual>
<robot_axis a1="26.648537" a2="-118.996658" a3="155.234131" a4="4.314600" a5="-36.462353" a6="-3.469602" />
<external_axis />
</actual>
<ipo_cycle>-2436</ipo_cycle>
</value>
<value>
<planned>
<robot_axis a1="27.646568" a2="-119.000015" a3="155.232712" a4="4.327978" a5="-36.454723" a6="-3.482207" />
<external_axis />
</planned>
<actual>
<robot_axis a1="27.152391" a2="-118.997955" a3="155.233566" a4="4.319925" a5="-36.458485" a6="-3.474485" />
<external_axis />
</actual>
<ipo_cycle>-2432</ipo_cycle>
</value>
<value>
<planned>
<robot_axis a1="28.150455" a2="-119.001427" a3="155.232117" a4="4.335981" a5="-36.450645" a6="-3.488805" />
<external_axis />
</planned>
<actual>
<robot_axis a1="27.656080" a2="-118.999352" a3="155.232941" a4="4.326685" a5="-36.454746" a6="-3.480664" />
<external_axis />
</actual>
<ipo_cycle>-2428</ipo_cycle>
</value>
<value>
<planned>
<robot_axis a1="28.654345" a2="-119.002838" a3="155.231506" a4="4.343986" a5="-36.446564" a6="-3.495402" />
<external_axis />
</planned>
<actual>
<robot_axis a1="28.160040" a2="-119.000877" a3="155.232330" a4="4.339666" a5="-36.451099" a6="-3.489737" />
<external_axis />
</actual>
<ipo_cycle>-2424</ipo_cycle>
</value>
<value>
<planned>
<robot_axis a1="29.158232" a2="-119.004250" a3="155.230911" a4="4.351990" a5="-36.442486" a6="-3.502000" />
<external_axis />
</planned>
<actual>
<robot_axis a1="28.664131" a2="-119.002594" a3="155.231750" a4="4.346449" a5="-36.447117" a6="-3.497752" />
<external_axis />
</actual>
<ipo_cycle>-2420</ipo_cycle>
</value>
<value>
<planned>
<robot_axis a1="29.662121" a2="-119.005661" a3="155.230301" a4="4.359993" a5="-36.438404" a6="-3.508597" />
<external_axis />
</planned>
<actual>
<robot_axis a1="29.167934" a2="-119.004349" a3="155.231186" a4="4.350702" a5="-36.442642" a6="-3.502527" />
<external_axis />
</actual>
<ipo_cycle>-2416</ipo_cycle>
</value>
<value>
<planned>
<robot_axis a1="30.166008" a2="-119.007080" a3="155.229691" a4="4.367998" a5="-36.434322" a6="-3.515195" />
<external_axis />
</planned>
<actual>
<robot_axis a1="29.671774" a2="-119.006241" a3="155.230667" a4="4.356728" a5="-36.437782" a6="-3.507195" />
<external_axis />
</actual>
<ipo_cycle>-2412</ipo_cycle>
</value>
<value>
<planned>
<robot_axis a1="30.669895" a2="-119.008492" a3="155.229095" a4="4.376001" a5="-36.430244" a6="-3.521792" />
<external_axis />
</planned>
<actual>
<robot_axis a1="30.175463" a2="-119.008110" a3="155.230194" a4="4.369471" a5="-36.433449" a6="-3.512767" />
<external_axis />
</actual>
<ipo_cycle>-2408</ipo_cycle>
</value>
<value>
<planned>
<robot_axis a1="31.173784" a2="-119.009903" a3="155.228485" a4="4.384006" a5="-36.426163" a6="-3.528390" />
<external_axis />
</planned>
<actual>
<robot_axis a1="30.679558" a2="-119.009628" a3="155.229706" a4="4.378905" a5="-36.429779" a6="-3.519969" />
<external_axis />
</actual>
<ipo_cycle>-2404</ipo_cycle>
</value>
<value>
<planned>
<robot_axis a1="31.677671" a2="-119.011314" a3="155.227890" a4="4.392010" a5="-36.422085" a6="-3.534987" />
<external_axis />
</planned>
<actual>
<robot_axis a1="31.183594" a2="-119.010788" a3="155.229126" a4="4.383484" a5="-36.426300" a6="-3.529950" />
<external_axis />
</actual>
<ipo_cycle>-2400</ipo_cycle>
</value>
<value>
<planned>
<robot_axis a1="32.181561" a2="-119.012733" a3="155.227280" a4="4.400013" a5="-36.418003" a6="-3.541585" />
<external_axis />
</planned>
<actual>
<robot_axis a1="31.687359" a2="-119.011795" a3="155.228424" a4="4.391090" a5="-36.422562" a6="-3.538076" />
<external_axis />
</actual>
<ipo_cycle>-2396</ipo_cycle>
</value>
<value>
<planned>
<robot_axis a1="32.685448" a2="-119.014145" a3="155.226685" a4="4.408018" a5="-36.413921" a6="-3.548183" />
<external_axis />
</planned>
<actual>
<robot_axis a1="32.191174" a2="-119.012817" a3="155.227722" a4="4.402966" a5="-36.418583" a6="-3.542660" />
<external_axis />
</actual>
<ipo_cycle>-2392</ipo_cycle>
</value>
<value>
<planned>
<robot_axis a1="33.189335" a2="-119.015556" a3="155.226074" a4="4.416021" a5="-36.409843" a6="-3.554780" />
<external_axis />
</planned>
<actual>
<robot_axis a1="32.694901" a2="-119.013924" a3="155.227097" a4="4.408257" a5="-36.414143" a6="-3.547520" />
<external_axis />
</actual>
<ipo_cycle>-2388</ipo_cycle>
</value>
<value>
<planned>
<robot_axis a1="33.693222" a2="-119.016968" a3="155.225479" a4="4.424026" a5="-36.405762" a6="-3.561378" />
<external_axis />
</planned>
<actual>
<robot_axis a1="33.198990" a2="-119.015091" a3="155.226547" a4="4.413599" a5="-36.409519" a6="-3.553297" />
<external_axis />
</actual>
<ipo_cycle>-2384</ipo_cycle>
</value>
<value>
<planned>
<robot_axis a1="34.197109" a2="-119.018387" a3="155.224869" a4="4.432030" a5="-36.401680" a6="-3.567975" />
<external_axis />
</planned>
<actual>
<robot_axis a1="33.702942" a2="-119.016373" a3="155.225998" a4="4.423999" a5="-36.405216" a6="-3.561010" />
<external_axis />
</actual>
<ipo_cycle>-2380</ipo_cycle>
</value>
<value>
<planned>
<robot_axis a1="34.701000" a2="-119.019798" a3="155.224274" a4="4.440033" a5="-36.397602" a6="-3.574573" />
<external_axis />
</planned>
<actual>
<robot_axis a1="34.206799" a2="-119.017700" a3="155.225403" a4="4.435157" a5="-36.401398" a6="-3.570559" />
<external_axis />
</actual>
<ipo_cycle>-2376</ipo_cycle>
</value>
<value>
<planned>
<robot_axis a1="35.204887" a2="-119.021210" a3="155.223663" a4="4.448038" a5="-36.393520" a6="-3.581170" />
<external_axis />
</planned>
<actual>
<robot_axis a1="34.710644" a2="-119.019012" a3="155.224777" a4="4.439383" a5="-36.397617" a6="-3.576690" />
<external_axis />
</actual>
<ipo_cycle>-2372</ipo_cycle>
</value>
<value>
<planned>
<robot_axis a1="35.708775" a2="-119.022621" a3="155.223068" a4="4.456041" a5="-36.389442" a6="-3.587768" />
<external_axis />
</planned>
<actual>
<robot_axis a1="35.214523" a2="-119.020332" a3="155.224182" a4="4.444663" a5="-36.393883" a6="-3.581292" />
<external_axis />
</actual>
<ipo_cycle>-2368</ipo_cycle>
</value>
<value>
<planned>
<robot_axis a1="36.212662" a2="-119.024040" a3="155.222458" a4="4.464046" a5="-36.385361" a6="-3.594366" />
<external_axis />
</planned>
<actual>
<robot_axis a1="35.718414" a2="-119.021729" a3="155.223633" a4="4.454489" a5="-36.389912" a6="-3.586597" />
<external_axis />
</actual>
<ipo_cycle>-2364</ipo_cycle>
</value>
<value>
<planned>
<robot_axis a1="36.716549" a2="-119.025452" a3="155.221848" a4="4.472050" a5="-36.381279" a6="-3.600963" />
<external_axis />
</planned>
<actual>
<robot_axis a1="36.222359" a2="-119.023163" a3="155.223007" a4="4.467077" a5="-36.385529" a6="-3.593270" />
<external_axis />
</actual>
<ipo_cycle>-2360</ipo_cycle>
</value>
<value>
<planned>
<robot_axis a1="37.220440" a2="-119.026863" a3="155.221252" a4="4.480053" a5="-36.377201" a6="-3.607561" />
<external_axis />
</planned>
<actual>
<robot_axis a1="36.726154" a2="-119.024658" a3="155.222336" a4="4.471822" a5="-36.380753" a6="-3.601953" />
<external_axis />
</actual>
<ipo_cycle>-2356</ipo_cycle>
</value>
<value>
<planned>
<robot_axis a1="37.724327" a2="-119.028275" a3="155.220642" a4="4.488058" a5="-36.373119" a6="-3.614158" />
<external_axis />
</planned>
<actual>
<robot_axis a1="37.230015" a2="-119.026268" a3="155.221680" a4="4.478832" a5="-36.376373" a6="-3.609392" />
<external_axis />
</actual>
<ipo_cycle>-2352</ipo_cycle>
</value>
<value>
<planned>
<robot_axis a1="38.228214" a2="-119.029694" a3="155.220047" a4="4.496061" a5="-36.369041" a6="-3.620756" />
<external_axis />
</planned>
<actual>
<robot_axis a1="37.733955" a2="-119.028008" a3="155.221069" a4="4.491033" a5="-36.372746" a6="-3.614556" />
<external_axis />
</actual>
<ipo_cycle>-2348</ipo_cycle>
</value>
<value>
<planned>
<robot_axis a1="38.732101" a2="-119.031105" a3="155.219437" a4="4.504066" a5="-36.364960" a6="-3.627353" />
<external_axis />
</planned>
<actual>
<robot_axis a1="38.237988" a2="-119.029869" a3="155.220474" a4="4.496987" a5="-36.369213" a6="-3.619755" />
<external_axis />
</actual>
<ipo_cycle>-2344</ipo_cycle>
</value>
<value>
<planned>
<robot_axis a1="39.235989" a2="-119.032516" a3="155.218842" a4="4.512070" a5="-36.360878" a6="-3.633951" />
<external_axis />
</planned>
<actual>
<robot_axis a1="38.741741" a2="-119.031990" a3="155.219894" a4="4.501517" a5="-36.365368" a6="-3.625440" />
<external_axis />
</actual>
<ipo_cycle>-2340</ipo_cycle>
</value>
<value>
<planned>
<robot_axis a1="39.739876" a2="-119.033928" a3="155.218231" a4="4.520073" a5="-36.356800" a6="-3.640548" />
<external_axis />
</planned>
<actual>
<robot_axis a1="39.245579" a2="-119.034035" a3="155.219238" a4="4.508189" a5="-36.361122" a6="-3.632697" />
<external_axis />
</actual>
<ipo_cycle>-2336</ipo_cycle>
</value>
<value>
<planned>
<robot_axis a1="40.243767" a2="-119.035347" a3="155.217636" a4="4.528078" a5="-36.352718" a6="-3.647146" />
<external_axis />
</planned>
<actual>
<robot_axis a1="39.749413" a2="-119.035477" a3="155.218506" a4="4.522042" a5="-36.356541" a6="-3.642294" />
<external_axis />
</actual>
<ipo_cycle>-2332</ipo_cycle>
</value>
<value>
<planned>
<robot_axis a1="40.747654" a2="-119.036758" a3="155.217026" a4="4.536082" a5="-36.348640" a6="-3.653744" />
<external_axis />
</planned>
<actual>
<robot_axis a1="40.253410" a2="-119.036339" a3="155.217712" a4="4.530521" a5="-36.352058" a6="-3.649216" />
<external_axis />
</actual>
<ipo_cycle>-2328</ipo_cycle>
</value>
<value>
<planned>
<robot_axis a1="41.251541" a2="-119.038170" a3="155.216431" a4="4.544086" a5="-36.344559" a6="-3.660341" />
<external_axis />
</planned>
<actual>
<robot_axis a1="40.757458" a2="-119.037231" a3="155.216934" a4="4.535216" a5="-36.348038" a6="-3.653977" />
<external_axis />
</actual>
<ipo_cycle>-2324</ipo_cycle>
</value>
<value>
<planned>
<robot_axis a1="41.755428" a2="-119.039581" a3="155.215820" a4="4.552090" a5="-36.340477" a6="-3.666939" />
<external_axis />
</planned>
<actual>
<robot_axis a1="41.261177" a2="-119.038322" a3="155.216232" a4="4.543557" a5="-36.344387" a6="-3.659024" />
<external_axis />
</actual>
<ipo_cycle>-2320</ipo_cycle>
</value>
<value>
<planned>
<robot_axis a1="42.259315" a2="-119.041000" a3="155.215225" a4="4.560093" a5="-36.336399" a6="-3.673536" />
<external_axis />
</planned>
<actual>
<robot_axis a1="41.764919" a2="-119.039536" a3="155.215607" a4="4.555487" a5="-36.340782" a6="-3.665494" />
<external_axis />
</actual>
<ipo_cycle>-2316</ipo_cycle>
</value>
<value>
<planned>
<robot_axis a1="42.763206" a2="-119.042412" a3="155.214615" a4="4.568098" a5="-36.332317" a6="-3.680134" />
<external_axis />
</planned>
<actual>
<robot_axis a1="42.268879" a2="-119.040771" a3="155.215134" a4="4.560188" a5="-36.336975" a6="-3.674484" />
<external_axis />
</actual>
<ipo_cycle>-2312</ipo_cycle>
</value>
<value>
<planned>
<robot_axis a1="43.267094" a2="-119.043823" a3="155.214005" a4="4.576102" a5="-36.328239" a6="-3.686731" />
<external_axis />
</planned>
<actual>
<robot_axis a1="42.772976" a2="-119.041985" a3="155.214706" a4="4.565899" a5="-36.332806" a6="-3.682561" />
<external_axis />
</actual>
<ipo_cycle>-2308</ipo_cycle>
</value>
<value>
<planned>
<robot_axis a1="43.770981" a2="-119.045235" a3="155.213409" a4="4.584105" a5="-36.324158" a6="-3.693329" />
<external_axis />
</planned>
<actual>
<robot_axis a1="43.276917" a2="-119.043236" a3="155.214264" a4="4.577504" a5="-36.328228" a6="-3.687374" />
<external_axis />
</actual>
<ipo_cycle>-2304</ipo_cycle>
</value>
<value>
<planned>
<robot_axis a1="44.274868" a2="-119.046654" a3="155.212799" a4="4.592110" a5="-36.320076" a6="-3.699926" />
<external_axis />
</planned>
<actual>
<robot_axis a1="43.780533" a2="-119.044556" a3="155.213669" a4="4.586281" a5="-36.323536" a6="-3.692191" />
<external_axis />
</actual>
<ipo_cycle>-2300</ipo_cycle>
</value>
<value>
<planned>
<robot_axis a1="44.778755" a2="-119.048065" a3="155.212204" a4="4.600113" a5="-36.315998" a6="-3.706524" />
<external_axis />
</planned>
<actual>
<robot_axis a1="44.284309" a2="-119.045967" a3="155.212830" a4="4.590556" a5="-36.319412" a6="-3.697710" />
<external_axis />
</actual>
<ipo_cycle>-2296</ipo_cycle>
</value>
<value>
<planned>
<robot_axis a1="45.282642" a2="-119.049477" a3="155.211594" a4="4.608118" a5="-36.311916" a6="-3.713121" />
<external_axis />
</planned>
<actual>
<robot_axis a1="44.788357" a2="-119.047722" a3="155.211899" a4="4.596339" a5="-36.315788" a6="-3.704664" />
<external_axis />
</actual>
<ipo_cycle>-2292</ipo_cycle>
</value>
<value>
<planned>
<robot_axis a1="45.786526" a2="-119.050888" a3="155.210999" a4="4.616121" a5="-36.307838" a6="-3.719719" />
<external_axis />
</planned>
<actual>
<robot_axis a1="45.292370" a2="-119.049812" a3="155.211136" a4="4.608513" a5="-36.312233" a6="-3.714444" />
<external_axis />
</actual>
<ipo_cycle>-2288</ipo_cycle>
</value>
<value>
<planned>
<robot_axis a1="46.290409" a2="-119.052307" a3="155.210388" a4="4.624125" a5="-36.303757" a6="-3.726316" />
<external_axis />
</planned>
<actual>
<robot_axis a1="45.796261" a2="-119.052040" a3="155.210632" a4="4.618892" a5="-36.308384" a6="-3.721760" />
<external_axis />
</actual>
<ipo_cycle>-2284</ipo_cycle>
</value>
<value>
<planned>
<robot_axis a1="46.789455" a2="-119.053703" a3="155.209793" a4="4.632052" a5="-36.299717" a6="-3.732851" />
<external_axis />
</planned>
<actual>
<robot_axis a1="46.299992" a2="-119.053978" a3="155.210251" a4="4.623797" a5="-36.304092" a6="-3.726477" />
<external_axis />
</actual>
<ipo_cycle>-2280</ipo_cycle>
</value>
<value>
<planned>
<robot_axis a1="47.301365" a2="-119.055138" a3="155.209183" a4="4.640184" a5="-36.295570" a6="-3.739553" />
<external_axis />
</planned>
<actual>
<robot_axis a1="46.892429" a2="-119.055771" a3="155.209900" a4="4.634027" a5="-36.298512" a6="-3.732857" />
<external_axis />
</actual>
<ipo_cycle>-2275</ipo_cycle>
</value>
<value>
<planned>
<robot_axis a1="47.658474" a2="-119.056145" a3="155.208755" a4="4.645856" a5="-36.292679" a6="-3.744229" />
<external_axis />
</planned>
<actual>
<robot_axis a1="47.429741" a2="-119.056587" a3="155.209305" a4="4.645046" a5="-36.293617" a6="-3.740024" />
<external_axis />
</actual>
<ipo_cycle>-2269</ipo_cycle>
</value>
<syn_motion>
<program>cncDoToolChange</program>
<line>99</line>
<name>cncLastAxPos</name>
<base>
<pos x="1486.225952" y="-367.585999" z="-90.000000" a="-45.000000" b="0.000000" c="0.000000" /></base>
<tool>
<pos x="301.660004" y="0.000000" z="93.000000" a="0.000000" b="-90.000000" c="0.000000" /></tool>
<ipo_mode>base</ipo_mode>
<load>
<mass>250.000000</mass>
</load>
<bco_motion>FALSE</bco_motion>
<interrupt>FALSE</interrupt>
<motion_mode>STANDARD</motion_mode>
<ipo_cycle>-2255</ipo_cycle>
</syn_motion>
<syn_motion>
<program>cncDoToolChange</program>
<line>99</line>
<name>cncLastAxPos</name>
<base>
<pos x="1486.225952" y="-367.585999" z="-90.000000" a="-45.000000" b="0.000000" c="0.000000" /></base>
<tool>
<pos x="301.660004" y="0.000000" z="93.000000" a="0.000000" b="-90.000000" c="0.000000" /></tool>
<ipo_mode>base</ipo_mode>
<load>
<mass>250.000000</mass>
</load>
<bco_motion>FALSE</bco_motion>
<interrupt>FALSE</interrupt>
<motion_mode>STANDARD</motion_mode>
<ipo_cycle>-2254</ipo_cycle>
</syn_motion>
<syn_motion>
<program>CNCMOTION</program>
<line>83</line>
<name>MCS</name>
<base>
<pos x="1486.225952" y="-367.585999" z="-90.000000" a="-45.000000" b="0.000000" c="0.000000" /></base>
<tool>
<pos x="301.660004" y="0.000000" z="93.000000" a="0.000000" b="-90.000000" c="0.000000" /></tool>
<ipo_mode>base</ipo_mode>
<load>
<mass>250.000000</mass>
</load>
<bco_motion>FALSE</bco_motion>
<interrupt>FALSE</interrupt>
<motion_mode>STANDARD</motion_mode>
<ipo_cycle>-2148</ipo_cycle>
</syn_motion>
</poslog>
