<?xml-stylesheet href="poslog.xsl" type="text/xsl"?>
<poslog serialno="1074578" trafo="#KR250R2700_2 C4 FLR" date="JAN 31 2022" time="09:04:48" tick="521768244" timestamp="521720618" trigger="ERROR STOP">
<syn_motion>
<program>cncDoToolChange</program>
<line>51</line>
<name>XHomeToolChanger</name>
<base>
<pos x="1858.680054" y="122.529999" z="241.000000" a="45.000000" b="0.000000" c="0.000000" /></base>
<tool>
<pos x="301.660004" y="0.000000" z="93.000000" a="0.000000" b="-90.000000" c="0.000000" /></tool>
<ipo_mode>base</ipo_mode>
<load>
<mass>20.000000</mass>
</load>
<bco_motion>FALSE</bco_motion>
<interrupt>FALSE</interrupt>
<motion_mode>STANDARD</motion_mode>
<ipo_cycle>-4093</ipo_cycle>
</syn_motion>
<syn_motion>
<program>cncDoToolChange</program>
<line>122</line>
<name>XToolMagHover</name>
<base>
<pos x="1858.680054" y="122.529999" z="241.000000" a="45.000000" b="0.000000" c="0.000000" /></base>
<tool>
<pos x="301.660004" y="0.000000" z="93.000000" a="0.000000" b="-90.000000" c="0.000000" /></tool>
<ipo_mode>base</ipo_mode>
<load>
<mass>250.000000</mass>
</load>
<bco_motion>FALSE</bco_motion>
<interrupt>FALSE</interrupt>
<motion_mode>STANDARD</motion_mode>
<ipo_cycle>-3182</ipo_cycle>
</syn_motion>
<syn_motion>
<program>cncDoToolChange</program>
<line>122</line>
<name>XToolMagHover</name>
<base>
<pos x="1858.680054" y="122.529999" z="241.000000" a="45.000000" b="0.000000" c="0.000000" /></base>
<tool>
<pos x="301.660004" y="0.000000" z="93.000000" a="0.000000" b="-90.000000" c="0.000000" /></tool>
<ipo_mode>base</ipo_mode>
<load>
<mass>250.000000</mass>
</load>
<bco_motion>FALSE</bco_motion>
<interrupt>FALSE</interrupt>
<motion_mode>STANDARD</motion_mode>
<ipo_cycle>-3180</ipo_cycle>
</syn_motion>
<syn_motion>
<program>cncDoToolChange</program>
<line>127</line>
<name>XToolMagChange</name>
<base>
<pos x="1858.680054" y="122.529999" z="241.000000" a="45.000000" b="0.000000" c="0.000000" /></base>
<tool>
<pos x="301.660004" y="0.000000" z="93.000000" a="0.000000" b="-90.000000" c="0.000000" /></tool>
<ipo_mode>base</ipo_mode>
<load>
<mass>250.000000</mass>
</load>
<bco_motion>FALSE</bco_motion>
<interrupt>FALSE</interrupt>
<motion_mode>STANDARD</motion_mode>
<ipo_cycle>-2833</ipo_cycle>
</syn_motion>
<syn_motion>
<program>cncDoToolChange</program>
<line>127</line>
<name>XToolMagChange</name>
<base>
<pos x="1858.680054" y="122.529999" z="241.000000" a="45.000000" b="0.000000" c="0.000000" /></base>
<tool>
<pos x="301.660004" y="0.000000" z="93.000000" a="0.000000" b="-90.000000" c="0.000000" /></tool>
<ipo_mode>base</ipo_mode>
<load>
<mass>250.000000</mass>
</load>
<bco_motion>FALSE</bco_motion>
<interrupt>FALSE</interrupt>
<motion_mode>STANDARD</motion_mode>
<ipo_cycle>-2831</ipo_cycle>
</syn_motion>
<syn_motion>
<program>cncDoToolChange</program>
<line>130</line>
<name>XToolAirBlow</name>
<base>
<pos x="1858.680054" y="122.529999" z="241.000000" a="45.000000" b="0.000000" c="0.000000" /></base>
<tool>
<pos x="301.660004" y="0.000000" z="93.000000" a="0.000000" b="-90.000000" c="0.000000" /></tool>
<ipo_mode>base</ipo_mode>
<load>
<mass>250.000000</mass>
</load>
<bco_motion>FALSE</bco_motion>
<interrupt>FALSE</interrupt>
<motion_mode>STANDARD</motion_mode>
<ipo_cycle>-2680</ipo_cycle>
</syn_motion>
<syn_motion>
<program>cncDoToolChange</program>
<line>130</line>
<name>XToolAirBlow</name>
<base>
<pos x="1858.680054" y="122.529999" z="241.000000" a="45.000000" b="0.000000" c="0.000000" /></base>
<tool>
<pos x="301.660004" y="0.000000" z="93.000000" a="0.000000" b="-90.000000" c="0.000000" /></tool>
<ipo_mode>base</ipo_mode>
<load>
<mass>250.000000</mass>
</load>
<bco_motion>FALSE</bco_motion>
<interrupt>FALSE</interrupt>
<motion_mode>STANDARD</motion_mode>
<ipo_cycle>-2679</ipo_cycle>
</syn_motion>
<syn_motion>
<program>cncDoToolChange</program>
<line>137</line>
<name>XToolChangerPickup</name>
<base>
<pos x="1858.680054" y="122.529999" z="241.000000" a="45.000000" b="0.000000" c="0.000000" /></base>
<tool>
<pos x="301.660004" y="0.000000" z="93.000000" a="0.000000" b="-90.000000" c="0.000000" /></tool>
<ipo_mode>base</ipo_mode>
<load>
<mass>250.000000</mass>
</load>
<bco_motion>FALSE</bco_motion>
<interrupt>FALSE</interrupt>
<motion_mode>STANDARD</motion_mode>
<ipo_cycle>-2457</ipo_cycle>
</syn_motion>
<syn_motion>
<program>cncDoToolChange</program>
<line>137</line>
<name>XToolChangerPickup</name>
<base>
<pos x="1858.680054" y="122.529999" z="241.000000" a="45.000000" b="0.000000" c="0.000000" /></base>
<tool>
<pos x="301.660004" y="0.000000" z="93.000000" a="0.000000" b="-90.000000" c="0.000000" /></tool>
<ipo_mode>base</ipo_mode>
<load>
<mass>250.000000</mass>
</load>
<bco_motion>FALSE</bco_motion>
<interrupt>FALSE</interrupt>
<motion_mode>STANDARD</motion_mode>
<ipo_cycle>-2456</ipo_cycle>
</syn_motion>
<syn_motion>
<program>cncDoToolChange</program>
<line>147</line>
<name>XToolWaitEnter</name>
<base>
<pos x="1858.680054" y="122.529999" z="241.000000" a="45.000000" b="0.000000" c="0.000000" /></base>
<tool>
<pos x="301.660004" y="0.000000" z="93.000000" a="0.000000" b="-90.000000" c="0.000000" /></tool>
<ipo_mode>base</ipo_mode>
<load>
<mass>250.000000</mass>
</load>
<bco_motion>FALSE</bco_motion>
<interrupt>FALSE</interrupt>
<motion_mode>STANDARD</motion_mode>
<ipo_cycle>-2308</ipo_cycle>
</syn_motion>
<syn_motion>
<program>cncDoToolChange</program>
<line>147</line>
<name>XToolWaitEnter</name>
<base>
<pos x="1858.680054" y="122.529999" z="241.000000" a="45.000000" b="0.000000" c="0.000000" /></base>
<tool>
<pos x="301.660004" y="0.000000" z="93.000000" a="0.000000" b="-90.000000" c="0.000000" /></tool>
<ipo_mode>base</ipo_mode>
<load>
<mass>250.000000</mass>
</load>
<bco_motion>FALSE</bco_motion>
<interrupt>FALSE</interrupt>
<motion_mode>STANDARD</motion_mode>
<ipo_cycle>-2307</ipo_cycle>
</syn_motion>
<syn_motion>
<program>cncDoToolChange</program>
<line>158</line>
<name>XToolHover</name>
<base>
<pos x="1858.680054" y="122.529999" z="241.000000" a="45.000000" b="0.000000" c="0.000000" /></base>
<tool>
<pos x="365.660004" y="0.000000" z="93.000000" a="0.000000" b="-90.000000" c="0.000000" /></tool>
<ipo_mode>base</ipo_mode>
<load>
<mass>250.000000</mass>
</load>
<bco_motion>FALSE</bco_motion>
<interrupt>FALSE</interrupt>
<motion_mode>STANDARD</motion_mode>
<ipo_cycle>-1896</ipo_cycle>
</syn_motion>
<syn_motion>
<program>cncDoToolChange</program>
<line>158</line>
<name>XToolHover</name>
<base>
<pos x="1858.680054" y="122.529999" z="241.000000" a="45.000000" b="0.000000" c="0.000000" /></base>
<tool>
<pos x="365.660004" y="0.000000" z="93.000000" a="0.000000" b="-90.000000" c="0.000000" /></tool>
<ipo_mode>base</ipo_mode>
<load>
<mass>250.000000</mass>
</load>
<bco_motion>FALSE</bco_motion>
<interrupt>FALSE</interrupt>
<motion_mode>STANDARD</motion_mode>
<ipo_cycle>-1895</ipo_cycle>
</syn_motion>
<syn_motion>
<program>cncDoToolChange</program>
<line>79</line>
<name>XHomeToolChanger</name>
<base>
<pos x="1858.680054" y="122.529999" z="241.000000" a="45.000000" b="0.000000" c="0.000000" /></base>
<tool>
<pos x="365.660004" y="0.000000" z="93.000000" a="0.000000" b="-90.000000" c="0.000000" /></tool>
<ipo_mode>base</ipo_mode>
<load>
<mass>250.000000</mass>
</load>
<bco_motion>FALSE</bco_motion>
<interrupt>FALSE</interrupt>
<motion_mode>STANDARD</motion_mode>
<ipo_cycle>-1618</ipo_cycle>
</syn_motion>
<syn_motion>
<program>cncDoToolChange</program>
<line>79</line>
<name>XHomeToolChanger</name>
<base>
<pos x="1858.680054" y="122.529999" z="241.000000" a="45.000000" b="0.000000" c="0.000000" /></base>
<tool>
<pos x="365.660004" y="0.000000" z="93.000000" a="0.000000" b="-90.000000" c="0.000000" /></tool>
<ipo_mode>base</ipo_mode>
<load>
<mass>250.000000</mass>
</load>
<bco_motion>FALSE</bco_motion>
<interrupt>FALSE</interrupt>
<motion_mode>STANDARD</motion_mode>
<ipo_cycle>-1616</ipo_cycle>
</syn_motion>
<syn_motion>
<program>cncDoToolChange</program>
<line>90</line>
<name>cncLastHomePos</name>
<base>
<pos x="1486.225952" y="-367.585999" z="-90.000000" a="-45.000000" b="0.000000" c="0.000000" /></base>
<tool>
<pos x="365.660004" y="0.000000" z="93.000000" a="0.000000" b="-90.000000" c="0.000000" /></tool>
<ipo_mode>base</ipo_mode>
<load>
<mass>250.000000</mass>
</load>
<bco_motion>FALSE</bco_motion>
<interrupt>FALSE</interrupt>
<motion_mode>STANDARD</motion_mode>
<ipo_cycle>-1292</ipo_cycle>
</syn_motion>
<syn_motion>
<program>cncDoToolChange</program>
<line>90</line>
<name>cncLastHomePos</name>
<base>
<pos x="1486.225952" y="-367.585999" z="-90.000000" a="-45.000000" b="0.000000" c="0.000000" /></base>
<tool>
<pos x="365.660004" y="0.000000" z="93.000000" a="0.000000" b="-90.000000" c="0.000000" /></tool>
<ipo_mode>base</ipo_mode>
<load>
<mass>250.000000</mass>
</load>
<bco_motion>FALSE</bco_motion>
<interrupt>FALSE</interrupt>
<motion_mode>STANDARD</motion_mode>
<ipo_cycle>-1290</ipo_cycle>
</syn_motion>
<value>
<planned>
<robot_axis a1="44.537823" a2="-119.245216" a3="155.079147" a4="172.512070" a5="31.745092" a6="-171.646545" />
<external_axis />
</planned>
<actual>
<robot_axis a1="44.325100" a2="-119.258186" a3="155.070053" a4="171.709412" a5="31.441986" a6="-170.844131" />
<external_axis />
</actual>
<ipo_cycle>-456</ipo_cycle>
</value>
<value>
<planned>
<robot_axis a1="44.700413" a2="-119.235626" a3="155.085938" a4="173.124008" a5="31.976038" a6="-172.257721" />
<external_axis />
</planned>
<actual>
<robot_axis a1="44.487770" a2="-119.248161" a3="155.078995" a4="172.321014" a5="31.672850" a6="-171.455597" />
<external_axis />
</actual>
<ipo_cycle>-453</ipo_cycle>
</value>
<value>
<planned>
<robot_axis a1="44.863003" a2="-119.226036" a3="155.092743" a4="173.735962" a5="32.206982" a6="-172.868896" />
<external_axis />
</planned>
<actual>
<robot_axis a1="44.650326" a2="-119.238113" a3="155.084244" a4="172.932983" a5="31.903873" a6="-172.066330" />
<external_axis />
</actual>
<ipo_cycle>-450</ipo_cycle>
</value>
<value>
<planned>
<robot_axis a1="45.025593" a2="-119.216438" a3="155.099533" a4="174.347900" a5="32.437927" a6="-173.480072" />
<external_axis />
</planned>
<actual>
<robot_axis a1="44.812843" a2="-119.228813" a3="155.090454" a4="173.544312" a5="32.134670" a6="-172.677658" />
<external_axis />
</actual>
<ipo_cycle>-447</ipo_cycle>
</value>
<value>
<planned>
<robot_axis a1="45.188179" a2="-119.206848" a3="155.106323" a4="174.959839" a5="32.668873" a6="-174.091248" />
<external_axis />
</planned>
<actual>
<robot_axis a1="44.975597" a2="-119.219345" a3="155.097610" a4="174.156570" a5="32.365734" a6="-173.289017" />
<external_axis />
</actual>
<ipo_cycle>-444</ipo_cycle>
</value>
<value>
<planned>
<robot_axis a1="45.350769" a2="-119.197258" a3="155.113113" a4="175.571793" a5="32.899815" a6="-174.702438" />
<external_axis />
</planned>
<actual>
<robot_axis a1="45.138050" a2="-119.209557" a3="155.105545" a4="174.768127" a5="32.596554" a6="-173.899704" />
<external_axis />
</actual>
<ipo_cycle>-441</ipo_cycle>
</value>
<value>
<planned>
<robot_axis a1="45.513359" a2="-119.187660" a3="155.119919" a4="176.183731" a5="33.130760" a6="-175.313614" />
<external_axis />
</planned>
<actual>
<robot_axis a1="45.300770" a2="-119.199432" a3="155.110809" a4="175.380020" a5="32.827522" a6="-174.511383" />
<external_axis />
</actual>
<ipo_cycle>-438</ipo_cycle>
</value>
<value>
<planned>
<robot_axis a1="45.675949" a2="-119.178070" a3="155.126709" a4="176.795685" a5="33.361706" a6="-175.924789" />
<external_axis />
</planned>
<actual>
<robot_axis a1="45.463268" a2="-119.190491" a3="155.117874" a4="175.992432" a5="33.058552" a6="-175.122208" />
<external_axis />
</actual>
<ipo_cycle>-435</ipo_cycle>
</value>
<value>
<planned>
<robot_axis a1="45.838539" a2="-119.168480" a3="155.133499" a4="177.407623" a5="33.592651" a6="-176.535965" />
<external_axis />
</planned>
<actual>
<robot_axis a1="45.625904" a2="-119.180504" a3="155.126541" a4="176.605392" a5="33.289509" a6="-175.733459" />
<external_axis />
</actual>
<ipo_cycle>-432</ipo_cycle>
</value>
<value>
<planned>
<robot_axis a1="46.001129" a2="-119.158882" a3="155.140289" a4="178.019577" a5="33.823597" a6="-177.147156" />
<external_axis />
</planned>
<actual>
<robot_axis a1="45.788563" a2="-119.171066" a3="155.131851" a4="177.217880" a5="33.520390" a6="-176.344696" />
<external_axis />
</actual>
<ipo_cycle>-429</ipo_cycle>
</value>
<value>
<planned>
<robot_axis a1="46.163719" a2="-119.149292" a3="155.147079" a4="178.631516" a5="34.054539" a6="-177.758331" />
<external_axis />
</planned>
<actual>
<robot_axis a1="45.951080" a2="-119.161896" a3="155.137985" a4="177.828156" a5="33.751339" a6="-176.955826" />
<external_axis />
</actual>
<ipo_cycle>-426</ipo_cycle>
</value>
<value>
<planned>
<robot_axis a1="46.326309" a2="-119.139702" a3="155.153885" a4="179.243469" a5="34.285484" a6="-178.369507" />
<external_axis />
</planned>
<actual>
<robot_axis a1="46.113747" a2="-119.152596" a3="155.145111" a4="178.439789" a5="33.982403" a6="-177.567459" />
<external_axis />
</actual>
<ipo_cycle>-423</ipo_cycle>
</value>
<value>
<planned>
<robot_axis a1="46.488895" a2="-119.130104" a3="155.160675" a4="179.855408" a5="34.516430" a6="-178.980682" />
<external_axis />
</planned>
<actual>
<robot_axis a1="46.276237" a2="-119.142952" a3="155.153427" a4="179.051056" a5="34.213223" a6="-178.178116" />
<external_axis />
</actual>
<ipo_cycle>-420</ipo_cycle>
</value>
<value>
<planned>
<robot_axis a1="46.651485" a2="-119.120514" a3="155.167465" a4="180.467361" a5="34.747375" a6="-179.591858" />
<external_axis />
</planned>
<actual>
<robot_axis a1="46.438839" a2="-119.132423" a3="155.158615" a4="179.663361" a5="34.444286" a6="-178.789719" />
<external_axis />
</actual>
<ipo_cycle>-417</ipo_cycle>
</value>
<value>
<planned>
<robot_axis a1="46.814075" a2="-119.110924" a3="155.174255" a4="181.079300" a5="34.978317" a6="-180.203049" />
<external_axis />
</planned>
<actual>
<robot_axis a1="46.601593" a2="-119.123459" a3="155.165512" a4="180.276657" a5="34.675217" a6="-179.400452" />
<external_axis />
</actual>
<ipo_cycle>-414</ipo_cycle>
</value>
<value>
<planned>
<robot_axis a1="46.976665" a2="-119.101326" a3="155.181061" a4="181.691254" a5="35.209263" a6="-180.814224" />
<external_axis />
</planned>
<actual>
<robot_axis a1="46.764076" a2="-119.113426" a3="155.173935" a4="180.888977" a5="34.906101" a6="-180.011536" />
<external_axis />
</actual>
<ipo_cycle>-411</ipo_cycle>
</value>
<value>
<planned>
<robot_axis a1="47.139256" a2="-119.091736" a3="155.187851" a4="182.303192" a5="35.440208" a6="-181.425400" />
<external_axis />
</planned>
<actual>
<robot_axis a1="46.926605" a2="-119.103416" a3="155.179581" a4="181.500473" a5="35.136997" a6="-180.623062" />
<external_axis />
</actual>
<ipo_cycle>-408</ipo_cycle>
</value>
<value>
<planned>
<robot_axis a1="47.301270" a2="-119.082176" a3="155.194611" a4="182.912979" a5="35.670334" a6="-182.034409" />
<external_axis />
</planned>
<actual>
<robot_axis a1="47.089245" a2="-119.094513" a3="155.185593" a4="182.112366" a5="35.367832" a6="-181.234177" />
<external_axis />
</actual>
<ipo_cycle>-405</ipo_cycle>
</value>
<value>
<planned>
<robot_axis a1="47.447624" a2="-119.073540" a3="155.200729" a4="183.463821" a5="35.878220" a6="-182.584579" />
<external_axis />
</planned>
<actual>
<robot_axis a1="47.251774" a2="-119.084610" a3="155.193832" a4="182.723282" a5="35.598751" a6="-181.845123" />
<external_axis />
</actual>
<ipo_cycle>-402</ipo_cycle>
</value>
<value>
<planned>
<robot_axis a1="47.564266" a2="-119.066658" a3="155.205612" a4="183.902832" a5="36.043900" a6="-183.023026" />
<external_axis />
</planned>
<actual>
<robot_axis a1="47.406567" a2="-119.072731" a3="155.205826" a4="183.309753" a5="35.817581" a6="-182.427750" />
<external_axis />
</actual>
<ipo_cycle>-399</ipo_cycle>
</value>
<value>
<planned>
<robot_axis a1="47.672367" a2="-119.060280" a3="155.210129" a4="184.309692" a5="36.197445" a6="-183.429382" />
<external_axis />
</planned>
<actual>
<robot_axis a1="47.568497" a2="-119.062393" a3="155.209991" a4="183.923264" a5="36.047459" a6="-183.037109" />
<external_axis />
</actual>
<ipo_cycle>-395</ipo_cycle>
</value>
<value>
<planned>
<robot_axis a1="47.733471" a2="-119.056679" a3="155.212677" a4="184.539673" a5="36.284241" a6="-183.659073" />
<external_axis />
</planned>
<actual>
<robot_axis a1="47.708309" a2="-119.057205" a3="155.217377" a4="184.449432" a5="36.247200" a6="-183.565857" />
<external_axis />
</actual>
<ipo_cycle>-390</ipo_cycle>
</value>
<syn_motion>
<program>cncDoToolChange</program>
<line>98</line>
<name>cncLastAxPos</name>
<base>
<pos x="1486.225952" y="-367.585999" z="-90.000000" a="-45.000000" b="0.000000" c="0.000000" /></base>
<tool>
<pos x="365.660004" y="0.000000" z="93.000000" a="0.000000" b="-90.000000" c="0.000000" /></tool>
<ipo_mode>base</ipo_mode>
<load>
<mass>250.000000</mass>
</load>
<bco_motion>FALSE</bco_motion>
<interrupt>FALSE</interrupt>
<motion_mode>STANDARD</motion_mode>
<ipo_cycle>-381</ipo_cycle>
</syn_motion>
<syn_motion>
<program>cncDoToolChange</program>
<line>98</line>
<name>cncLastAxPos</name>
<base>
<pos x="1486.225952" y="-367.585999" z="-90.000000" a="-45.000000" b="0.000000" c="0.000000" /></base>
<tool>
<pos x="365.660004" y="0.000000" z="93.000000" a="0.000000" b="-90.000000" c="0.000000" /></tool>
<ipo_mode>base</ipo_mode>
<load>
<mass>250.000000</mass>
</load>
<bco_motion>FALSE</bco_motion>
<interrupt>FALSE</interrupt>
<motion_mode>STANDARD</motion_mode>
<ipo_cycle>-380</ipo_cycle>
</syn_motion>
<value>
<planned>
<robot_axis a1="47.395374" a2="-118.882683" a3="154.924301" a4="183.981659" a5="36.152290" a6="-183.214584" />
<external_axis />
</planned>
<actual>
<robot_axis a1="47.527126" a2="-118.950363" a3="155.035873" a4="184.227814" a5="36.207813" a6="-183.401337" />
<external_axis />
</actual>
<ipo_cycle>-358</ipo_cycle>
</value>
<value>
<planned>
<robot_axis a1="47.064617" a2="-118.708916" a3="154.638412" a4="183.430435" a5="36.025089" a6="-182.773529" />
<external_axis />
</planned>
<actual>
<robot_axis a1="47.228119" a2="-118.793747" a3="154.779419" a4="183.710739" a5="36.089603" a6="-182.996063" />
<external_axis />
</actual>
<ipo_cycle>-350</ipo_cycle>
</value>
<value>
<planned>
<robot_axis a1="46.745743" a2="-118.537888" a3="154.358749" a4="182.895905" a5="35.904305" a6="-182.344498" />
<external_axis />
</planned>
<actual>
<robot_axis a1="46.926624" a2="-118.634750" a3="154.518036" a4="183.204559" a5="35.974289" a6="-182.593521" />
<external_axis />
</actual>
<ipo_cycle>-343</ipo_cycle>
</value>
<value>
<planned>
<robot_axis a1="46.427185" a2="-118.363571" a3="154.075317" a4="182.358856" a5="35.785416" a6="-181.912170" />
<external_axis />
</planned>
<actual>
<robot_axis a1="46.637627" a2="-118.479790" a3="154.262817" a4="182.721664" a5="35.865841" a6="-182.205643" />
<external_axis />
</actual>
<ipo_cycle>-337</ipo_cycle>
</value>
<value>
<planned>
<robot_axis a1="46.114124" a2="-118.188866" a3="153.792755" a4="181.828125" a5="35.670284" a6="-181.483688" />
<external_axis />
</planned>
<actual>
<robot_axis a1="46.359112" a2="-118.327583" a3="154.014023" a4="182.254044" a5="35.762787" a6="-181.828568" />
<external_axis />
</actual>
<ipo_cycle>-332</ipo_cycle>
</value>
<value>
<planned>
<robot_axis a1="45.745911" a2="-117.979034" a3="153.455215" a4="181.200150" a5="35.536995" a6="-180.975113" />
<external_axis />
</planned>
<actual>
<robot_axis a1="46.034161" a2="-118.145752" a3="153.719772" a4="181.703552" a5="35.643948" a6="-181.384766" />
<external_axis />
</actual>
<ipo_cycle>-327</ipo_cycle>
</value>
<value>
<planned>
<robot_axis a1="45.408924" a2="-117.782852" a3="153.141235" a4="180.621902" a5="35.416985" a6="-180.505325" />
<external_axis />
</planned>
<actual>
<robot_axis a1="45.733665" a2="-117.973854" a3="153.443649" a4="181.191101" a5="35.535759" a6="-180.970245" />
<external_axis />
</actual>
<ipo_cycle>-323</ipo_cycle>
</value>
<value>
<planned>
<robot_axis a1="45.043217" a2="-117.565392" a3="152.794861" a4="179.990707" a5="35.288826" a6="-179.990768" />
<external_axis />
</planned>
<actual>
<robot_axis a1="45.397282" a2="-117.776840" a3="153.130386" a4="180.611755" a5="35.415089" a6="-180.499542" />
<external_axis />
</actual>
<ipo_cycle>-319</ipo_cycle>
</value>
<value>
<planned>
<robot_axis a1="44.660015" a2="-117.332436" a3="152.425552" a4="179.324829" a5="35.156834" a6="-179.446396" />
<external_axis />
</planned>
<actual>
<robot_axis a1="45.032585" a2="-117.558723" a3="152.784546" a4="179.980026" a5="35.286827" a6="-179.983994" />
<external_axis />
</actual>
<ipo_cycle>-315</ipo_cycle>
</value>
<value>
<planned>
<robot_axis a1="44.368553" a2="-117.151688" a3="152.140152" a4="178.815491" a5="35.057968" a6="-179.028778" />
<external_axis />
</planned>
<actual>
<robot_axis a1="44.747032" a2="-117.385216" a3="152.510086" a4="179.481659" a5="35.187759" a6="-179.577026" />
<external_axis />
</actual>
<ipo_cycle>-312</ipo_cycle>
</value>
<value>
<planned>
<robot_axis a1="44.078915" a2="-116.969009" a3="151.852585" a4="178.306839" a5="34.960995" a6="-178.610580" />
<external_axis />
</planned>
<actual>
<robot_axis a1="44.457199" a2="-117.205986" a3="152.227707" a4="178.974304" a5="35.088600" a6="-179.160156" />
<external_axis />
</actual>
<ipo_cycle>-309</ipo_cycle>
</value>
<value>
<planned>
<robot_axis a1="43.792168" a2="-116.785110" a3="151.563950" a4="177.800812" a5="34.866222" a6="-178.193542" />
<external_axis />
</planned>
<actual>
<robot_axis a1="44.167397" a2="-117.023651" a3="151.941147" a4="178.464401" a5="34.990818" a6="-178.741226" />
<external_axis />
</actual>
<ipo_cycle>-306</ipo_cycle>
</value>
<value>
<planned>
<robot_axis a1="43.508282" a2="-116.600037" a3="151.274231" a4="177.297394" a5="34.773571" a6="-177.777664" />
<external_axis />
</planned>
<actual>
<robot_axis a1="43.879799" a2="-116.840347" a3="151.652496" a4="177.956879" a5="34.895393" a6="-178.323608" />
<external_axis />
</actual>
<ipo_cycle>-303</ipo_cycle>
</value>
<value>
<planned>
<robot_axis a1="43.227230" a2="-116.413826" a3="150.983459" a4="176.796646" a5="34.682976" a6="-177.362976" />
<external_axis />
</planned>
<actual>
<robot_axis a1="43.595081" a2="-116.655899" a3="151.363403" a4="177.452454" a5="34.802101" a6="-177.907349" />
<external_axis />
</actual>
<ipo_cycle>-300</ipo_cycle>
</value>
<value>
<planned>
<robot_axis a1="42.948982" a2="-116.226524" a3="150.691635" a4="176.298538" a5="34.594364" a6="-176.949524" />
<external_axis />
</planned>
<actual>
<robot_axis a1="43.313164" a2="-116.470390" a3="151.072983" a4="176.949493" a5="34.711037" a6="-177.492340" />
<external_axis />
</actual>
<ipo_cycle>-297</ipo_cycle>
</value>
<value>
<planned>
<robot_axis a1="42.582298" a2="-115.975143" a3="150.300903" a4="175.638580" a5="34.479187" a6="-176.400208" />
<external_axis />
</planned>
<actual>
<robot_axis a1="42.941799" a2="-116.221222" a3="150.684280" a4="176.285812" a5="34.592270" a6="-176.941025" />
<external_axis />
</actual>
<ipo_cycle>-293</ipo_cycle>
</value>
<value>
<planned>
<robot_axis a1="42.220535" a2="-115.721970" a3="149.908356" a4="174.983459" a5="34.367256" a6="-175.853363" />
<external_axis />
</planned>
<actual>
<robot_axis a1="42.575165" a2="-115.970032" a3="150.293304" a4="175.627594" a5="34.477276" a6="-176.391602" />
<external_axis />
</actual>
<ipo_cycle>-289</ipo_cycle>
</value>
<value>
<planned>
<robot_axis a1="41.863464" a2="-115.467087" a3="149.513962" a4="174.332947" a5="34.258438" a6="-175.308472" />
<external_axis />
</planned>
<actual>
<robot_axis a1="42.213558" a2="-115.717300" a3="149.900665" a4="174.974731" a5="34.365528" a6="-175.844849" />
<external_axis />
</actual>
<ipo_cycle>-285</ipo_cycle>
</value>
<value>
<planned>
<robot_axis a1="41.511177" a2="-115.210571" a3="149.117783" a4="173.687286" a5="34.152569" a6="-174.766144" />
<external_axis />
</planned>
<actual>
<robot_axis a1="41.856457" a2="-115.462349" a3="149.506378" a4="174.323883" a5="34.256786" a6="-175.299881" />
<external_axis />
</actual>
<ipo_cycle>-281</ipo_cycle>
</value>
<value>
<planned>
<robot_axis a1="41.163563" a2="-114.952484" a3="148.719818" a4="173.046402" a5="34.049519" a6="-174.226227" />
<external_axis />
</planned>
<actual>
<robot_axis a1="41.504230" a2="-115.205841" a3="149.110107" a4="173.677109" a5="34.151066" a6="-174.757751" />
<external_axis />
</actual>
<ipo_cycle>-277</ipo_cycle>
</value>
<value>
<planned>
<robot_axis a1="40.820530" a2="-114.692909" a3="148.320084" a4="172.410233" a5="33.949150" a6="-173.688721" />
<external_axis />
</planned>
<actual>
<robot_axis a1="41.156620" a2="-114.947395" a3="148.712204" a4="173.035263" a5="34.047844" a6="-174.217789" />
<external_axis />
</actual>
<ipo_cycle>-273</ipo_cycle>
</value>
<value>
<planned>
<robot_axis a1="40.482033" a2="-114.431908" a3="147.918579" a4="171.778824" a5="33.851334" a6="-173.153656" />
<external_axis />
</planned>
<actual>
<robot_axis a1="40.813801" a2="-114.687904" a3="148.312485" a4="172.399017" a5="33.947632" a6="-173.680344" />
<external_axis />
</actual>
<ipo_cycle>-269</ipo_cycle>
</value>
<value>
<planned>
<robot_axis a1="40.147999" a2="-114.169540" a3="147.515350" a4="171.152100" a5="33.755943" a6="-172.621033" />
<external_axis />
</planned>
<actual>
<robot_axis a1="40.475262" a2="-114.427155" a3="147.910767" a4="171.768463" a5="33.849895" a6="-173.145264" />
<external_axis />
</actual>
<ipo_cycle>-265</ipo_cycle>
</value>
<value>
<planned>
<robot_axis a1="39.818367" a2="-113.905861" a3="147.110397" a4="170.530045" a5="33.662865" a6="-172.090866" />
<external_axis />
</planned>
<actual>
<robot_axis a1="40.141399" a2="-114.164841" a3="147.507690" a4="171.141937" a5="33.754353" a6="-172.612488" />
<external_axis />
</actual>
<ipo_cycle>-261</ipo_cycle>
</value>
<value>
<planned>
<robot_axis a1="39.493069" a2="-113.640938" a3="146.703720" a4="169.912628" a5="33.571972" a6="-171.563141" />
<external_axis />
</planned>
<actual>
<robot_axis a1="39.811729" a2="-113.901062" a3="147.102631" a4="170.519547" a5="33.661594" a6="-172.082764" />
<external_axis />
</actual>
<ipo_cycle>-257</ipo_cycle>
</value>
<value>
<planned>
<robot_axis a1="39.172039" a2="-113.374817" a3="146.295334" a4="169.299789" a5="33.483166" a6="-171.037827" />
<external_axis />
</planned>
<actual>
<robot_axis a1="39.486553" a2="-113.636375" a3="146.695984" a4="169.902924" a5="33.570423" a6="-171.554871" />
<external_axis />
</actual>
<ipo_cycle>-253</ipo_cycle>
</value>
<value>
<planned>
<robot_axis a1="38.855217" a2="-113.107544" a3="145.885269" a4="168.691498" a5="33.396332" a6="-170.514938" />
<external_axis />
</planned>
<actual>
<robot_axis a1="39.165638" a2="-113.370178" a3="146.287643" a4="169.291428" a5="33.481743" a6="-171.029602" />
<external_axis />
</actual>
<ipo_cycle>-249</ipo_cycle>
</value>
<value>
<planned>
<robot_axis a1="38.542534" a2="-112.839172" a3="145.473526" a4="168.087677" a5="33.311371" a6="-169.994431" />
<external_axis />
</planned>
<actual>
<robot_axis a1="38.848839" a2="-113.102676" a3="145.877304" a4="168.682144" a5="33.394936" a6="-170.506607" />
<external_axis />
</actual>
<ipo_cycle>-245</ipo_cycle>
</value>
<value>
<planned>
<robot_axis a1="38.233932" a2="-112.569740" a3="145.060104" a4="167.488297" a5="33.228184" a6="-169.476288" />
<external_axis />
</planned>
<actual>
<robot_axis a1="38.536098" a2="-112.834061" a3="145.465637" a4="168.076889" a5="33.310081" a6="-169.986465" />
<external_axis />
</actual>
<ipo_cycle>-241</ipo_cycle>
</value>
<value>
<planned>
<robot_axis a1="37.929352" a2="-112.299301" a3="144.645035" a4="166.893295" a5="33.146679" a6="-168.960464" />
<external_axis />
</planned>
<actual>
<robot_axis a1="38.227638" a2="-112.564568" a3="145.052155" a4="167.477097" a5="33.226913" a6="-169.468277" />
<external_axis />
</actual>
<ipo_cycle>-237</ipo_cycle>
</value>
<value>
<planned>
<robot_axis a1="37.628727" a2="-112.027878" a3="144.228317" a4="166.302582" a5="33.066761" a6="-168.446945" />
<external_axis />
</planned>
<actual>
<robot_axis a1="37.923176" a2="-112.294052" a3="144.637222" a4="166.882980" a5="33.145485" a6="-168.952377" />
<external_axis />
</actual>
<ipo_cycle>-233</ipo_cycle>
</value>
<value>
<planned>
<robot_axis a1="37.331997" a2="-111.755524" a3="143.809952" a4="165.716125" a5="32.988354" a6="-167.935684" />
<external_axis />
</planned>
<actual>
<robot_axis a1="37.622601" a2="-112.022736" a3="144.220215" a4="166.293259" a5="33.065559" a6="-168.438995" />
<external_axis />
</actual>
<ipo_cycle>-229</ipo_cycle>
</value>
<value>
<planned>
<robot_axis a1="37.039104" a2="-111.482262" a3="143.389954" a4="165.133820" a5="32.911366" a6="-167.426620" />
<external_axis />
</planned>
<actual>
<robot_axis a1="37.325954" a2="-111.750496" a3="143.802078" a4="165.708862" a5="32.987362" a6="-167.927734" />
<external_axis />
</actual>
<ipo_cycle>-225</ipo_cycle>
</value>
<value>
<planned>
<robot_axis a1="36.749992" a2="-111.208130" a3="142.968323" a4="164.555634" a5="32.835720" a6="-166.919739" />
<external_axis />
</planned>
<actual>
<robot_axis a1="37.033092" a2="-111.477036" a3="143.381821" a4="165.125610" a5="32.910442" a6="-167.418777" />
<external_axis />
</actual>
<ipo_cycle>-221</ipo_cycle>
</value>
<value>
<planned>
<robot_axis a1="36.464600" a2="-110.933167" a3="142.545074" a4="163.981461" a5="32.761345" a6="-166.414963" />
<external_axis />
</planned>
<actual>
<robot_axis a1="36.744072" a2="-111.202728" a3="142.960388" a4="164.546768" a5="32.834934" a6="-166.912048" />
<external_axis />
</actual>
<ipo_cycle>-217</ipo_cycle>
</value>
<value>
<planned>
<robot_axis a1="36.182869" a2="-110.657387" a3="142.120209" a4="163.411240" a5="32.688164" a6="-165.912262" />
<external_axis />
</planned>
<actual>
<robot_axis a1="36.458797" a2="-110.927612" a3="142.537064" a4="163.972092" a5="32.760239" a6="-166.407379" />
<external_axis />
</actual>
<ipo_cycle>-213</ipo_cycle>
</value>
<value>
<planned>
<robot_axis a1="35.904743" a2="-110.380829" a3="141.693756" a4="162.844879" a5="32.616116" a6="-165.411560" />
<external_axis />
</planned>
<actual>
<robot_axis a1="36.177006" a2="-110.651894" a3="142.112198" a4="163.401672" a5="32.687141" a6="-165.904465" />
<external_axis />
</actual>
<ipo_cycle>-209</ipo_cycle>
</value>
<value>
<planned>
<robot_axis a1="35.631275" a2="-110.104630" a3="141.267410" a4="162.284592" a5="32.545414" a6="-164.914825" />
<external_axis />
</planned>
<actual>
<robot_axis a1="35.898991" a2="-110.375343" a3="141.685669" a4="162.836288" a5="32.615238" a6="-165.403870" />
<external_axis />
</actual>
<ipo_cycle>-205</ipo_cycle>
</value>
<value>
<planned>
<robot_axis a1="35.382568" a2="-109.849709" a3="140.873505" a4="161.772003" a5="32.481201" a6="-164.459167" />
<external_axis />
</planned>
<actual>
<robot_axis a1="35.629688" a2="-110.100334" a3="141.263596" a4="162.275635" a5="32.544773" a6="-164.906876" />
<external_axis />
</actual>
<ipo_cycle>-201</ipo_cycle>
</value>
<value>
<planned>
<robot_axis a1="35.174881" a2="-109.634048" a3="140.539948" a4="161.341690" a5="32.427616" a6="-164.075729" />
<external_axis />
</planned>
<actual>
<robot_axis a1="35.385040" a2="-109.844788" a3="140.874557" a4="161.760239" a5="32.480297" a6="-164.450546" />
<external_axis />
</actual>
<ipo_cycle>-197</ipo_cycle>
</value>
<value>
<planned>
<robot_axis a1="34.972656" a2="-109.421600" a3="140.211044" a4="160.920670" a5="32.375458" a6="-163.699768" />
<external_axis />
</planned>
<actual>
<robot_axis a1="35.132717" a2="-109.582184" a3="140.467880" a4="161.236832" a5="32.415405" a6="-163.983963" />
<external_axis />
</actual>
<ipo_cycle>-192</ipo_cycle>
</value>
<value>
<planned>
<robot_axis a1="34.770489" a2="-109.206947" a3="139.878433" a4="160.498215" a5="32.323372" a6="-163.321609" />
<external_axis />
</planned>
<actual>
<robot_axis a1="34.880638" a2="-109.321312" a3="140.057877" a4="160.721954" a5="32.351318" a6="-163.521149" />
<external_axis />
</actual>
<ipo_cycle>-185</ipo_cycle>
</value>
<value>
<planned>
<robot_axis a1="34.514561" a2="-108.931244" a3="139.450729" a4="159.959549" a5="32.257298" a6="-162.838409" />
<external_axis />
</planned>
<actual>
<robot_axis a1="34.628483" a2="-109.059212" a3="139.643097" a4="160.210999" a5="32.287628" a6="-163.059418" />
<external_axis />
</actual>
<ipo_cycle>-176</ipo_cycle>
</value>
<value>
<planned>
<robot_axis a1="34.256149" a2="-108.648712" a3="139.011841" a4="159.412125" a5="32.190536" a6="-162.345901" />
<external_axis />
</planned>
<actual>
<robot_axis a1="34.405533" a2="-108.819466" a3="139.271011" a4="159.746628" a5="32.231216" a6="-162.645020" />
<external_axis />
</actual>
<ipo_cycle>-169</ipo_cycle>
</value>
<value>
<planned>
<robot_axis a1="34.013847" a2="-108.379829" a3="138.593628" a4="158.895630" a5="32.127712" a6="-161.880234" />
<external_axis />
</planned>
<actual>
<robot_axis a1="34.199810" a2="-108.594879" a3="138.921249" a4="159.313812" a5="32.178211" a6="-162.256943" />
<external_axis />
</actual>
<ipo_cycle>-164</ipo_cycle>
</value>
<value>
<planned>
<robot_axis a1="33.760185" a2="-108.094337" a3="138.148926" a4="158.351135" a5="32.061993" a6="-161.387497" />
<external_axis />
</planned>
<actual>
<robot_axis a1="33.957264" a2="-108.317268" a3="138.497345" a4="158.777222" a5="32.113438" a6="-161.775543" />
<external_axis />
</actual>
<ipo_cycle>-159</ipo_cycle>
</value>
<value>
<planned>
<robot_axis a1="33.531590" a2="-107.833344" a3="137.741821" a4="157.857330" a5="32.002541" a6="-160.939575" />
<external_axis />
</planned>
<actual>
<robot_axis a1="33.710514" a2="-108.032860" a3="138.060181" a4="158.233536" a5="32.048508" a6="-161.286057" />
<external_axis />
</actual>
<ipo_cycle>-154</ipo_cycle>
</value>
<value>
<planned>
<robot_axis a1="33.313118" a2="-107.580582" a3="137.347031" a4="157.382446" a5="31.945559" a6="-160.507721" />
<external_axis />
</planned>
<actual>
<robot_axis a1="33.454311" a2="-107.737022" a3="137.599991" a4="157.674011" a5="31.981066" a6="-160.776413" />
<external_axis />
</actual>
<ipo_cycle>-148</ipo_cycle>
</value>
<value>
<planned>
<robot_axis a1="33.049259" a2="-107.271210" a3="136.863113" a4="156.805649" a5="31.876574" a6="-159.981598" />
<external_axis />
</planned>
<actual>
<robot_axis a1="33.199905" a2="-107.455521" a3="137.144974" a4="157.153717" a5="31.917456" a6="-160.296600" />
<external_axis />
</actual>
<ipo_cycle>-141</ipo_cycle>
</value>
<value>
<planned>
<robot_axis a1="32.812485" a2="-106.989189" a3="136.421234" a4="156.283768" a5="31.814352" a6="-159.504242" />
<external_axis />
</planned>
<actual>
<robot_axis a1="32.995045" a2="-107.216553" a3="136.768555" a4="156.710190" a5="31.864113" a6="-159.889175" />
<external_axis />
</actual>
<ipo_cycle>-136</ipo_cycle>
</value>
<value>
<planned>
<robot_axis a1="32.537407" a2="-106.656433" a3="135.898987" a4="155.672775" a5="31.741713" a6="-158.943649" />
<external_axis />
</planned>
<actual>
<robot_axis a1="32.749603" a2="-106.921562" a3="136.308868" a4="156.165527" a5="31.799763" a6="-159.393509" />
<external_axis />
</actual>
<ipo_cycle>-131</ipo_cycle>
</value>
<value>
<planned>
<robot_axis a1="32.306412" a2="-106.372665" a3="135.452850" a4="155.155655" a5="31.680386" a6="-158.467743" />
<external_axis />
</planned>
<actual>
<robot_axis a1="32.530403" a2="-106.650902" a3="135.889008" a4="155.666428" a5="31.740980" a6="-158.937469" />
<external_axis />
</actual>
<ipo_cycle>-127</ipo_cycle>
</value>
<value>
<planned>
<robot_axis a1="32.077068" a2="-106.086922" a3="135.002884" a4="154.638443" a5="31.619169" a6="-157.990417" />
<external_axis />
</planned>
<actual>
<robot_axis a1="32.301075" a2="-106.365707" a3="135.444794" a4="155.145645" a5="31.679251" a6="-158.460571" />
<external_axis />
</actual>
<ipo_cycle>-123</ipo_cycle>
</value>
<value>
<planned>
<robot_axis a1="31.850512" a2="-105.800652" a3="134.551346" a4="154.123688" a5="31.558346" a6="-157.514008" />
<external_axis />
</planned>
<actual>
<robot_axis a1="32.071842" a2="-106.079216" a3="134.994629" a4="154.627365" a5="31.618305" a6="-157.983322" />
<external_axis />
</actual>
<ipo_cycle>-119</ipo_cycle>
</value>
<value>
<planned>
<robot_axis a1="31.626694" a2="-105.513855" a3="134.098206" a4="153.611298" a5="31.497892" a6="-157.038437" />
<external_axis />
</planned>
<actual>
<robot_axis a1="31.845339" a2="-105.793396" a3="134.543442" a4="154.114014" a5="31.557423" a6="-157.506821" />
<external_axis />
</actual>
<ipo_cycle>-115</ipo_cycle>
</value>
<value>
<planned>
<robot_axis a1="31.405575" a2="-105.226532" a3="133.643494" a4="153.101166" a5="31.437782" a6="-156.563644" />
<external_axis />
</planned>
<actual>
<robot_axis a1="31.621670" a2="-105.507469" a3="134.089813" a4="153.602417" a5="31.496891" a6="-157.031189" />
<external_axis />
</actual>
<ipo_cycle>-111</ipo_cycle>
</value>
<value>
<planned>
<robot_axis a1="31.187111" a2="-104.938698" a3="133.187180" a4="152.593231" a5="31.377993" a6="-156.089554" />
<external_axis />
</planned>
<actual>
<robot_axis a1="31.400644" a2="-105.220932" a3="133.634888" a4="153.093079" a5="31.437065" a6="-156.556656" />
<external_axis />
</actual>
<ipo_cycle>-107</ipo_cycle>
</value>
<value>
<planned>
<robot_axis a1="30.971264" a2="-104.650352" a3="132.729279" a4="152.087387" a5="31.318501" a6="-155.616089" />
<external_axis />
</planned>
<actual>
<robot_axis a1="31.182262" a2="-104.933403" a3="133.178726" a4="152.585419" a5="31.377333" a6="-156.082443" />
<external_axis />
</actual>
<ipo_cycle>-103</ipo_cycle>
</value>
<value>
<planned>
<robot_axis a1="30.757990" a2="-104.361488" a3="132.269760" a4="151.583542" a5="31.259289" a6="-155.143173" />
<external_axis />
</planned>
<actual>
<robot_axis a1="30.966396" a2="-104.645149" a3="132.720490" a4="152.079773" a5="31.317352" a6="-155.608704" />
<external_axis />
</actual>
<ipo_cycle>-99</ipo_cycle>
</value>
<value>
<planned>
<robot_axis a1="30.547249" a2="-104.072121" a3="131.808640" a4="151.081604" a5="31.200338" a6="-154.670731" />
<external_axis />
</planned>
<actual>
<robot_axis a1="30.753315" a2="-104.355835" a3="132.261200" a4="151.575485" a5="31.258436" a6="-155.135925" />
<external_axis />
</actual>
<ipo_cycle>-95</ipo_cycle>
</value>
<value>
<planned>
<robot_axis a1="30.339005" a2="-103.782249" a3="131.345917" a4="150.581512" a5="31.141632" a6="-154.198700" />
<external_axis />
</planned>
<actual>
<robot_axis a1="30.542534" a2="-104.066345" a3="131.799957" a4="151.075317" a5="31.199745" a6="-154.663513" />
<external_axis />
</actual>
<ipo_cycle>-91</ipo_cycle>
</value>
<value>
<planned>
<robot_axis a1="30.133215" a2="-103.491867" a3="130.881577" a4="150.083145" a5="31.083155" a6="-153.727005" />
<external_axis />
</planned>
<actual>
<robot_axis a1="30.334400" a2="-103.776566" a3="131.337173" a4="150.573944" a5="31.140917" a6="-154.191223" />
<external_axis />
</actual>
<ipo_cycle>-87</ipo_cycle>
</value>
<value>
<planned>
<robot_axis a1="29.879375" a2="-103.128181" a3="130.298859" a4="149.462509" a5="31.010359" a6="-153.137741" />
<external_axis />
</planned>
<actual>
<robot_axis a1="30.077681" a2="-103.413773" a3="130.756378" a4="149.949936" a5="31.067791" a6="-153.602051" />
<external_axis />
</actual>
<ipo_cycle>-82</ipo_cycle>
</value>
<value>
<planned>
<robot_axis a1="29.629240" a2="-102.763710" a3="129.713577" a4="148.844299" a5="30.937870" a6="-152.548737" />
<external_axis />
</planned>
<actual>
<robot_axis a1="29.824444" a2="-103.050331" a3="130.173309" a4="149.329254" a5="30.994600" a6="-153.012543" />
<external_axis />
</actual>
<ipo_cycle>-77</ipo_cycle>
</value>
<value>
<planned>
<robot_axis a1="29.382740" a2="-102.398445" a3="129.125748" a4="148.228317" a5="30.865673" a6="-151.959854" />
<external_axis />
</planned>
<actual>
<robot_axis a1="29.574997" a2="-102.685242" a3="129.587143" a4="148.710373" a5="30.922461" a6="-152.423523" />
<external_axis />
</actual>
<ipo_cycle>-72</ipo_cycle>
</value>
<value>
<planned>
<robot_axis a1="29.139803" a2="-102.032379" a3="128.535324" a4="147.614410" a5="30.793743" a6="-151.370956" />
<external_axis />
</planned>
<actual>
<robot_axis a1="29.329281" a2="-102.319366" a3="128.998962" a4="148.097290" a5="30.850571" a6="-151.835052" />
<external_axis />
</actual>
<ipo_cycle>-67</ipo_cycle>
</value>
<value>
<planned>
<robot_axis a1="28.900364" a2="-101.665520" a3="127.942299" a4="147.002426" a5="30.722067" a6="-150.781891" />
<external_axis />
</planned>
<actual>
<robot_axis a1="29.087143" a2="-101.953384" a3="128.408096" a4="147.486267" a5="30.778482" a6="-151.245895" />
<external_axis />
</actual>
<ipo_cycle>-62</ipo_cycle>
</value>
<value>
<planned>
<robot_axis a1="28.664354" a2="-101.297844" a3="127.346664" a4="146.392181" a5="30.650629" a6="-150.192520" />
<external_axis />
</planned>
<actual>
<robot_axis a1="28.848351" a2="-101.586121" a3="127.814758" a4="146.874176" a5="30.706583" a6="-150.656662" />
<external_axis />
</actual>
<ipo_cycle>-57</ipo_cycle>
</value>
<value>
<planned>
<robot_axis a1="28.431707" a2="-100.929359" a3="126.748383" a4="145.783524" a5="30.579420" a6="-149.602707" />
<external_axis />
</planned>
<actual>
<robot_axis a1="28.613087" a2="-101.218559" a3="127.218376" a4="146.263474" a5="30.635521" a6="-150.067535" />
<external_axis />
</actual>
<ipo_cycle>-52</ipo_cycle>
</value>
<value>
<planned>
<robot_axis a1="28.202362" a2="-100.560051" a3="126.147438" a4="145.176270" a5="30.508430" a6="-149.012299" />
<external_axis />
</planned>
<actual>
<robot_axis a1="28.381210" a2="-100.849876" a3="126.619537" a4="145.653549" a5="30.564487" a6="-149.477402" />
<external_axis />
</actual>
<ipo_cycle>-47</ipo_cycle>
</value>
<value>
<planned>
<robot_axis a1="27.976254" a2="-100.189911" a3="125.543816" a4="144.570282" a5="30.437654" a6="-148.421173" />
<external_axis />
</planned>
<actual>
<robot_axis a1="28.152605" a2="-100.480614" a3="126.018028" a4="145.047134" a5="30.493093" a6="-148.887039" />
<external_axis />
</actual>
<ipo_cycle>-42</ipo_cycle>
</value>
<value>
<planned>
<robot_axis a1="27.753323" a2="-99.818924" a3="124.937492" a4="143.965378" a5="30.367086" a6="-147.829193" />
<external_axis />
</planned>
<actual>
<robot_axis a1="27.927189" a2="-100.110115" a3="125.413834" a4="144.440948" a5="30.422623" a6="-148.295700" />
<external_axis />
</actual>
<ipo_cycle>-37</ipo_cycle>
</value>
<value>
<planned>
<robot_axis a1="27.533506" a2="-99.447083" a3="124.328430" a4="143.361420" a5="30.296728" a6="-147.236206" />
<external_axis />
</planned>
<actual>
<robot_axis a1="27.704969" a2="-99.739250" a3="124.806870" a4="143.836929" a5="30.352198" a6="-147.703445" />
<external_axis />
</actual>
<ipo_cycle>-32</ipo_cycle>
</value>
<value>
<planned>
<robot_axis a1="27.316750" a2="-99.074364" a3="123.716614" a4="142.758240" a5="30.226576" a6="-146.642075" />
<external_axis />
</planned>
<actual>
<robot_axis a1="27.485796" a2="-99.367218" a3="124.197174" a4="143.233810" a5="30.281590" a6="-147.110153" />
<external_axis />
</actual>
<ipo_cycle>-27</ipo_cycle>
</value>
<value>
<planned>
<robot_axis a1="27.117847" a2="-98.726929" a3="123.145096" a4="142.197800" a5="30.161518" a6="-146.088364" />
<external_axis />
</planned>
<actual>
<robot_axis a1="27.272377" a2="-98.994827" a3="123.587410" a4="142.630997" a5="30.211555" a6="-146.516220" />
<external_axis />
</actual>
<ipo_cycle>-22</ipo_cycle>
</value>
<value>
<planned>
<robot_axis a1="26.981310" a2="-98.485352" a3="122.747032" a4="141.809097" a5="30.116476" a6="-145.703369" />
<external_axis />
</planned>
<actual>
<robot_axis a1="27.094437" a2="-98.665100" a3="123.056358" a4="142.093704" a5="30.150110" a6="-145.987213" />
<external_axis />
</actual>
<ipo_cycle>-17</ipo_cycle>
</value>
<value>
<planned>
<robot_axis a1="26.899527" a2="-98.339432" a3="122.506325" a4="141.574677" a5="30.089348" a6="-145.470810" />
<external_axis />
</planned>
<actual>
<robot_axis a1="26.923065" a2="-98.362007" a3="122.550400" a4="141.603897" a5="30.093418" a6="-145.498291" />
<external_axis />
</actual>
<ipo_cycle>-8</ipo_cycle>
</value>
<value>
<planned>
<robot_axis a1="26.903418" a2="-96.999199" a3="124.659752" a4="144.786911" a5="32.694283" a6="-149.284760" />
<external_axis />
</planned>
<actual>
<robot_axis a1="26.899878" a2="-98.342712" a3="122.505722" a4="141.572525" a5="30.089458" a6="-145.466003" />
<external_axis />
</actual>
<ipo_cycle>0</ipo_cycle>
</value>
<syn_motion>
<program>CNCMOTION</program>
<line>83</line>
<name>MCS</name>
<base>
<pos x="1486.225952" y="-367.585999" z="-90.000000" a="-45.000000" b="0.000000" c="0.000000" /></base>
<tool>
<pos x="365.660004" y="0.000000" z="93.000000" a="0.000000" b="-90.000000" c="0.000000" /></tool>
<ipo_mode>base</ipo_mode>
<load>
<mass>18.000000</mass>
</load>
<bco_motion>FALSE</bco_motion>
<interrupt>FALSE</interrupt>
<motion_mode>STANDARD</motion_mode>
<ipo_cycle>0</ipo_cycle>
</syn_motion>
</poslog>
