<?xml-stylesheet href="poslog.xsl" type="text/xsl"?>
<poslog serialno="1074578" trafo="#KR250R2700_2 C4 FLR" date="JAN 31 2022" time="09:17:24" tick="522524880" timestamp="522477254" trigger="ERROR STOP">
<syn_motion>
<program>cncDoToolChange</program>
<line>51</line>
<name>XHomeToolChanger</name>
<base>
<pos x="1858.680054" y="122.529999" z="241.000000" a="45.000000" b="0.000000" c="0.000000" /></base>
<tool>
<pos x="301.660004" y="0.000000" z="93.000000" a="0.000000" b="-90.000000" c="0.000000" /></tool>
<ipo_mode>base</ipo_mode>
<load>
<mass>250.000000</mass>
</load>
<bco_motion>FALSE</bco_motion>
<interrupt>FALSE</interrupt>
<motion_mode>STANDARD</motion_mode>
<ipo_cycle>-4060</ipo_cycle>
</syn_motion>
<syn_motion>
<program>cncDoToolChange</program>
<line>122</line>
<name>XToolMagHover</name>
<base>
<pos x="1858.680054" y="122.529999" z="241.000000" a="45.000000" b="0.000000" c="0.000000" /></base>
<tool>
<pos x="301.660004" y="0.000000" z="93.000000" a="0.000000" b="-90.000000" c="0.000000" /></tool>
<ipo_mode>base</ipo_mode>
<load>
<mass>250.000000</mass>
</load>
<bco_motion>FALSE</bco_motion>
<interrupt>FALSE</interrupt>
<motion_mode>STANDARD</motion_mode>
<ipo_cycle>-3145</ipo_cycle>
</syn_motion>
<syn_motion>
<program>cncDoToolChange</program>
<line>122</line>
<name>XToolMagHover</name>
<base>
<pos x="1858.680054" y="122.529999" z="241.000000" a="45.000000" b="0.000000" c="0.000000" /></base>
<tool>
<pos x="301.660004" y="0.000000" z="93.000000" a="0.000000" b="-90.000000" c="0.000000" /></tool>
<ipo_mode>base</ipo_mode>
<load>
<mass>250.000000</mass>
</load>
<bco_motion>FALSE</bco_motion>
<interrupt>FALSE</interrupt>
<motion_mode>STANDARD</motion_mode>
<ipo_cycle>-3144</ipo_cycle>
</syn_motion>
<syn_motion>
<program>cncDoToolChange</program>
<line>127</line>
<name>XToolMagChange</name>
<base>
<pos x="1858.680054" y="122.529999" z="241.000000" a="45.000000" b="0.000000" c="0.000000" /></base>
<tool>
<pos x="301.660004" y="0.000000" z="93.000000" a="0.000000" b="-90.000000" c="0.000000" /></tool>
<ipo_mode>base</ipo_mode>
<load>
<mass>250.000000</mass>
</load>
<bco_motion>FALSE</bco_motion>
<interrupt>FALSE</interrupt>
<motion_mode>STANDARD</motion_mode>
<ipo_cycle>-2797</ipo_cycle>
</syn_motion>
<syn_motion>
<program>cncDoToolChange</program>
<line>127</line>
<name>XToolMagChange</name>
<base>
<pos x="1858.680054" y="122.529999" z="241.000000" a="45.000000" b="0.000000" c="0.000000" /></base>
<tool>
<pos x="301.660004" y="0.000000" z="93.000000" a="0.000000" b="-90.000000" c="0.000000" /></tool>
<ipo_mode>base</ipo_mode>
<load>
<mass>250.000000</mass>
</load>
<bco_motion>FALSE</bco_motion>
<interrupt>FALSE</interrupt>
<motion_mode>STANDARD</motion_mode>
<ipo_cycle>-2796</ipo_cycle>
</syn_motion>
<syn_motion>
<program>cncDoToolChange</program>
<line>130</line>
<name>XToolAirBlow</name>
<base>
<pos x="1858.680054" y="122.529999" z="241.000000" a="45.000000" b="0.000000" c="0.000000" /></base>
<tool>
<pos x="301.660004" y="0.000000" z="93.000000" a="0.000000" b="-90.000000" c="0.000000" /></tool>
<ipo_mode>base</ipo_mode>
<load>
<mass>250.000000</mass>
</load>
<bco_motion>FALSE</bco_motion>
<interrupt>FALSE</interrupt>
<motion_mode>STANDARD</motion_mode>
<ipo_cycle>-2644</ipo_cycle>
</syn_motion>
<syn_motion>
<program>cncDoToolChange</program>
<line>130</line>
<name>XToolAirBlow</name>
<base>
<pos x="1858.680054" y="122.529999" z="241.000000" a="45.000000" b="0.000000" c="0.000000" /></base>
<tool>
<pos x="301.660004" y="0.000000" z="93.000000" a="0.000000" b="-90.000000" c="0.000000" /></tool>
<ipo_mode>base</ipo_mode>
<load>
<mass>250.000000</mass>
</load>
<bco_motion>FALSE</bco_motion>
<interrupt>FALSE</interrupt>
<motion_mode>STANDARD</motion_mode>
<ipo_cycle>-2643</ipo_cycle>
</syn_motion>
<syn_motion>
<program>cncDoToolChange</program>
<line>137</line>
<name>XToolChangerPickup</name>
<base>
<pos x="1858.680054" y="122.529999" z="241.000000" a="45.000000" b="0.000000" c="0.000000" /></base>
<tool>
<pos x="301.660004" y="0.000000" z="93.000000" a="0.000000" b="-90.000000" c="0.000000" /></tool>
<ipo_mode>base</ipo_mode>
<load>
<mass>250.000000</mass>
</load>
<bco_motion>FALSE</bco_motion>
<interrupt>FALSE</interrupt>
<motion_mode>STANDARD</motion_mode>
<ipo_cycle>-2420</ipo_cycle>
</syn_motion>
<syn_motion>
<program>cncDoToolChange</program>
<line>137</line>
<name>XToolChangerPickup</name>
<base>
<pos x="1858.680054" y="122.529999" z="241.000000" a="45.000000" b="0.000000" c="0.000000" /></base>
<tool>
<pos x="301.660004" y="0.000000" z="93.000000" a="0.000000" b="-90.000000" c="0.000000" /></tool>
<ipo_mode>base</ipo_mode>
<load>
<mass>250.000000</mass>
</load>
<bco_motion>FALSE</bco_motion>
<interrupt>FALSE</interrupt>
<motion_mode>STANDARD</motion_mode>
<ipo_cycle>-2419</ipo_cycle>
</syn_motion>
<syn_motion>
<program>cncDoToolChange</program>
<line>147</line>
<name>XToolWaitEnter</name>
<base>
<pos x="1858.680054" y="122.529999" z="241.000000" a="45.000000" b="0.000000" c="0.000000" /></base>
<tool>
<pos x="301.660004" y="0.000000" z="93.000000" a="0.000000" b="-90.000000" c="0.000000" /></tool>
<ipo_mode>base</ipo_mode>
<load>
<mass>250.000000</mass>
</load>
<bco_motion>FALSE</bco_motion>
<interrupt>FALSE</interrupt>
<motion_mode>STANDARD</motion_mode>
<ipo_cycle>-2272</ipo_cycle>
</syn_motion>
<syn_motion>
<program>cncDoToolChange</program>
<line>147</line>
<name>XToolWaitEnter</name>
<base>
<pos x="1858.680054" y="122.529999" z="241.000000" a="45.000000" b="0.000000" c="0.000000" /></base>
<tool>
<pos x="301.660004" y="0.000000" z="93.000000" a="0.000000" b="-90.000000" c="0.000000" /></tool>
<ipo_mode>base</ipo_mode>
<load>
<mass>250.000000</mass>
</load>
<bco_motion>FALSE</bco_motion>
<interrupt>FALSE</interrupt>
<motion_mode>STANDARD</motion_mode>
<ipo_cycle>-2271</ipo_cycle>
</syn_motion>
<syn_motion>
<program>cncDoToolChange</program>
<line>158</line>
<name>XToolHover</name>
<base>
<pos x="1858.680054" y="122.529999" z="241.000000" a="45.000000" b="0.000000" c="0.000000" /></base>
<tool>
<pos x="365.660004" y="0.000000" z="93.000000" a="0.000000" b="-90.000000" c="0.000000" /></tool>
<ipo_mode>base</ipo_mode>
<load>
<mass>250.000000</mass>
</load>
<bco_motion>FALSE</bco_motion>
<interrupt>FALSE</interrupt>
<motion_mode>STANDARD</motion_mode>
<ipo_cycle>-1860</ipo_cycle>
</syn_motion>
<syn_motion>
<program>cncDoToolChange</program>
<line>158</line>
<name>XToolHover</name>
<base>
<pos x="1858.680054" y="122.529999" z="241.000000" a="45.000000" b="0.000000" c="0.000000" /></base>
<tool>
<pos x="365.660004" y="0.000000" z="93.000000" a="0.000000" b="-90.000000" c="0.000000" /></tool>
<ipo_mode>base</ipo_mode>
<load>
<mass>250.000000</mass>
</load>
<bco_motion>FALSE</bco_motion>
<interrupt>FALSE</interrupt>
<motion_mode>STANDARD</motion_mode>
<ipo_cycle>-1859</ipo_cycle>
</syn_motion>
<syn_motion>
<program>cncDoToolChange</program>
<line>79</line>
<name>XHomeToolChanger</name>
<base>
<pos x="1858.680054" y="122.529999" z="241.000000" a="45.000000" b="0.000000" c="0.000000" /></base>
<tool>
<pos x="365.660004" y="0.000000" z="93.000000" a="0.000000" b="-90.000000" c="0.000000" /></tool>
<ipo_mode>base</ipo_mode>
<load>
<mass>250.000000</mass>
</load>
<bco_motion>FALSE</bco_motion>
<interrupt>FALSE</interrupt>
<motion_mode>STANDARD</motion_mode>
<ipo_cycle>-1582</ipo_cycle>
</syn_motion>
<syn_motion>
<program>cncDoToolChange</program>
<line>79</line>
<name>XHomeToolChanger</name>
<base>
<pos x="1858.680054" y="122.529999" z="241.000000" a="45.000000" b="0.000000" c="0.000000" /></base>
<tool>
<pos x="365.660004" y="0.000000" z="93.000000" a="0.000000" b="-90.000000" c="0.000000" /></tool>
<ipo_mode>base</ipo_mode>
<load>
<mass>250.000000</mass>
</load>
<bco_motion>FALSE</bco_motion>
<interrupt>FALSE</interrupt>
<motion_mode>STANDARD</motion_mode>
<ipo_cycle>-1580</ipo_cycle>
</syn_motion>
<syn_motion>
<program>cncDoToolChange</program>
<line>90</line>
<name>cncLastHomePos</name>
<base>
<pos x="1486.225952" y="-367.585999" z="-90.000000" a="-45.000000" b="0.000000" c="0.000000" /></base>
<tool>
<pos x="365.660004" y="0.000000" z="93.000000" a="0.000000" b="-90.000000" c="0.000000" /></tool>
<ipo_mode>base</ipo_mode>
<load>
<mass>250.000000</mass>
</load>
<bco_motion>FALSE</bco_motion>
<interrupt>FALSE</interrupt>
<motion_mode>STANDARD</motion_mode>
<ipo_cycle>-1256</ipo_cycle>
</syn_motion>
<syn_motion>
<program>cncDoToolChange</program>
<line>90</line>
<name>cncLastHomePos</name>
<base>
<pos x="1486.225952" y="-367.585999" z="-90.000000" a="-45.000000" b="0.000000" c="0.000000" /></base>
<tool>
<pos x="365.660004" y="0.000000" z="93.000000" a="0.000000" b="-90.000000" c="0.000000" /></tool>
<ipo_mode>base</ipo_mode>
<load>
<mass>250.000000</mass>
</load>
<bco_motion>FALSE</bco_motion>
<interrupt>FALSE</interrupt>
<motion_mode>STANDARD</motion_mode>
<ipo_cycle>-1255</ipo_cycle>
</syn_motion>
<value>
<planned>
<robot_axis a1="44.540874" a2="-119.303574" a3="155.029449" a4="172.512268" a5="31.850304" a6="-171.652435" />
<external_axis />
</planned>
<actual>
<robot_axis a1="44.328144" a2="-119.316139" a3="155.020477" a4="171.709610" a5="31.546522" a6="-170.849838" />
<external_axis />
</actual>
<ipo_cycle>-420</ipo_cycle>
</value>
<value>
<planned>
<robot_axis a1="44.703472" a2="-119.294189" a3="155.036057" a4="173.124222" a5="32.081631" a6="-172.263626" />
<external_axis />
</planned>
<actual>
<robot_axis a1="44.490871" a2="-119.306953" a3="155.027985" a4="172.321564" a5="31.778051" a6="-171.461456" />
<external_axis />
</actual>
<ipo_cycle>-417</ipo_cycle>
</value>
<value>
<planned>
<robot_axis a1="44.866074" a2="-119.284813" a3="155.042679" a4="173.736160" a5="32.312958" a6="-172.874832" />
<external_axis />
</planned>
<actual>
<robot_axis a1="44.653362" a2="-119.296791" a3="155.035141" a4="172.933197" a5="32.009197" a6="-172.072281" />
<external_axis />
</actual>
<ipo_cycle>-414</ipo_cycle>
</value>
<value>
<planned>
<robot_axis a1="45.028675" a2="-119.275429" a3="155.049286" a4="174.348114" a5="32.544289" a6="-173.486023" />
<external_axis />
</planned>
<actual>
<robot_axis a1="44.815948" a2="-119.287117" a3="155.040512" a4="173.544678" a5="32.240620" a6="-172.683685" />
<external_axis />
</actual>
<ipo_cycle>-411</ipo_cycle>
</value>
<value>
<planned>
<robot_axis a1="45.191273" a2="-119.266052" a3="155.055893" a4="174.960052" a5="32.775616" a6="-174.097229" />
<external_axis />
</planned>
<actual>
<robot_axis a1="44.978611" a2="-119.278755" a3="155.047653" a4="174.156876" a5="32.471954" a6="-173.295013" />
<external_axis />
</actual>
<ipo_cycle>-408</ipo_cycle>
</value>
<value>
<planned>
<robot_axis a1="45.353874" a2="-119.256676" a3="155.062515" a4="175.572006" a5="33.006943" a6="-174.708435" />
<external_axis />
</planned>
<actual>
<robot_axis a1="45.141155" a2="-119.268242" a3="155.055771" a4="174.768082" a5="32.703194" a6="-173.905701" />
<external_axis />
</actual>
<ipo_cycle>-405</ipo_cycle>
</value>
<value>
<planned>
<robot_axis a1="45.516476" a2="-119.247292" a3="155.069122" a4="176.183945" a5="33.238270" a6="-175.319626" />
<external_axis />
</planned>
<actual>
<robot_axis a1="45.303822" a2="-119.259186" a3="155.060745" a4="175.380051" a5="32.934639" a6="-174.517395" />
<external_axis />
</actual>
<ipo_cycle>-402</ipo_cycle>
</value>
<value>
<planned>
<robot_axis a1="45.679077" a2="-119.237915" a3="155.075729" a4="176.795898" a5="33.469597" a6="-175.930832" />
<external_axis />
</planned>
<actual>
<robot_axis a1="45.466377" a2="-119.250061" a3="155.066971" a4="175.992752" a5="33.165970" a6="-175.128204" />
<external_axis />
</actual>
<ipo_cycle>-399</ipo_cycle>
</value>
<value>
<planned>
<robot_axis a1="45.841675" a2="-119.228531" a3="155.082352" a4="177.407837" a5="33.700924" a6="-176.542023" />
<external_axis />
</planned>
<actual>
<robot_axis a1="45.629047" a2="-119.241020" a3="155.074509" a4="176.605408" a5="33.397331" a6="-175.739532" />
<external_axis />
</actual>
<ipo_cycle>-396</ipo_cycle>
</value>
<value>
<planned>
<robot_axis a1="46.004276" a2="-119.219154" a3="155.088959" a4="178.019791" a5="33.932251" a6="-177.153229" />
<external_axis />
</planned>
<actual>
<robot_axis a1="45.791676" a2="-119.231293" a3="155.081924" a4="177.218216" a5="33.628437" a6="-176.350677" />
<external_axis />
</actual>
<ipo_cycle>-393</ipo_cycle>
</value>
<value>
<planned>
<robot_axis a1="46.166878" a2="-119.209770" a3="155.095566" a4="178.631729" a5="34.163578" a6="-177.764420" />
<external_axis />
</planned>
<actual>
<robot_axis a1="45.954247" a2="-119.221115" a3="155.086761" a4="177.828705" a5="33.859867" a6="-176.961716" />
<external_axis />
</actual>
<ipo_cycle>-390</ipo_cycle>
</value>
<value>
<planned>
<robot_axis a1="46.329479" a2="-119.200394" a3="155.102188" a4="179.243668" a5="34.394905" a6="-178.375626" />
<external_axis />
</planned>
<actual>
<robot_axis a1="46.116894" a2="-119.212364" a3="155.093124" a4="178.439835" a5="34.091240" a6="-177.573593" />
<external_axis />
</actual>
<ipo_cycle>-387</ipo_cycle>
</value>
<value>
<planned>
<robot_axis a1="46.492077" a2="-119.191010" a3="155.108795" a4="179.855621" a5="34.626232" a6="-178.986832" />
<external_axis />
</planned>
<actual>
<robot_axis a1="46.279369" a2="-119.203346" a3="155.101486" a4="179.051254" a5="34.322552" a6="-178.184250" />
<external_axis />
</actual>
<ipo_cycle>-384</ipo_cycle>
</value>
<value>
<planned>
<robot_axis a1="46.654678" a2="-119.181633" a3="155.115402" a4="180.467560" a5="34.857563" a6="-179.598022" />
<external_axis />
</planned>
<actual>
<robot_axis a1="46.442005" a2="-119.193336" a3="155.107330" a4="179.663696" a5="34.553890" a6="-178.795685" />
<external_axis />
</actual>
<ipo_cycle>-381</ipo_cycle>
</value>
<value>
<planned>
<robot_axis a1="46.817280" a2="-119.172249" a3="155.122025" a4="181.079514" a5="35.088890" a6="-180.209229" />
<external_axis />
</planned>
<actual>
<robot_axis a1="46.604786" a2="-119.184158" a3="155.113190" a4="180.276825" a5="34.785172" a6="-179.406509" />
<external_axis />
</actual>
<ipo_cycle>-378</ipo_cycle>
</value>
<value>
<planned>
<robot_axis a1="46.979881" a2="-119.162872" a3="155.128632" a4="181.691452" a5="35.320217" a6="-180.820419" />
<external_axis />
</planned>
<actual>
<robot_axis a1="46.767269" a2="-119.175117" a3="155.120651" a4="180.889389" a5="35.016525" a6="-180.017715" />
<external_axis />
</actual>
<ipo_cycle>-375</ipo_cycle>
</value>
<value>
<planned>
<robot_axis a1="47.142479" a2="-119.153488" a3="155.135254" a4="182.303406" a5="35.551544" a6="-181.431625" />
<external_axis />
</planned>
<actual>
<robot_axis a1="46.929821" a2="-119.165749" a3="155.128616" a4="181.500931" a5="35.247746" a6="-180.629364" />
<external_axis />
</actual>
<ipo_cycle>-372</ipo_cycle>
</value>
<value>
<planned>
<robot_axis a1="47.304432" a2="-119.144150" a3="155.141830" a4="182.912903" a5="35.781948" a6="-182.040390" />
<external_axis />
</planned>
<actual>
<robot_axis a1="47.092533" a2="-119.155457" a3="155.133301" a4="182.112411" a5="35.479137" a6="-181.240402" />
<external_axis />
</actual>
<ipo_cycle>-369</ipo_cycle>
</value>
<value>
<planned>
<robot_axis a1="47.450333" a2="-119.135727" a3="155.147766" a4="183.462006" a5="35.989521" a6="-182.588821" />
<external_axis />
</planned>
<actual>
<robot_axis a1="47.254932" a2="-119.146873" a3="155.140182" a4="182.723434" a5="35.710247" a6="-181.851318" />
<external_axis />
</actual>
<ipo_cycle>-366</ipo_cycle>
</value>
<value>
<planned>
<robot_axis a1="47.566460" a2="-119.129028" a3="155.152496" a4="183.899048" a5="36.154728" a6="-183.025330" />
<external_axis />
</planned>
<actual>
<robot_axis a1="47.409496" a2="-119.135239" a3="155.153412" a4="183.308685" a5="35.929131" a6="-182.432602" />
<external_axis />
</actual>
<ipo_cycle>-363</ipo_cycle>
</value>
<value>
<planned>
<robot_axis a1="47.673870" a2="-119.122833" a3="155.156860" a4="184.303284" a5="36.307541" a6="-183.429077" />
<external_axis />
</planned>
<actual>
<robot_axis a1="47.570671" a2="-119.124931" a3="155.157486" a4="183.919159" a5="36.158394" a6="-183.039200" />
<external_axis />
</actual>
<ipo_cycle>-359</ipo_cycle>
</value>
<value>
<planned>
<robot_axis a1="47.734009" a2="-119.119362" a3="155.159302" a4="184.529617" a5="36.393097" a6="-183.655136" />
<external_axis />
</planned>
<actual>
<robot_axis a1="47.709461" a2="-119.120178" a3="155.162231" a4="184.441589" a5="36.357002" a6="-183.563965" />
<external_axis />
</actual>
<ipo_cycle>-353</ipo_cycle>
</value>
<syn_motion>
<program>cncDoToolChange</program>
<line>98</line>
<name>cncLastAxPos</name>
<base>
<pos x="1486.225952" y="-367.585999" z="-90.000000" a="-45.000000" b="0.000000" c="0.000000" /></base>
<tool>
<pos x="365.660004" y="0.000000" z="93.000000" a="0.000000" b="-90.000000" c="0.000000" /></tool>
<ipo_mode>base</ipo_mode>
<load>
<mass>250.000000</mass>
</load>
<bco_motion>FALSE</bco_motion>
<interrupt>FALSE</interrupt>
<motion_mode>STANDARD</motion_mode>
<ipo_cycle>-345</ipo_cycle>
</syn_motion>
<syn_motion>
<program>cncDoToolChange</program>
<line>98</line>
<name>cncLastAxPos</name>
<base>
<pos x="1486.225952" y="-367.585999" z="-90.000000" a="-45.000000" b="0.000000" c="0.000000" /></base>
<tool>
<pos x="365.660004" y="0.000000" z="93.000000" a="0.000000" b="-90.000000" c="0.000000" /></tool>
<ipo_mode>base</ipo_mode>
<load>
<mass>250.000000</mass>
</load>
<bco_motion>FALSE</bco_motion>
<interrupt>FALSE</interrupt>
<motion_mode>STANDARD</motion_mode>
<ipo_cycle>-343</ipo_cycle>
</syn_motion>
<value>
<planned>
<robot_axis a1="47.394081" a2="-118.943077" a3="154.869980" a4="183.970032" a5="36.259983" a6="-183.208572" />
<external_axis />
</planned>
<actual>
<robot_axis a1="47.522175" a2="-119.009621" a3="154.979233" a4="184.206070" a5="36.314224" a6="-183.388336" />
<external_axis />
</actual>
<ipo_cycle>-321</ipo_cycle>
</value>
<value>
<planned>
<robot_axis a1="47.068233" a2="-118.770599" a3="154.588898" a4="183.428528" a5="36.134262" a6="-182.774597" />
<external_axis />
</planned>
<actual>
<robot_axis a1="47.288734" a2="-118.891701" a3="154.777664" a4="183.824905" a5="36.224663" a6="-183.087448" />
<external_axis />
</actual>
<ipo_cycle>-315</ipo_cycle>
</value>
<value>
<planned>
<robot_axis a1="46.762386" a2="-118.605453" a3="154.321320" a4="182.917374" a5="36.017944" a6="-182.363739" />
<external_axis />
</planned>
<actual>
<robot_axis a1="47.052620" a2="-118.766273" a3="154.573914" a4="183.428452" a5="36.133156" a6="-182.772156" />
<external_axis />
</actual>
<ipo_cycle>-311</ipo_cycle>
</value>
<value>
<planned>
<robot_axis a1="46.389748" a2="-118.399948" a3="153.990265" a4="182.290817" a5="35.878403" a6="-181.858551" />
<external_axis />
</planned>
<actual>
<robot_axis a1="46.745922" a2="-118.599297" a3="154.306229" a4="182.911270" a5="36.016098" a6="-182.359665" />
<external_axis />
</actual>
<ipo_cycle>-307</ipo_cycle>
</value>
<value>
<planned>
<robot_axis a1="46.084690" a2="-118.228180" a3="153.715057" a4="181.774811" a5="35.765919" a6="-181.441223" />
<external_axis />
</planned>
<actual>
<robot_axis a1="46.472900" a2="-118.448418" a3="154.064362" a4="182.448425" a5="35.913090" a6="-181.987244" />
<external_axis />
</actual>
<ipo_cycle>-304</ipo_cycle>
</value>
<value>
<planned>
<robot_axis a1="45.777386" a2="-118.051903" a3="153.433929" a4="181.252197" a5="35.654167" a6="-181.017410" />
<external_axis />
</planned>
<actual>
<robot_axis a1="46.176479" a2="-118.279640" a3="153.799057" a4="181.936127" a5="35.801643" a6="-181.574921" />
<external_axis />
</actual>
<ipo_cycle>-301</ipo_cycle>
</value>
<value>
<planned>
<robot_axis a1="45.473114" a2="-117.874123" a3="153.151611" a4="180.731995" a5="35.545040" a6="-180.594421" />
<external_axis />
</planned>
<actual>
<robot_axis a1="45.871040" a2="-118.103683" a3="153.520920" a4="181.408920" a5="35.689068" a6="-181.150085" />
<external_axis />
</actual>
<ipo_cycle>-298</ipo_cycle>
</value>
<value>
<planned>
<robot_axis a1="45.171875" a2="-117.694916" a3="152.868179" a4="180.214294" a5="35.438461" a6="-180.172318" />
<external_axis />
</planned>
<actual>
<robot_axis a1="45.565804" a2="-117.925636" a3="153.238495" a4="180.886749" a5="35.578987" a6="-180.726608" />
<external_axis />
</actual>
<ipo_cycle>-295</ipo_cycle>
</value>
<value>
<planned>
<robot_axis a1="44.873650" a2="-117.514336" a3="152.583618" a4="179.699081" a5="35.334351" a6="-179.751144" />
<external_axis />
</planned>
<actual>
<robot_axis a1="45.263668" a2="-117.747192" a3="152.955383" a4="180.370422" a5="35.471630" a6="-180.304199" />
<external_axis />
</actual>
<ipo_cycle>-292</ipo_cycle>
</value>
<value>
<planned>
<robot_axis a1="44.578396" a2="-117.332428" a3="152.297958" a4="179.186539" a5="35.232632" a6="-179.331100" />
<external_axis />
</planned>
<actual>
<robot_axis a1="44.964592" a2="-117.567520" a3="152.670883" a4="179.856293" a5="35.366657" a6="-179.882889" />
<external_axis />
</actual>
<ipo_cycle>-289</ipo_cycle>
</value>
<value>
<planned>
<robot_axis a1="44.286095" a2="-117.149246" a3="152.011200" a4="178.676437" a5="35.133224" a6="-178.912109" />
<external_axis />
</planned>
<actual>
<robot_axis a1="44.668800" a2="-117.386955" a3="152.385712" a4="179.344009" a5="35.264198" a6="-179.462341" />
<external_axis />
</actual>
<ipo_cycle>-286</ipo_cycle>
</value>
<value>
<planned>
<robot_axis a1="43.996719" a2="-116.964821" a3="151.723358" a4="178.168976" a5="35.036053" a6="-178.494110" />
<external_axis />
</planned>
<actual>
<robot_axis a1="44.375622" a2="-117.204834" a3="152.099426" a4="178.835007" a5="35.163769" a6="-179.042953" />
<external_axis />
</actual>
<ipo_cycle>-283</ipo_cycle>
</value>
<value>
<planned>
<robot_axis a1="43.710232" a2="-116.779213" a3="151.434433" a4="177.664108" a5="34.941044" a6="-178.077316" />
<external_axis />
</planned>
<actual>
<robot_axis a1="44.085426" a2="-117.021049" a3="151.811890" a4="178.326431" a5="35.066120" a6="-178.624481" />
<external_axis />
</actual>
<ipo_cycle>-280</ipo_cycle>
</value>
<value>
<planned>
<robot_axis a1="43.426605" a2="-116.592453" a3="151.144440" a4="177.161865" a5="34.848125" a6="-177.661713" />
<external_axis />
</planned>
<actual>
<robot_axis a1="43.798046" a2="-116.836037" a3="151.523209" a4="177.820236" a5="34.970505" a6="-178.207382" />
<external_axis />
</actual>
<ipo_cycle>-277</ipo_cycle>
</value>
<value>
<planned>
<robot_axis a1="43.145813" a2="-116.404587" a3="150.853378" a4="176.662262" a5="34.757225" a6="-177.247314" />
<external_axis />
</planned>
<actual>
<robot_axis a1="43.513477" a2="-116.649742" a3="151.233627" a4="177.316513" a5="34.876789" a6="-177.791763" />
<external_axis />
</actual>
<ipo_cycle>-274</ipo_cycle>
</value>
<value>
<planned>
<robot_axis a1="42.867828" a2="-116.215652" a3="150.561264" a4="176.165314" a5="34.668278" a6="-176.834167" />
<external_axis />
</planned>
<actual>
<robot_axis a1="43.231853" a2="-116.462288" a3="150.943024" a4="176.814972" a5="34.785278" a6="-177.376709" />
<external_axis />
</actual>
<ipo_cycle>-271</ipo_cycle>
</value>
<value>
<planned>
<robot_axis a1="42.501492" a2="-115.962135" a3="150.170166" a4="175.506866" a5="34.552597" a6="-176.285263" />
<external_axis />
</planned>
<actual>
<robot_axis a1="42.860538" a2="-116.210709" a3="150.553726" a4="176.153305" a5="34.666317" a6="-176.825729" />
<external_axis />
</actual>
<ipo_cycle>-267</ipo_cycle>
</value>
<value>
<planned>
<robot_axis a1="42.140118" a2="-115.706863" a3="149.777222" a4="174.853317" a5="34.440102" a6="-175.739014" />
<external_axis />
</planned>
<actual>
<robot_axis a1="42.494316" a2="-115.957138" a3="150.162613" a4="175.496201" a5="34.550777" a6="-176.276672" />
<external_axis />
</actual>
<ipo_cycle>-263</ipo_cycle>
</value>
<value>
<planned>
<robot_axis a1="41.783356" a2="-115.449928" a3="149.382462" a4="174.204193" a5="34.330677" a6="-175.194458" />
<external_axis />
</planned>
<actual>
<robot_axis a1="42.132927" a2="-115.702087" a3="149.769745" a4="174.844650" a5="34.438431" a6="-175.730255" />
<external_axis />
</actual>
<ipo_cycle>-259</ipo_cycle>
</value>
<value>
<planned>
<robot_axis a1="41.431416" a2="-115.191399" a3="148.985901" a4="173.559982" a5="34.224140" a6="-174.652603" />
<external_axis />
</planned>
<actual>
<robot_axis a1="41.776379" a2="-115.445061" a3="149.374710" a4="174.194763" a5="34.328884" a6="-175.186035" />
<external_axis />
</actual>
<ipo_cycle>-255</ipo_cycle>
</value>
<value>
<planned>
<robot_axis a1="41.084137" a2="-114.931343" a3="148.587540" a4="172.920502" a5="34.120365" a6="-174.113159" />
<external_axis />
</planned>
<actual>
<robot_axis a1="41.424416" a2="-115.186676" a3="148.978302" a4="173.549652" a5="34.222427" a6="-174.644211" />
<external_axis />
</actual>
<ipo_cycle>-251</ipo_cycle>
</value>
<value>
<planned>
<robot_axis a1="40.741459" a2="-114.669830" a3="148.187424" a4="172.285736" a5="34.019222" a6="-173.576157" />
<external_axis />
</planned>
<actual>
<robot_axis a1="41.077267" a2="-114.926414" a3="148.579987" a4="172.910355" a5="34.119011" a6="-174.104797" />
<external_axis />
</actual>
<ipo_cycle>-247</ipo_cycle>
</value>
<value>
<planned>
<robot_axis a1="40.403309" a2="-114.406921" a3="147.785538" a4="171.655655" a5="33.920586" a6="-173.041580" />
<external_axis />
</planned>
<actual>
<robot_axis a1="40.734688" a2="-114.664970" a3="148.179749" a4="172.274933" a5="34.017872" a6="-173.567673" />
<external_axis />
</actual>
<ipo_cycle>-243</ipo_cycle>
</value>
<value>
<planned>
<robot_axis a1="40.069618" a2="-114.142693" a3="147.381912" a4="171.030243" a5="33.824322" a6="-172.509445" />
<external_axis />
</planned>
<actual>
<robot_axis a1="40.396633" a2="-114.401802" a3="147.778061" a4="171.645279" a5="33.919052" a6="-173.032990" />
<external_axis />
</actual>
<ipo_cycle>-239</ipo_cycle>
</value>
<value>
<planned>
<robot_axis a1="39.740330" a2="-113.877190" a3="146.976563" a4="170.409454" a5="33.730320" a6="-171.979752" />
<external_axis />
</planned>
<actual>
<robot_axis a1="40.062973" a2="-114.137436" a3="147.374359" a4="171.020218" a5="33.822842" a6="-172.501022" />
<external_axis />
</actual>
<ipo_cycle>-235</ipo_cycle>
</value>
<value>
<planned>
<robot_axis a1="39.415375" a2="-113.610466" a3="146.569489" a4="169.793243" a5="33.638466" a6="-171.452484" />
<external_axis />
</planned>
<actual>
<robot_axis a1="39.733761" a2="-113.872185" a3="146.968781" a4="170.399460" a5="33.728741" a6="-171.971909" />
<external_axis />
</actual>
<ipo_cycle>-231</ipo_cycle>
</value>
<value>
<planned>
<robot_axis a1="39.094685" a2="-113.342575" a3="146.160721" a4="169.181580" a5="33.548645" a6="-170.927628" />
<external_axis />
</planned>
<actual>
<robot_axis a1="39.408974" a2="-113.605835" a3="146.561813" a4="169.783737" a5="33.637276" a6="-171.444336" />
<external_axis />
</actual>
<ipo_cycle>-227</ipo_cycle>
</value>
<value>
<planned>
<robot_axis a1="38.778202" a2="-113.073570" a3="145.750244" a4="168.574402" a5="33.460758" a6="-170.405167" />
<external_axis />
</planned>
<actual>
<robot_axis a1="39.088169" a2="-113.337891" a3="146.152878" a4="169.172775" a5="33.546814" a6="-170.919327" />
<external_axis />
</actual>
<ipo_cycle>-223</ipo_cycle>
</value>
<value>
<planned>
<robot_axis a1="38.465858" a2="-112.803490" a3="145.338104" a4="167.971664" a5="33.374699" a6="-169.885071" />
<external_axis />
</planned>
<actual>
<robot_axis a1="38.771683" a2="-113.068535" a3="145.742462" a4="168.564835" a5="33.459393" a6="-170.397018" />
<external_axis />
</actual>
<ipo_cycle>-219</ipo_cycle>
</value>
<value>
<planned>
<robot_axis a1="38.157593" a2="-112.532387" a3="144.924286" a4="167.373291" a5="33.290379" a6="-169.367325" />
<external_axis />
</planned>
<actual>
<robot_axis a1="38.459599" a2="-112.798004" a3="145.330124" a4="167.960556" a5="33.373474" a6="-169.876999" />
<external_axis />
</actual>
<ipo_cycle>-215</ipo_cycle>
</value>
<value>
<planned>
<robot_axis a1="37.853344" a2="-112.260300" a3="144.508804" a4="166.779236" a5="33.207695" a6="-168.851868" />
<external_axis />
</planned>
<actual>
<robot_axis a1="38.151340" a2="-112.527023" a3="144.916428" a4="167.361954" a5="33.289135" a6="-169.359299" />
<external_axis />
</actual>
<ipo_cycle>-211</ipo_cycle>
</value>
<value>
<planned>
<robot_axis a1="37.553055" a2="-111.987259" a3="144.091660" a4="166.189438" a5="33.126564" a6="-168.338684" />
<external_axis />
</planned>
<actual>
<robot_axis a1="37.847218" a2="-112.255180" a3="144.500809" a4="166.769043" a5="33.206497" a6="-168.843948" />
<external_axis />
</actual>
<ipo_cycle>-207</ipo_cycle>
</value>
<value>
<planned>
<robot_axis a1="37.256657" a2="-111.713303" a3="143.672882" a4="165.603806" a5="33.046906" a6="-167.827713" />
<external_axis />
</planned>
<actual>
<robot_axis a1="37.546844" a2="-111.982460" a3="144.083725" a4="166.180725" a5="33.125454" a6="-168.330795" />
<external_axis />
</actual>
<ipo_cycle>-203</ipo_cycle>
</value>
<value>
<planned>
<robot_axis a1="36.964092" a2="-111.438477" a3="143.252472" a4="165.022293" a5="32.968632" a6="-167.318924" />
<external_axis />
</planned>
<actual>
<robot_axis a1="37.250568" a2="-111.708145" a3="143.665024" a4="165.597153" a5="33.045704" a6="-167.819916" />
<external_axis />
</actual>
<ipo_cycle>-199</ipo_cycle>
</value>
<value>
<planned>
<robot_axis a1="36.675308" a2="-111.162804" a3="142.830414" a4="164.444809" a5="32.891666" a6="-166.812271" />
<external_axis />
</planned>
<actual>
<robot_axis a1="36.958031" a2="-111.433167" a3="143.244446" a4="165.013885" a5="32.967758" a6="-167.310837" />
<external_axis />
</actual>
<ipo_cycle>-195</ipo_cycle>
</value>
<value>
<planned>
<robot_axis a1="36.390240" a2="-110.886314" a3="142.406754" a4="163.871292" a5="32.815937" a6="-166.307693" />
<external_axis />
</planned>
<actual>
<robot_axis a1="36.669350" a2="-111.157410" a3="142.822266" a4="164.435516" a5="32.890747" a6="-166.804764" />
<external_axis />
</actual>
<ipo_cycle>-191</ipo_cycle>
</value>
<value>
<planned>
<robot_axis a1="36.108833" a2="-110.609039" a3="141.981461" a4="163.301651" a5="32.741375" a6="-165.805145" />
<external_axis />
</planned>
<actual>
<robot_axis a1="36.384453" a2="-110.880882" a3="142.398590" a4="163.861969" a5="32.815083" a6="-166.299759" />
<external_axis />
</actual>
<ipo_cycle>-187</ipo_cycle>
</value>
<value>
<planned>
<robot_axis a1="35.831028" a2="-110.331001" a3="141.554565" a4="162.735825" a5="32.667912" a6="-165.304550" />
<external_axis />
</planned>
<actual>
<robot_axis a1="36.103039" a2="-110.603485" a3="141.973373" a4="163.292206" a5="32.740135" a6="-165.797516" />
<external_axis />
</actual>
<ipo_cycle>-183</ipo_cycle>
</value>
<value>
<planned>
<robot_axis a1="35.556774" a2="-110.052231" a3="141.126053" a4="162.173706" a5="32.595482" a6="-164.805878" />
<external_axis />
</planned>
<actual>
<robot_axis a1="35.825184" a2="-110.325623" a3="141.546600" a4="162.727158" a5="32.666771" a6="-165.296906" />
<external_axis />
</actual>
<ipo_cycle>-179</ipo_cycle>
</value>
<value>
<planned>
<robot_axis a1="35.286011" a2="-109.772751" a3="140.695953" a4="161.615234" a5="32.524029" a6="-164.309036" />
<external_axis />
</planned>
<actual>
<robot_axis a1="35.551014" a2="-110.046814" a3="141.117920" a4="162.164795" a5="32.594559" a6="-164.797958" />
<external_axis />
</actual>
<ipo_cycle>-175</ipo_cycle>
</value>
<value>
<planned>
<robot_axis a1="35.018684" a2="-109.492577" a3="140.264252" a4="161.060318" a5="32.453487" a6="-163.813995" />
<external_axis />
</planned>
<actual>
<robot_axis a1="35.280239" a2="-109.767311" a3="140.687653" a4="161.606339" a5="32.523403" a6="-164.301239" />
<external_axis />
</actual>
<ipo_cycle>-171</ipo_cycle>
</value>
<value>
<planned>
<robot_axis a1="34.754539" a2="-109.211731" a3="139.830948" a4="160.508926" a5="32.383812" a6="-163.320633" />
<external_axis />
</planned>
<actual>
<robot_axis a1="35.013008" a2="-109.487083" a3="140.256088" a4="161.051605" a5="32.452202" a6="-163.806091" />
<external_axis />
</actual>
<ipo_cycle>-167</ipo_cycle>
</value>
<value>
<planned>
<robot_axis a1="34.494007" a2="-108.930237" a3="139.396057" a4="159.960831" a5="32.314941" a6="-162.828979" />
<external_axis />
</planned>
<actual>
<robot_axis a1="34.749100" a2="-109.206284" a3="139.822617" a4="160.500732" a5="32.383003" a6="-163.312683" />
<external_axis />
</actual>
<ipo_cycle>-163</ipo_cycle>
</value>
<value>
<planned>
<robot_axis a1="34.236748" a2="-108.648109" a3="138.959579" a4="159.416016" a5="32.246834" a6="-162.338867" />
<external_axis />
</planned>
<actual>
<robot_axis a1="34.488468" a2="-108.924568" a3="139.387772" a4="159.953796" a5="32.314117" a6="-162.821503" />
<external_axis />
</actual>
<ipo_cycle>-159</ipo_cycle>
</value>
<value>
<planned>
<robot_axis a1="33.982773" a2="-108.365364" a3="138.521515" a4="158.874649" a5="32.179337" a6="-161.850784" />
<external_axis />
</planned>
<actual>
<robot_axis a1="34.231293" a2="-108.642639" a3="138.951538" a4="159.407486" a5="32.245693" a6="-162.331589" />
<external_axis />
</actual>
<ipo_cycle>-155</ipo_cycle>
</value>
<value>
<planned>
<robot_axis a1="33.731873" a2="-108.082016" a3="138.081863" a4="158.335968" a5="32.112686" a6="-161.363251" />
<external_axis />
</planned>
<actual>
<robot_axis a1="33.977448" a2="-108.359947" a3="138.513153" a4="158.864899" a5="32.178402" a6="-161.843262" />
<external_axis />
</actual>
<ipo_cycle>-151</ipo_cycle>
</value>
<value>
<planned>
<robot_axis a1="33.484142" a2="-107.798080" a3="137.640625" a4="157.800522" a5="32.046574" a6="-160.877533" />
<external_axis />
</planned>
<actual>
<robot_axis a1="33.726513" a2="-108.076805" a3="138.073654" a4="158.325333" a5="32.111359" a6="-161.355911" />
<external_axis />
</actual>
<ipo_cycle>-147</ipo_cycle>
</value>
<value>
<planned>
<robot_axis a1="33.239262" a2="-107.513565" a3="137.197800" a4="157.268082" a5="31.981054" a6="-160.393097" />
<external_axis />
</planned>
<actual>
<robot_axis a1="33.478832" a2="-107.792671" a3="137.632095" a4="157.789825" a5="32.045849" a6="-160.869980" />
<external_axis />
</actual>
<ipo_cycle>-143</ipo_cycle>
</value>
<value>
<planned>
<robot_axis a1="32.997574" a2="-107.228485" a3="136.753403" a4="156.738449" a5="31.916077" a6="-159.909912" />
<external_axis />
</planned>
<actual>
<robot_axis a1="33.234249" a2="-107.508003" a3="137.189606" a4="157.259140" a5="31.979712" a6="-160.385483" />
<external_axis />
</actual>
<ipo_cycle>-139</ipo_cycle>
</value>
<value>
<planned>
<robot_axis a1="32.758865" a2="-106.942856" a3="136.307404" a4="156.211563" a5="31.851612" a6="-159.427902" />
<external_axis />
</planned>
<actual>
<robot_axis a1="32.992413" a2="-107.222870" a3="136.745102" a4="156.731995" a5="31.914944" a6="-159.902267" />
<external_axis />
</actual>
<ipo_cycle>-135</ipo_cycle>
</value>
<value>
<planned>
<robot_axis a1="32.523098" a2="-106.656677" a3="135.859833" a4="155.687363" a5="31.787626" a6="-158.946976" />
<external_axis />
</planned>
<actual>
<robot_axis a1="32.753727" a2="-106.937515" a3="136.298996" a4="156.204956" a5="31.850424" a6="-159.420486" />
<external_axis />
</actual>
<ipo_cycle>-131</ipo_cycle>
</value>
<value>
<planned>
<robot_axis a1="32.290218" a2="-106.369965" a3="135.410675" a4="155.165726" a5="31.724087" a6="-158.467072" />
<external_axis />
</planned>
<actual>
<robot_axis a1="32.518120" a2="-106.651680" a3="135.851364" a4="155.679626" a5="31.786495" a6="-158.939392" />
<external_axis />
</actual>
<ipo_cycle>-127</ipo_cycle>
</value>
<value>
<planned>
<robot_axis a1="32.060181" a2="-106.082718" a3="134.959915" a4="154.646561" a5="31.660965" a6="-157.988113" />
<external_axis />
</planned>
<actual>
<robot_axis a1="32.285103" a2="-106.364685" a3="135.402054" a4="155.157318" a5="31.723413" a6="-158.459503" />
<external_axis />
</actual>
<ipo_cycle>-123</ipo_cycle>
</value>
<value>
<planned>
<robot_axis a1="31.832947" a2="-105.794952" a3="134.507568" a4="154.129807" a5="31.598234" a6="-157.510025" />
<external_axis />
</planned>
<actual>
<robot_axis a1="32.055153" a2="-106.077019" a3="134.951599" a4="154.637466" a5="31.659771" a6="-157.980988" />
<external_axis />
</actual>
<ipo_cycle>-119</ipo_cycle>
</value>
<value>
<planned>
<robot_axis a1="31.608467" a2="-105.506668" a3="134.053635" a4="153.615356" a5="31.535866" a6="-157.032745" />
<external_axis />
</planned>
<actual>
<robot_axis a1="31.828011" a2="-105.789131" a3="134.499084" a4="154.121597" a5="31.597521" a6="-157.502838" />
<external_axis />
</actual>
<ipo_cycle>-115</ipo_cycle>
</value>
<value>
<planned>
<robot_axis a1="31.386702" a2="-105.217880" a3="133.598099" a4="153.103119" a5="31.473841" a6="-156.556183" />
<external_axis />
</planned>
<actual>
<robot_axis a1="31.603577" a2="-105.501060" a3="134.045105" a4="153.607224" a5="31.534967" a6="-157.025543" />
<external_axis />
</actual>
<ipo_cycle>-111</ipo_cycle>
</value>
<value>
<planned>
<robot_axis a1="31.167606" a2="-104.928581" a3="133.140961" a4="152.593018" a5="31.412130" a6="-156.080261" />
<external_axis />
</planned>
<actual>
<robot_axis a1="31.381834" a2="-105.212502" a3="133.589615" a4="153.095108" a5="31.472769" a6="-156.549133" />
<external_axis />
</actual>
<ipo_cycle>-107</ipo_cycle>
</value>
<value>
<planned>
<robot_axis a1="30.951141" a2="-104.638771" a3="132.682220" a4="152.084930" a5="31.350719" a6="-155.604935" />
<external_axis />
</planned>
<actual>
<robot_axis a1="31.162647" a2="-104.923149" a3="133.132401" a4="152.585266" a5="31.411398" a6="-156.072922" />
<external_axis />
</actual>
<ipo_cycle>-103</ipo_cycle>
</value>
<value>
<planned>
<robot_axis a1="30.737265" a2="-104.348473" a3="132.221863" a4="151.578796" a5="31.289585" a6="-155.130096" />
<external_axis />
</planned>
<actual>
<robot_axis a1="30.946297" a2="-104.633293" a3="132.673569" a4="152.077560" a5="31.349924" a6="-155.597443" />
<external_axis />
</actual>
<ipo_cycle>-99</ipo_cycle>
</value>
<value>
<planned>
<robot_axis a1="30.525934" a2="-104.057663" a3="131.759903" a4="151.074524" a5="31.228712" a6="-154.655670" />
<external_axis />
</planned>
<actual>
<robot_axis a1="30.732468" a2="-104.342857" a3="132.213135" a4="151.570969" a5="31.288536" a6="-155.122665" />
<external_axis />
</actual>
<ipo_cycle>-95</ipo_cycle>
</value>
<value>
<planned>
<robot_axis a1="30.317112" a2="-103.766365" a3="131.296310" a4="150.572006" a5="31.168081" a6="-154.181610" />
<external_axis />
</planned>
<actual>
<robot_axis a1="30.521173" a2="-104.052025" a3="131.751190" a4="151.068344" a5="31.228045" a6="-154.648224" />
<external_axis />
</actual>
<ipo_cycle>-91</ipo_cycle>
</value>
<value>
<planned>
<robot_axis a1="30.110760" a2="-103.474564" a3="130.831085" a4="150.071167" a5="31.107679" a6="-153.707825" />
<external_axis />
</planned>
<actual>
<robot_axis a1="30.312445" a2="-103.760811" a3="131.287628" a4="150.564941" a5="31.167356" a6="-154.174149" />
<external_axis />
</actual>
<ipo_cycle>-87</ipo_cycle>
</value>
<value>
<planned>
<robot_axis a1="29.906837" a2="-103.182266" a3="130.364243" a4="149.571915" a5="31.047493" a6="-153.234253" />
<external_axis />
</planned>
<actual>
<robot_axis a1="30.106001" a2="-103.469109" a3="130.822464" a4="150.062958" a5="31.106888" a6="-153.700470" />
<external_axis />
</actual>
<ipo_cycle>-83</ipo_cycle>
</value>
<value>
<planned>
<robot_axis a1="29.655298" a2="-102.816200" a3="129.778366" a4="148.949951" a5="30.972546" a6="-152.642441" />
<external_axis />
</planned>
<actual>
<robot_axis a1="29.851566" a2="-103.103729" a3="130.238647" a4="149.438538" a5="31.031654" a6="-153.108597" />
<external_axis />
</actual>
<ipo_cycle>-78</ipo_cycle>
</value>
<value>
<planned>
<robot_axis a1="29.407425" a2="-102.449356" a3="129.189911" a4="148.330170" a5="30.897892" a6="-152.050690" />
<external_axis />
</planned>
<actual>
<robot_axis a1="29.600939" a2="-102.737328" a3="129.652084" a4="148.815323" a5="30.957052" a6="-152.516693" />
<external_axis />
</actual>
<ipo_cycle>-73</ipo_cycle>
</value>
<value>
<planned>
<robot_axis a1="29.163147" a2="-102.081718" a3="128.598862" a4="147.712387" a5="30.823519" a6="-151.458847" />
<external_axis />
</planned>
<actual>
<robot_axis a1="29.353813" a2="-102.370224" a3="129.063217" a4="148.197830" a5="30.882177" a6="-151.925018" />
<external_axis />
</actual>
<ipo_cycle>-68</ipo_cycle>
</value>
<value>
<planned>
<robot_axis a1="28.922400" a2="-101.713303" a3="128.005203" a4="147.096451" a5="30.749405" a6="-150.866776" />
<external_axis />
</planned>
<actual>
<robot_axis a1="29.110266" a2="-102.002357" a3="128.471603" a4="147.583450" a5="30.807781" a6="-151.333191" />
<external_axis />
</actual>
<ipo_cycle>-63</ipo_cycle>
</value>
<value>
<planned>
<robot_axis a1="28.685110" a2="-101.344086" a3="127.408905" a4="146.482162" a5="30.675541" a6="-150.274338" />
<external_axis />
</planned>
<actual>
<robot_axis a1="28.870108" a2="-101.633705" a3="127.877457" a4="146.967468" a5="30.733387" a6="-150.741074" />
<external_axis />
</actual>
<ipo_cycle>-58</ipo_cycle>
</value>
<value>
<planned>
<robot_axis a1="28.451216" a2="-100.974068" a3="126.809967" a4="145.869385" a5="30.601917" a6="-149.681366" />
<external_axis />
</planned>
<actual>
<robot_axis a1="28.633463" a2="-101.264603" a3="127.280510" a4="146.352325" a5="30.659542" a6="-150.148285" />
<external_axis />
</actual>
<ipo_cycle>-53</ipo_cycle>
</value>
<value>
<planned>
<robot_axis a1="28.220650" a2="-100.603241" a3="126.208351" a4="145.257950" a5="30.528524" a6="-149.087738" />
<external_axis />
</planned>
<actual>
<robot_axis a1="28.400517" a2="-100.894127" a3="126.680923" a4="145.738541" a5="30.586481" a6="-149.555649" />
<external_axis />
</actual>
<ipo_cycle>-48</ipo_cycle>
</value>
<value>
<planned>
<robot_axis a1="27.993351" a2="-100.231590" a3="125.604042" a4="144.647675" a5="30.455357" a6="-148.493317" />
<external_axis />
</planned>
<actual>
<robot_axis a1="28.170519" a2="-100.523384" a3="126.078400" a4="145.127579" a5="30.513000" a6="-148.961609" />
<external_axis />
</actual>
<ipo_cycle>-43</ipo_cycle>
</value>
<value>
<planned>
<robot_axis a1="27.769255" a2="-99.859100" a3="124.997017" a4="144.038422" a5="30.382414" a6="-147.897934" />
<external_axis />
</planned>
<actual>
<robot_axis a1="27.943941" a2="-100.151657" a3="125.473831" a4="144.517136" a5="30.439695" a6="-148.366989" />
<external_axis />
</actual>
<ipo_cycle>-38</ipo_cycle>
</value>
<value>
<planned>
<robot_axis a1="27.548304" a2="-99.485771" a3="124.387253" a4="143.430008" a5="30.309690" a6="-147.301483" />
<external_axis />
</planned>
<actual>
<robot_axis a1="27.720573" a2="-99.779129" a3="124.866196" a4="143.908813" a5="30.366688" a6="-147.771515" />
<external_axis />
</actual>
<ipo_cycle>-33</ipo_cycle>
</value>
<value>
<planned>
<robot_axis a1="27.330435" a2="-99.111588" a3="123.774719" a4="142.822296" a5="30.237192" a6="-146.703796" />
<external_axis />
</planned>
<actual>
<robot_axis a1="27.500360" a2="-99.405350" a3="124.255844" a4="143.301468" a5="30.294481" a6="-147.174698" />
<external_axis />
</actual>
<ipo_cycle>-28</ipo_cycle>
</value>
<value>
<planned>
<robot_axis a1="27.126940" a2="-98.756485" a3="123.192169" a4="142.247360" a5="30.168756" a6="-146.136627" />
<external_axis />
</planned>
<actual>
<robot_axis a1="27.284502" a2="-99.031342" a3="123.643784" a4="142.694000" a5="30.221783" a6="-146.576813" />
<external_axis />
</actual>
<ipo_cycle>-23</ipo_cycle>
</value>
<value>
<planned>
<robot_axis a1="26.983728" a2="-98.503258" a3="122.776009" a4="141.838379" a5="30.120174" a6="-145.732132" />
<external_axis />
</planned>
<actual>
<robot_axis a1="27.102242" a2="-98.692749" a3="123.099823" a4="142.139359" a5="30.156399" a6="-146.031570" />
<external_axis />
</actual>
<ipo_cycle>-18</ipo_cycle>
</value>
<value>
<planned>
<robot_axis a1="26.893087" a2="-98.341545" a3="122.509911" a4="141.577591" a5="30.089245" a6="-145.473785" />
<external_axis />
</planned>
<actual>
<robot_axis a1="26.928232" a2="-98.385338" a3="122.589752" a4="141.642197" a5="30.097197" a6="-145.537231" />
<external_axis />
</actual>
<ipo_cycle>-11</ipo_cycle>
</value>
<value>
<planned>
<robot_axis a1="26.892323" a2="-97.064758" a3="124.602089" a4="144.876434" a5="32.791824" a6="-149.337708" />
<external_axis />
</planned>
<actual>
<robot_axis a1="26.892138" a2="-98.342918" a3="122.506111" a4="141.572388" a5="30.088949" a6="-145.466049" />
<external_axis />
</actual>
<ipo_cycle>0</ipo_cycle>
</value>
<syn_motion>
<program>CNCMOTION</program>
<line>83</line>
<name>MCS</name>
<base>
<pos x="1486.225952" y="-367.585999" z="-90.000000" a="-45.000000" b="0.000000" c="0.000000" /></base>
<tool>
<pos x="365.660004" y="0.000000" z="93.000000" a="0.000000" b="-90.000000" c="0.000000" /></tool>
<ipo_mode>base</ipo_mode>
<load>
<mass>18.000000</mass>
</load>
<bco_motion>FALSE</bco_motion>
<interrupt>FALSE</interrupt>
<motion_mode>STANDARD</motion_mode>
<ipo_cycle>0</ipo_cycle>
</syn_motion>
</poslog>
