<?xml version="1.0"?>
<SafetyChangeLog xmlns:xsi="http://www.w3.org/2001/XMLSchema-instance" xmlns:xsd="http://www.w3.org/2001/XMLSchema">
  <Entries>
    <ProtocolEntry>
      <MessageKey>ChangeLog_ReferenceAdjustmentParameterChanged</MessageKey>
      <MessageParams />
      <Timestamp>2021-01-20T09:47:47.4727145+01:00</Timestamp>
      <MessageText>Reference position parameters changed.</MessageText>
    </ProtocolEntry>
    <ProtocolEntry>
      <MessageKey>ChangeLog_AxisMonitoringParameterChanged</MessageKey>
      <MessageParams />
      <Timestamp>2021-01-20T09:47:47.4727145+01:00</Timestamp>
      <MessageText>Axis monitoring parameters configured.</MessageText>
    </ProtocolEntry>
    <ProtocolEntry>
      <MessageKey>ChangeLog_MachineDataUpdated</MessageKey>
      <MessageParams />
      <Timestamp>2021-01-20T09:47:47.5158296+01:00</Timestamp>
      <MessageText>Machine data updated.</MessageText>
    </ProtocolEntry>
    <ProtocolEntry>
      <MessageKey>ChangeLog_ConfigurationSaved</MessageKey>
      <MessageParams />
      <Timestamp>2021-01-20T09:47:47.5248543+01:00</Timestamp>
      <MessageText>Local safety configuration saved.</MessageText>
    </ProtocolEntry>
    <ProtocolEntry>
      <MessageKey>ChangeLog_SafeOperationMonitoringEnabled</MessageKey>
      <MessageParams />
      <Timestamp>2021-02-25T09:52:44.6628799+01:00</Timestamp>
      <MessageText>Safe monitoring enabled.</MessageText>
    </ProtocolEntry>
    <ProtocolEntry>
      <MessageKey>ChangeLog_ConfigurationSaved</MessageKey>
      <MessageParams />
      <Timestamp>2021-02-25T09:52:48.5091055+01:00</Timestamp>
      <MessageText>Local safety configuration saved.</MessageText>
    </ProtocolEntry>
    <ProtocolEntry>
      <MessageKey>ChangeLog_SafeOperationMonitoringDisabled</MessageKey>
      <MessageParams />
      <Timestamp>2021-02-25T09:57:13.4632386+01:00</Timestamp>
      <MessageText>Safe monitoring disabled.</MessageText>
    </ProtocolEntry>
    <ProtocolEntry>
      <MessageKey>ChangeLog_ConfigurationSaved</MessageKey>
      <MessageParams />
      <Timestamp>2021-02-25T09:57:16.4871702+01:00</Timestamp>
      <MessageText>Local safety configuration saved.</MessageText>
    </ProtocolEntry>
    <ProtocolEntry>
      <MessageKey>ChangeLog_SafeOperationMonitoringEnabled</MessageKey>
      <MessageParams />
      <Timestamp>2021-02-25T11:12:36.2633429+01:00</Timestamp>
      <MessageText>Safe monitoring enabled.</MessageText>
    </ProtocolEntry>
    <ProtocolEntry>
      <MessageKey>ChangeLog_CellAreaParameterChanged</MessageKey>
      <MessageParams />
      <Timestamp>2021-02-25T11:20:13.1870491+01:00</Timestamp>
      <MessageText>Cell area configured.</MessageText>
    </ProtocolEntry>
    <ProtocolEntry>
      <MessageKey>ChangeLog_MonitoringSpaceParameterChanged</MessageKey>
      <MessageParams>
        <string>Midterhegn</string>
      </MessageParams>
      <Timestamp>2021-02-25T12:18:27.6006317+01:00</Timestamp>
      <MessageText>Monitoring space 'Midterhegn' configured.</MessageText>
    </ProtocolEntry>
    <ProtocolEntry>
      <MessageKey>ChangeLog_ConfigurationSaved</MessageKey>
      <MessageParams />
      <Timestamp>2021-02-25T12:20:07.8904188+01:00</Timestamp>
      <MessageText>Local safety configuration saved.</MessageText>
    </ProtocolEntry>
    <ProtocolEntry>
      <MessageKey>ChangeLog_MonitoringSpaceParameterChanged</MessageKey>
      <MessageParams>
        <string>Midterhegn</string>
      </MessageParams>
      <Timestamp>2021-02-25T13:28:05.1211864+01:00</Timestamp>
      <MessageText>Monitoring space 'Midterhegn' configured.</MessageText>
    </ProtocolEntry>
    <ProtocolEntry>
      <MessageKey>ChangeLog_ConfigurationSaved</MessageKey>
      <MessageParams />
      <Timestamp>2021-02-25T13:28:19.4043917+01:00</Timestamp>
      <MessageText>Local safety configuration saved.</MessageText>
    </ProtocolEntry>
    <ProtocolEntry>
      <MessageKey>ChangeLog_ToolCumulativeChangeLogMessage</MessageKey>
      <MessageParams>
        <string>1</string>
        <string>Changed Name to 'vacum'. Changed TCP Z from '0' to '100'. Sphere 1 has been configured. </string>
      </MessageParams>
      <Timestamp>2021-02-25T13:29:26.797074+01:00</Timestamp>
      <MessageText>Tool '1' configured. Changed Name to 'vacum'. Changed TCP Z from '0' to '100'. Sphere 1 has been configured. </MessageText>
    </ProtocolEntry>
    <ProtocolEntry>
      <MessageKey>ChangeLog_ConfigurationSaved</MessageKey>
      <MessageParams />
      <Timestamp>2021-02-25T13:29:35.2430502+01:00</Timestamp>
      <MessageText>Local safety configuration saved.</MessageText>
    </ProtocolEntry>
    <ProtocolEntry>
      <MessageKey>ChangeLog_ReferenceAdjustmentParameterChanged</MessageKey>
      <MessageParams />
      <Timestamp>2021-02-25T13:36:06.531979+01:00</Timestamp>
      <MessageText>Reference position parameters changed.</MessageText>
    </ProtocolEntry>
    <ProtocolEntry>
      <MessageKey>ChangeLog_AxisMonitoringParameterChanged</MessageKey>
      <MessageParams />
      <Timestamp>2021-02-25T13:36:06.531979+01:00</Timestamp>
      <MessageText>Axis monitoring parameters configured.</MessageText>
    </ProtocolEntry>
    <ProtocolEntry>
      <MessageKey>ChangeLog_ToolCumulativeChangeLogMessage</MessageKey>
      <MessageParams>
        <string>1</string>
        <string>Sphere 1 has been configured. </string>
      </MessageParams>
      <Timestamp>2021-02-25T13:36:30.9891848+01:00</Timestamp>
      <MessageText>Tool '1' configured. Sphere 1 has been configured. </MessageText>
    </ProtocolEntry>
    <ProtocolEntry>
      <MessageKey>ChangeLog_ConfigurationSaved</MessageKey>
      <MessageParams />
      <Timestamp>2021-02-25T13:36:38.0477388+01:00</Timestamp>
      <MessageText>Local safety configuration saved.</MessageText>
    </ProtocolEntry>
    <ProtocolEntry>
      <MessageKey>ChangeLog_ReferenceAdjustmentParameterChanged</MessageKey>
      <MessageParams />
      <Timestamp>2021-02-25T13:36:41.8310294+01:00</Timestamp>
      <MessageText>Reference position parameters changed.</MessageText>
    </ProtocolEntry>
    <ProtocolEntry>
      <MessageKey>ChangeLog_AxisMonitoringParameterChanged</MessageKey>
      <MessageParams />
      <Timestamp>2021-02-25T13:36:41.8310294+01:00</Timestamp>
      <MessageText>Axis monitoring parameters configured.</MessageText>
    </ProtocolEntry>
    <ProtocolEntry>
      <MessageKey>ChangeLog_ToolCumulativeChangeLogMessage</MessageKey>
      <MessageParams>
        <string>1</string>
        <string>Sphere 1 has been configured. </string>
      </MessageParams>
      <Timestamp>2021-02-25T13:37:34.7133127+01:00</Timestamp>
      <MessageText>Tool '1' configured. Sphere 1 has been configured. </MessageText>
    </ProtocolEntry>
    <ProtocolEntry>
      <MessageKey>ChangeLog_ConfigurationSaved</MessageKey>
      <MessageParams />
      <Timestamp>2021-02-25T13:37:43.1693625+01:00</Timestamp>
      <MessageText>Local safety configuration saved.</MessageText>
    </ProtocolEntry>
    <ProtocolEntry>
      <MessageKey>ChangeLog_ReferenceAdjustmentParameterChanged</MessageKey>
      <MessageParams />
      <Timestamp>2021-02-25T13:37:55.9599577+01:00</Timestamp>
      <MessageText>Reference position parameters changed.</MessageText>
    </ProtocolEntry>
    <ProtocolEntry>
      <MessageKey>ChangeLog_AxisMonitoringParameterChanged</MessageKey>
      <MessageParams />
      <Timestamp>2021-02-25T13:37:55.9599577+01:00</Timestamp>
      <MessageText>Axis monitoring parameters configured.</MessageText>
    </ProtocolEntry>
    <ProtocolEntry>
      <MessageKey>ChangeLog_ToolCumulativeChangeLogMessage</MessageKey>
      <MessageParams>
        <string>1</string>
        <string>Sphere 1 has been configured. </string>
      </MessageParams>
      <Timestamp>2021-02-25T13:38:14.3098076+01:00</Timestamp>
      <MessageText>Tool '1' configured. Sphere 1 has been configured. </MessageText>
    </ProtocolEntry>
    <ProtocolEntry>
      <MessageKey>ChangeLog_ConfigurationSaved</MessageKey>
      <MessageParams />
      <Timestamp>2021-02-25T13:39:07.4416696+01:00</Timestamp>
      <MessageText>Local safety configuration saved.</MessageText>
    </ProtocolEntry>
    <ProtocolEntry>
      <MessageKey>ChangeLog_ReferenceAdjustmentParameterChanged</MessageKey>
      <MessageParams />
      <Timestamp>2021-02-25T13:39:11.2884889+01:00</Timestamp>
      <MessageText>Reference position parameters changed.</MessageText>
    </ProtocolEntry>
    <ProtocolEntry>
      <MessageKey>ChangeLog_AxisMonitoringParameterChanged</MessageKey>
      <MessageParams />
      <Timestamp>2021-02-25T13:39:11.2894862+01:00</Timestamp>
      <MessageText>Axis monitoring parameters configured.</MessageText>
    </ProtocolEntry>
    <ProtocolEntry>
      <MessageKey>ChangeLog_GlobalParameterChanged</MessageKey>
      <MessageParams />
      <Timestamp>2021-02-25T13:40:02.4715481+01:00</Timestamp>
      <MessageText>Global parameters changed.</MessageText>
    </ProtocolEntry>
    <ProtocolEntry>
      <MessageKey>ChangeLog_ToolCumulativeChangeLogMessage</MessageKey>
      <MessageParams>
        <string>1</string>
        <string>Sphere 1 has been configured. </string>
      </MessageParams>
      <Timestamp>2021-02-25T13:40:13.662808+01:00</Timestamp>
      <MessageText>Tool '1' configured. Sphere 1 has been configured. </MessageText>
    </ProtocolEntry>
    <ProtocolEntry>
      <MessageKey>ChangeLog_ConfigurationSaved</MessageKey>
      <MessageParams />
      <Timestamp>2021-02-25T13:40:20.8422807+01:00</Timestamp>
      <MessageText>Local safety configuration saved.</MessageText>
    </ProtocolEntry>
    <ProtocolEntry>
      <MessageKey>ChangeLog_ReferenceAdjustmentParameterChanged</MessageKey>
      <MessageParams />
      <Timestamp>2021-02-25T13:40:25.5981909+01:00</Timestamp>
      <MessageText>Reference position parameters changed.</MessageText>
    </ProtocolEntry>
    <ProtocolEntry>
      <MessageKey>ChangeLog_AxisMonitoringParameterChanged</MessageKey>
      <MessageParams />
      <Timestamp>2021-02-25T13:40:25.5981909+01:00</Timestamp>
      <MessageText>Axis monitoring parameters configured.</MessageText>
    </ProtocolEntry>
    <ProtocolEntry>
      <MessageKey>ChangeLog_ToolCumulativeChangeLogMessage</MessageKey>
      <MessageParams>
        <string>1</string>
        <string>Sphere 2, Sphere 3, Sphere 4 has been configured. </string>
      </MessageParams>
      <Timestamp>2021-02-25T13:41:41.1004413+01:00</Timestamp>
      <MessageText>Tool '1' configured. Sphere 2, Sphere 3, Sphere 4 has been configured. </MessageText>
    </ProtocolEntry>
    <ProtocolEntry>
      <MessageKey>ChangeLog_ConfigurationSaved</MessageKey>
      <MessageParams />
      <Timestamp>2021-02-25T13:41:45.8325825+01:00</Timestamp>
      <MessageText>Local safety configuration saved.</MessageText>
    </ProtocolEntry>
    <ProtocolEntry>
      <MessageKey>ChangeLog_ReferenceAdjustmentParameterChanged</MessageKey>
      <MessageParams />
      <Timestamp>2021-02-25T15:32:26.9101271+01:00</Timestamp>
      <MessageText>Reference position parameters changed.</MessageText>
    </ProtocolEntry>
    <ProtocolEntry>
      <MessageKey>ChangeLog_ConfigurationSaved</MessageKey>
      <MessageParams />
      <Timestamp>2021-02-25T15:32:30.3110846+01:00</Timestamp>
      <MessageText>Local safety configuration saved.</MessageText>
    </ProtocolEntry>
    <ProtocolEntry>
      <MessageKey>ChangeLog_GlobalParameterChanged</MessageKey>
      <MessageParams />
      <Timestamp>2021-03-19T11:17:48.3174916+01:00</Timestamp>
      <MessageText>Global parameters changed.</MessageText>
    </ProtocolEntry>
    <ProtocolEntry>
      <MessageKey>ChangeLog_ConfigurationSaved</MessageKey>
      <MessageParams />
      <Timestamp>2021-03-19T11:17:48.3703125+01:00</Timestamp>
      <MessageText>Local safety configuration saved.</MessageText>
    </ProtocolEntry>
    <ProtocolEntry>
      <MessageKey>ChangeLog_CellAreaParameterChanged</MessageKey>
      <MessageParams />
      <Timestamp>2021-04-03T10:37:11.6548863+02:00</Timestamp>
      <MessageText>Cell area configured.</MessageText>
    </ProtocolEntry>
    <ProtocolEntry>
      <MessageKey>ChangeLog_ConfigurationSaved</MessageKey>
      <MessageParams />
      <Timestamp>2021-04-03T10:37:20.2654738+02:00</Timestamp>
      <MessageText>Local safety configuration saved.</MessageText>
    </ProtocolEntry>
    <ProtocolEntry>
      <MessageKey>ChangeLog_CellAreaParameterChanged</MessageKey>
      <MessageParams />
      <Timestamp>2021-04-03T10:40:36.7125064+02:00</Timestamp>
      <MessageText>Cell area configured.</MessageText>
    </ProtocolEntry>
    <ProtocolEntry>
      <MessageKey>ChangeLog_ConfigurationSaved</MessageKey>
      <MessageParams />
      <Timestamp>2021-04-03T10:40:42.8987191+02:00</Timestamp>
      <MessageText>Local safety configuration saved.</MessageText>
    </ProtocolEntry>
    <ProtocolEntry>
      <MessageKey>ChangeLog_ReferenceAdjustmentParameterChanged</MessageKey>
      <MessageParams />
      <Timestamp>2021-04-06T09:20:45.3146758+02:00</Timestamp>
      <MessageText>Reference position parameters changed.</MessageText>
    </ProtocolEntry>
    <ProtocolEntry>
      <MessageKey>ChangeLog_ConfigurationSaved</MessageKey>
      <MessageParams />
      <Timestamp>2021-04-06T09:20:57.4623438+02:00</Timestamp>
      <MessageText>Local safety configuration saved.</MessageText>
    </ProtocolEntry>
    <ProtocolEntry>
      <MessageKey>ChangeLog_ReferenceAdjustmentParameterChanged</MessageKey>
      <MessageParams />
      <Timestamp>2021-04-06T11:36:34.0462552+02:00</Timestamp>
      <MessageText>Reference position parameters changed.</MessageText>
    </ProtocolEntry>
    <ProtocolEntry>
      <MessageKey>ChangeLog_ConfigurationSaved</MessageKey>
      <MessageParams />
      <Timestamp>2021-04-06T11:36:36.7601304+02:00</Timestamp>
      <MessageText>Local safety configuration saved.</MessageText>
    </ProtocolEntry>
    <ProtocolEntry>
      <MessageKey>ChangeLog_ToolCumulativeChangeLogMessage</MessageKey>
      <MessageParams>
        <string>1</string>
        <string>ChangeLog_ToolSphereChanged </string>
      </MessageParams>
      <Timestamp>2021-04-09T13:36:14.6256143+02:00</Timestamp>
      <MessageText>Tool '1' configured. ChangeLog_ToolSphereChanged </MessageText>
    </ProtocolEntry>
    <ProtocolEntry>
      <MessageKey>ChangeLog_ConfigurationSaved</MessageKey>
      <MessageParams />
      <Timestamp>2021-04-09T13:36:32.2716156+02:00</Timestamp>
      <MessageText>Local safety configuration saved.</MessageText>
    </ProtocolEntry>
    <ProtocolEntry>
      <MessageKey>ChangeLog_ReferenceAdjustmentParameterChanged</MessageKey>
      <MessageParams />
      <Timestamp>2021-05-01T14:43:29.9766278+02:00</Timestamp>
      <MessageText>Reference position parameters changed.</MessageText>
    </ProtocolEntry>
    <ProtocolEntry>
      <MessageKey>ChangeLog_AxisMonitoringParameterChanged</MessageKey>
      <MessageParams />
      <Timestamp>2021-05-01T14:43:29.9766278+02:00</Timestamp>
      <MessageText>Axis monitoring parameters configured.</MessageText>
    </ProtocolEntry>
    <ProtocolEntry>
      <MessageKey>ChangeLog_ConfigurationSaved</MessageKey>
      <MessageParams />
      <Timestamp>2021-05-01T14:52:44.3088594+02:00</Timestamp>
      <MessageText>Local safety configuration saved.</MessageText>
    </ProtocolEntry>
    <ProtocolEntry>
      <MessageKey>ChangeLog_ReferenceAdjustmentParameterChanged</MessageKey>
      <MessageParams />
      <Timestamp>2021-05-01T14:52:53.2461756+02:00</Timestamp>
      <MessageText>Reference position parameters changed.</MessageText>
    </ProtocolEntry>
    <ProtocolEntry>
      <MessageKey>ChangeLog_AxisMonitoringParameterChanged</MessageKey>
      <MessageParams />
      <Timestamp>2021-05-01T14:52:53.2461756+02:00</Timestamp>
      <MessageText>Axis monitoring parameters configured.</MessageText>
    </ProtocolEntry>
    <ProtocolEntry>
      <MessageKey>ChangeLog_ConfigurationSaved</MessageKey>
      <MessageParams />
      <Timestamp>2021-05-01T14:55:40.7282054+02:00</Timestamp>
      <MessageText>Local safety configuration saved.</MessageText>
    </ProtocolEntry>
    <ProtocolEntry>
      <MessageKey>ChangeLog_ReferenceAdjustmentParameterChanged</MessageKey>
      <MessageParams />
      <Timestamp>2021-05-01T14:55:47.1534255+02:00</Timestamp>
      <MessageText>Reference position parameters changed.</MessageText>
    </ProtocolEntry>
    <ProtocolEntry>
      <MessageKey>ChangeLog_AxisMonitoringParameterChanged</MessageKey>
      <MessageParams />
      <Timestamp>2021-05-01T14:55:47.1534255+02:00</Timestamp>
      <MessageText>Axis monitoring parameters configured.</MessageText>
    </ProtocolEntry>
    <ProtocolEntry>
      <MessageKey>ChangeLog_ToolCumulativeChangeLogMessage</MessageKey>
      <MessageParams>
        <string>1</string>
        <string>Sphere 5, Sphere 6, Sphere 7, Sphere 8, Sphere 9, Sphere 10 has been configured. </string>
      </MessageParams>
      <Timestamp>2021-05-01T15:04:58.0646235+02:00</Timestamp>
      <MessageText>Tool '1' configured. Sphere 5, Sphere 6, Sphere 7, Sphere 8, Sphere 9, Sphere 10 has been configured. </MessageText>
    </ProtocolEntry>
    <ProtocolEntry>
      <MessageKey>ChangeLog_ConfigurationSaved</MessageKey>
      <MessageParams />
      <Timestamp>2021-05-01T15:05:08.0178633+02:00</Timestamp>
      <MessageText>Local safety configuration saved.</MessageText>
    </ProtocolEntry>
    <ProtocolEntry>
      <MessageKey>ChangeLog_ReferenceAdjustmentParameterChanged</MessageKey>
      <MessageParams />
      <Timestamp>2021-05-01T15:05:14.3975548+02:00</Timestamp>
      <MessageText>Reference position parameters changed.</MessageText>
    </ProtocolEntry>
    <ProtocolEntry>
      <MessageKey>ChangeLog_AxisMonitoringParameterChanged</MessageKey>
      <MessageParams />
      <Timestamp>2021-05-01T15:05:14.3985487+02:00</Timestamp>
      <MessageText>Axis monitoring parameters configured.</MessageText>
    </ProtocolEntry>
    <ProtocolEntry>
      <MessageKey>ChangeLog_ToolCumulativeChangeLogMessage</MessageKey>
      <MessageParams>
        <string>1</string>
        <string>Sphere 5, Sphere 6, Sphere 7, Sphere 8, Sphere 9, Sphere 10, Sphere 11, Sphere 12 has been configured. </string>
      </MessageParams>
      <Timestamp>2021-05-01T15:32:28.5726431+02:00</Timestamp>
      <MessageText>Tool '1' configured. Sphere 5, Sphere 6, Sphere 7, Sphere 8, Sphere 9, Sphere 10, Sphere 11, Sphere 12 has been configured. </MessageText>
    </ProtocolEntry>
    <ProtocolEntry>
      <MessageKey>ChangeLog_ConfigurationSaved</MessageKey>
      <MessageParams />
      <Timestamp>2021-05-01T15:34:21.3866883+02:00</Timestamp>
      <MessageText>Local safety configuration saved.</MessageText>
    </ProtocolEntry>
    <ProtocolEntry>
      <MessageKey>ChangeLog_ReferenceAdjustmentParameterChanged</MessageKey>
      <MessageParams />
      <Timestamp>2021-05-01T15:34:29.9457184+02:00</Timestamp>
      <MessageText>Reference position parameters changed.</MessageText>
    </ProtocolEntry>
    <ProtocolEntry>
      <MessageKey>ChangeLog_AxisMonitoringParameterChanged</MessageKey>
      <MessageParams />
      <Timestamp>2021-05-01T15:34:29.9457184+02:00</Timestamp>
      <MessageText>Axis monitoring parameters configured.</MessageText>
    </ProtocolEntry>
    <ProtocolEntry>
      <MessageKey>ChangeLog_MonitoringSpaceParameterChanged</MessageKey>
      <MessageParams>
        <string>Cell 1</string>
      </MessageParams>
      <Timestamp>2021-05-01T15:41:21.2081543+02:00</Timestamp>
      <MessageText>Monitoring space 'Cell 1' configured.</MessageText>
    </ProtocolEntry>
    <ProtocolEntry>
      <MessageKey>ChangeLog_ConfigurationSaved</MessageKey>
      <MessageParams />
      <Timestamp>2021-05-01T15:41:27.8314915+02:00</Timestamp>
      <MessageText>Local safety configuration saved.</MessageText>
    </ProtocolEntry>
    <ProtocolEntry>
      <MessageKey>ChangeLog_MonitoringSpaceParameterChanged</MessageKey>
      <MessageParams>
        <string>Cell 1</string>
      </MessageParams>
      <Timestamp>2021-05-01T13:48:01.83552+02:00</Timestamp>
      <MessageText>Monitoring space 'Cell 1' configured.</MessageText>
    </ProtocolEntry>
    <ProtocolEntry>
      <MessageKey>ChangeLog_ConfigurationSaved</MessageKey>
      <MessageParams />
      <Timestamp>2021-05-01T13:48:06.4232704+02:00</Timestamp>
      <MessageText>Local safety configuration saved.</MessageText>
    </ProtocolEntry>
    <ProtocolEntry>
      <MessageKey>ChangeLog_MonitoringSpaceParameterChanged</MessageKey>
      <MessageParams>
        <string>Cell 1</string>
      </MessageParams>
      <Timestamp>2021-05-01T13:52:12.5133719+02:00</Timestamp>
      <MessageText>Monitoring space 'Cell 1' configured.</MessageText>
    </ProtocolEntry>
    <ProtocolEntry>
      <MessageKey>ChangeLog_ConfigurationSaved</MessageKey>
      <MessageParams />
      <Timestamp>2021-05-01T13:52:19.2641283+02:00</Timestamp>
      <MessageText>Local safety configuration saved.</MessageText>
    </ProtocolEntry>
    <ProtocolEntry>
      <MessageKey>ChangeLog_MonitoringSpaceParameterChanged</MessageKey>
      <MessageParams>
        <string>Cell 1</string>
      </MessageParams>
      <Timestamp>2021-05-01T13:56:53.4150833+02:00</Timestamp>
      <MessageText>Monitoring space 'Cell 1' configured.</MessageText>
    </ProtocolEntry>
    <ProtocolEntry>
      <MessageKey>ChangeLog_ConfigurationSaved</MessageKey>
      <MessageParams />
      <Timestamp>2021-05-01T13:56:56.6896171+02:00</Timestamp>
      <MessageText>Local safety configuration saved.</MessageText>
    </ProtocolEntry>
    <ProtocolEntry>
      <MessageKey>ChangeLog_AxisMonitoringParameterChanged</MessageKey>
      <MessageParams />
      <Timestamp>2021-05-22T13:34:46.2918863+02:00</Timestamp>
      <MessageText>Axis monitoring parameters configured.</MessageText>
    </ProtocolEntry>
    <ProtocolEntry>
      <MessageKey>ChangeLog_ConfigurationSaved</MessageKey>
      <MessageParams />
      <Timestamp>2021-05-22T13:39:30.1152976+02:00</Timestamp>
      <MessageText>Local safety configuration saved.</MessageText>
    </ProtocolEntry>
    <ProtocolEntry>
      <MessageKey>ChangeLog_ReferenceAdjustmentParameterChanged</MessageKey>
      <MessageParams />
      <Timestamp>2021-05-22T13:39:31.7554883+02:00</Timestamp>
      <MessageText>Reference position parameters changed.</MessageText>
    </ProtocolEntry>
    <ProtocolEntry>
      <MessageKey>ChangeLog_AxisMonitoringParameterChanged</MessageKey>
      <MessageParams />
      <Timestamp>2021-05-22T13:39:31.7554883+02:00</Timestamp>
      <MessageText>Axis monitoring parameters configured.</MessageText>
    </ProtocolEntry>
    <ProtocolEntry>
      <MessageKey>ChangeLog_MonitoringSpaceParameterChanged</MessageKey>
      <MessageParams>
        <string>Cell 2 Signal</string>
      </MessageParams>
      <Timestamp>2021-05-22T13:53:45.2813333+02:00</Timestamp>
      <MessageText>Monitoring space 'Cell 2 Signal' configured.</MessageText>
    </ProtocolEntry>
    <ProtocolEntry>
      <MessageKey>ChangeLog_MonitoringSpaceParameterChanged</MessageKey>
      <MessageParams>
        <string>Cell 1 Signal</string>
      </MessageParams>
      <Timestamp>2021-05-22T13:53:52.2147874+02:00</Timestamp>
      <MessageText>Monitoring space 'Cell 1 Signal' configured.</MessageText>
    </ProtocolEntry>
    <ProtocolEntry>
      <MessageKey>ChangeLog_ConfigurationSaved</MessageKey>
      <MessageParams />
      <Timestamp>2021-05-22T13:55:28.1892872+02:00</Timestamp>
      <MessageText>Local safety configuration saved.</MessageText>
    </ProtocolEntry>
    <ProtocolEntry>
      <MessageKey>ChangeLog_MonitoringSpaceParameterChanged</MessageKey>
      <MessageParams>
        <string>Cell  2</string>
      </MessageParams>
      <Timestamp>2021-05-22T13:57:17.646789+02:00</Timestamp>
      <MessageText>Monitoring space 'Cell  2' configured.</MessageText>
    </ProtocolEntry>
    <ProtocolEntry>
      <MessageKey>ChangeLog_MonitoringSpaceParameterChanged</MessageKey>
      <MessageParams>
        <string>Cell 1</string>
      </MessageParams>
      <Timestamp>2021-05-22T13:57:21.769312+02:00</Timestamp>
      <MessageText>Monitoring space 'Cell 1' configured.</MessageText>
    </ProtocolEntry>
    <ProtocolEntry>
      <MessageKey>ChangeLog_ReferenceAdjustmentParameterChanged</MessageKey>
      <MessageParams />
      <Timestamp>2021-05-22T13:57:27.4297049+02:00</Timestamp>
      <MessageText>Reference position parameters changed.</MessageText>
    </ProtocolEntry>
    <ProtocolEntry>
      <MessageKey>ChangeLog_AxisMonitoringParameterChanged</MessageKey>
      <MessageParams />
      <Timestamp>2021-05-22T13:57:27.4297049+02:00</Timestamp>
      <MessageText>Axis monitoring parameters configured.</MessageText>
    </ProtocolEntry>
    <ProtocolEntry>
      <MessageKey>ChangeLog_ConfigurationSaved</MessageKey>
      <MessageParams />
      <Timestamp>2021-05-22T13:57:42.4440939+02:00</Timestamp>
      <MessageText>Local safety configuration saved.</MessageText>
    </ProtocolEntry>
    <ProtocolEntry>
      <MessageKey>ChangeLog_CellAreaParameterChanged</MessageKey>
      <MessageParams />
      <Timestamp>2021-10-07T08:25:35.5852356+02:00</Timestamp>
      <MessageText>Cell area configured.</MessageText>
    </ProtocolEntry>
    <ProtocolEntry>
      <MessageKey>ChangeLog_ConfigurationSaved</MessageKey>
      <MessageParams />
      <Timestamp>2021-10-07T08:25:43.4080922+02:00</Timestamp>
      <MessageText>Local safety configuration saved.</MessageText>
    </ProtocolEntry>
    <ProtocolEntry>
      <MessageKey>ChangeLog_MonitoringSpaceParameterChanged</MessageKey>
      <MessageParams>
        <string>Midterhegn</string>
      </MessageParams>
      <Timestamp>2021-10-07T08:26:57.1168916+02:00</Timestamp>
      <MessageText>Monitoring space 'Midterhegn' configured.</MessageText>
    </ProtocolEntry>
    <ProtocolEntry>
      <MessageKey>ChangeLog_MonitoringSpaceParameterChanged</MessageKey>
      <MessageParams>
        <string>Cell 1 Signal</string>
      </MessageParams>
      <Timestamp>2021-10-07T08:27:02.9386332+02:00</Timestamp>
      <MessageText>Monitoring space 'Cell 1 Signal' configured.</MessageText>
    </ProtocolEntry>
    <ProtocolEntry>
      <MessageKey>ChangeLog_MonitoringSpaceParameterChanged</MessageKey>
      <MessageParams>
        <string>Cell 2 Signal</string>
      </MessageParams>
      <Timestamp>2021-10-07T08:27:05.7475063+02:00</Timestamp>
      <MessageText>Monitoring space 'Cell 2 Signal' configured.</MessageText>
    </ProtocolEntry>
    <ProtocolEntry>
      <MessageKey>ChangeLog_ConfigurationSaved</MessageKey>
      <MessageParams />
      <Timestamp>2021-10-07T08:27:09.9024298+02:00</Timestamp>
      <MessageText>Local safety configuration saved.</MessageText>
    </ProtocolEntry>
    <ProtocolEntry>
      <MessageKey>ChangeLog_ReferenceAdjustmentParameterChanged</MessageKey>
      <MessageParams />
      <Timestamp>2021-10-22T10:10:25.9618701+02:00</Timestamp>
      <MessageText>Reference position parameters changed.</MessageText>
    </ProtocolEntry>
    <ProtocolEntry>
      <MessageKey>ChangeLog_AxisMonitoringParameterChanged</MessageKey>
      <MessageParams />
      <Timestamp>2021-10-22T10:10:25.9628635+02:00</Timestamp>
      <MessageText>Axis monitoring parameters configured.</MessageText>
    </ProtocolEntry>
    <ProtocolEntry>
      <MessageKey>ChangeLog_MonitoringSpaceParameterChanged</MessageKey>
      <MessageParams>
        <string>Space 13</string>
      </MessageParams>
      <Timestamp>2021-10-22T10:12:40.2310943+02:00</Timestamp>
      <MessageText>Monitoring space 'Space 13' configured.</MessageText>
    </ProtocolEntry>
    <ProtocolEntry>
      <MessageKey>ChangeLog_MonitoringSpaceParameterChanged</MessageKey>
      <MessageParams>
        <string>Space 12</string>
      </MessageParams>
      <Timestamp>2021-10-22T10:12:44.6914416+02:00</Timestamp>
      <MessageText>Monitoring space 'Space 12' configured.</MessageText>
    </ProtocolEntry>
    <ProtocolEntry>
      <MessageKey>ChangeLog_MonitoringSpaceParameterChanged</MessageKey>
      <MessageParams>
        <string>Cell 3</string>
      </MessageParams>
      <Timestamp>2021-10-22T10:13:24.2658838+02:00</Timestamp>
      <MessageText>Monitoring space 'Cell 3' configured.</MessageText>
    </ProtocolEntry>
    <ProtocolEntry>
      <MessageKey>ChangeLog_MonitoringSpaceParameterChanged</MessageKey>
      <MessageParams>
        <string>Cell 4</string>
      </MessageParams>
      <Timestamp>2021-10-22T10:13:29.3384773+02:00</Timestamp>
      <MessageText>Monitoring space 'Cell 4' configured.</MessageText>
    </ProtocolEntry>
    <ProtocolEntry>
      <MessageKey>ChangeLog_MonitoringSpaceParameterChanged</MessageKey>
      <MessageParams>
        <string>Cell 2</string>
      </MessageParams>
      <Timestamp>2021-10-22T10:13:36.0091823+02:00</Timestamp>
      <MessageText>Monitoring space 'Cell 2' configured.</MessageText>
    </ProtocolEntry>
    <ProtocolEntry>
      <MessageKey>ChangeLog_MonitoringSpaceParameterChanged</MessageKey>
      <MessageParams>
        <string>Cell 1</string>
      </MessageParams>
      <Timestamp>2021-10-22T10:13:46.9436967+02:00</Timestamp>
      <MessageText>Monitoring space 'Cell 1' configured.</MessageText>
    </ProtocolEntry>
    <ProtocolEntry>
      <MessageKey>ChangeLog_ConfigurationSaved</MessageKey>
      <MessageParams />
      <Timestamp>2021-10-22T10:14:04.3937552+02:00</Timestamp>
      <MessageText>Local safety configuration saved.</MessageText>
    </ProtocolEntry>
    <ProtocolEntry>
      <MessageKey>ChangeLog_ReferenceAdjustmentParameterChanged</MessageKey>
      <MessageParams />
      <Timestamp>2021-10-22T10:29:51.0572796+02:00</Timestamp>
      <MessageText>Reference position parameters changed.</MessageText>
    </ProtocolEntry>
    <ProtocolEntry>
      <MessageKey>ChangeLog_AxisMonitoringParameterChanged</MessageKey>
      <MessageParams />
      <Timestamp>2021-10-22T10:29:51.0572796+02:00</Timestamp>
      <MessageText>Axis monitoring parameters configured.</MessageText>
    </ProtocolEntry>
    <ProtocolEntry>
      <MessageKey>ChangeLog_CellAreaParameterChanged</MessageKey>
      <MessageParams />
      <Timestamp>2021-10-22T10:31:11.7576318+02:00</Timestamp>
      <MessageText>Cell area configured.</MessageText>
    </ProtocolEntry>
    <ProtocolEntry>
      <MessageKey>ChangeLog_MonitoringSpaceParameterChanged</MessageKey>
      <MessageParams>
        <string>Cell 4</string>
      </MessageParams>
      <Timestamp>2021-10-22T10:34:19.8167064+02:00</Timestamp>
      <MessageText>Monitoring space 'Cell 4' configured.</MessageText>
    </ProtocolEntry>
    <ProtocolEntry>
      <MessageKey>ChangeLog_MonitoringSpaceParameterChanged</MessageKey>
      <MessageParams>
        <string>Cell 3</string>
      </MessageParams>
      <Timestamp>2021-10-22T10:34:31.2751652+02:00</Timestamp>
      <MessageText>Monitoring space 'Cell 3' configured.</MessageText>
    </ProtocolEntry>
    <ProtocolEntry>
      <MessageKey>ChangeLog_MonitoringSpaceParameterChanged</MessageKey>
      <MessageParams>
        <string>Cell 2</string>
      </MessageParams>
      <Timestamp>2021-10-22T10:34:33.2854084+02:00</Timestamp>
      <MessageText>Monitoring space 'Cell 2' configured.</MessageText>
    </ProtocolEntry>
    <ProtocolEntry>
      <MessageKey>ChangeLog_MonitoringSpaceParameterChanged</MessageKey>
      <MessageParams>
        <string>Cell 1</string>
      </MessageParams>
      <Timestamp>2021-10-22T10:34:35.8647166+02:00</Timestamp>
      <MessageText>Monitoring space 'Cell 1' configured.</MessageText>
    </ProtocolEntry>
    <ProtocolEntry>
      <MessageKey>ChangeLog_ToolCumulativeChangeLogMessage</MessageKey>
      <MessageParams>
        <string>1</string>
        <string>Changed Name to 'myTool'. Changed TCP X to '376'. Changed TCP Z to '93'. Sphere 1 has been configured. </string>
      </MessageParams>
      <Timestamp>2021-10-22T10:35:38.4257228+02:00</Timestamp>
      <MessageText>Tool '1' configured. Changed Name to 'myTool'. Changed TCP X to '376'. Changed TCP Z to '93'. Sphere 1 has been configured. </MessageText>
    </ProtocolEntry>
    <ProtocolEntry>
      <MessageKey>ChangeLog_ConfigurationSaved</MessageKey>
      <MessageParams />
      <Timestamp>2021-10-22T10:36:17.7962275+02:00</Timestamp>
      <MessageText>Local safety configuration saved.</MessageText>
    </ProtocolEntry>
    <ProtocolEntry>
      <MessageKey>ChangeLog_MonitoringSpaceParameterChanged</MessageKey>
      <MessageParams>
        <string>Cell 3</string>
      </MessageParams>
      <Timestamp>2021-10-22T08:59:24.7062697+02:00</Timestamp>
      <MessageText>Monitoring space 'Cell 3' configured.</MessageText>
    </ProtocolEntry>
    <ProtocolEntry>
      <MessageKey>ChangeLog_MonitoringSpaceParameterChanged</MessageKey>
      <MessageParams>
        <string>Cell 1</string>
      </MessageParams>
      <Timestamp>2021-10-22T08:59:27.649119+02:00</Timestamp>
      <MessageText>Monitoring space 'Cell 1' configured.</MessageText>
    </ProtocolEntry>
    <ProtocolEntry>
      <MessageKey>ChangeLog_MonitoringSpaceParameterChanged</MessageKey>
      <MessageParams>
        <string>Cell 2</string>
      </MessageParams>
      <Timestamp>2021-10-22T08:59:31.6432981+02:00</Timestamp>
      <MessageText>Monitoring space 'Cell 2' configured.</MessageText>
    </ProtocolEntry>
    <ProtocolEntry>
      <MessageKey>ChangeLog_ConfigurationSaved</MessageKey>
      <MessageParams />
      <Timestamp>2021-10-22T08:59:35.2217305+02:00</Timestamp>
      <MessageText>Local safety configuration saved.</MessageText>
    </ProtocolEntry>
    <ProtocolEntry>
      <MessageKey>ChangeLog_ReferenceAdjustmentParameterChanged</MessageKey>
      <MessageParams />
      <Timestamp>2021-10-25T12:33:16.6820552+02:00</Timestamp>
      <MessageText>Reference position parameters changed.</MessageText>
    </ProtocolEntry>
    <ProtocolEntry>
      <MessageKey>ChangeLog_ConfigurationSaved</MessageKey>
      <MessageParams />
      <Timestamp>2021-10-25T12:33:25.9129537+02:00</Timestamp>
      <MessageText>Local safety configuration saved.</MessageText>
    </ProtocolEntry>
    <ProtocolEntry>
      <MessageKey>ChangeLog_ReferenceAdjustmentParameterChanged</MessageKey>
      <MessageParams />
      <Timestamp>2021-10-25T12:43:01.4223594+02:00</Timestamp>
      <MessageText>Reference position parameters changed.</MessageText>
    </ProtocolEntry>
    <ProtocolEntry>
      <MessageKey>ChangeLog_ConfigurationSaved</MessageKey>
      <MessageParams />
      <Timestamp>2021-10-25T12:43:04.1726261+02:00</Timestamp>
      <MessageText>Local safety configuration saved.</MessageText>
    </ProtocolEntry>
    <ProtocolEntry>
      <MessageKey>ChangeLog_ReferenceAdjustmentParameterChanged</MessageKey>
      <MessageParams />
      <Timestamp>2021-10-25T12:46:24.4449288+02:00</Timestamp>
      <MessageText>Reference position parameters changed.</MessageText>
    </ProtocolEntry>
    <ProtocolEntry>
      <MessageKey>ChangeLog_ConfigurationSaved</MessageKey>
      <MessageParams />
      <Timestamp>2021-10-25T12:46:30.6775458+02:00</Timestamp>
      <MessageText>Local safety configuration saved.</MessageText>
    </ProtocolEntry>
    <ProtocolEntry>
      <MessageKey>ChangeLog_ReferenceAdjustmentParameterChanged</MessageKey>
      <MessageParams />
      <Timestamp>2021-10-25T12:50:38.6832774+02:00</Timestamp>
      <MessageText>Reference position parameters changed.</MessageText>
    </ProtocolEntry>
    <ProtocolEntry>
      <MessageKey>ChangeLog_ConfigurationSaved</MessageKey>
      <MessageParams />
      <Timestamp>2021-10-25T12:50:41.9177941+02:00</Timestamp>
      <MessageText>Local safety configuration saved.</MessageText>
    </ProtocolEntry>
    <ProtocolEntry>
      <MessageKey>ChangeLog_ReferenceAdjustmentParameterChanged</MessageKey>
      <MessageParams />
      <Timestamp>2021-10-25T12:56:21.7790073+02:00</Timestamp>
      <MessageText>Reference position parameters changed.</MessageText>
    </ProtocolEntry>
    <ProtocolEntry>
      <MessageKey>ChangeLog_ConfigurationSaved</MessageKey>
      <MessageParams />
      <Timestamp>2021-10-25T12:56:47.2323977+02:00</Timestamp>
      <MessageText>Local safety configuration saved.</MessageText>
    </ProtocolEntry>
    <ProtocolEntry>
      <MessageKey>ChangeLog_SafeOperationMonitoringDisabled</MessageKey>
      <MessageParams />
      <Timestamp>2021-10-26T06:38:20.9664604+02:00</Timestamp>
      <MessageText>Safe monitoring disabled.</MessageText>
    </ProtocolEntry>
    <ProtocolEntry>
      <MessageKey>ChangeLog_ConfigurationSaved</MessageKey>
      <MessageParams />
      <Timestamp>2021-10-26T06:38:24.154094+02:00</Timestamp>
      <MessageText>Local safety configuration saved.</MessageText>
    </ProtocolEntry>
    <ProtocolEntry>
      <MessageKey>ChangeLog_SafeOperationMonitoringEnabled</MessageKey>
      <MessageParams />
      <Timestamp>2021-10-27T09:31:19.9339146+02:00</Timestamp>
      <MessageText>Safe monitoring enabled.</MessageText>
    </ProtocolEntry>
    <ProtocolEntry>
      <MessageKey>ChangeLog_GlobalParameterChanged</MessageKey>
      <MessageParams />
      <Timestamp>2021-10-27T09:32:09.6459423+02:00</Timestamp>
      <MessageText>Global parameters changed.</MessageText>
    </ProtocolEntry>
    <ProtocolEntry>
      <MessageKey>ChangeLog_ReferenceAdjustmentParameterChanged</MessageKey>
      <MessageParams />
      <Timestamp>2021-10-27T10:21:09.9388933+02:00</Timestamp>
      <MessageText>Reference position parameters changed.</MessageText>
    </ProtocolEntry>
    <ProtocolEntry>
      <MessageKey>ChangeLog_AxisMonitoringParameterChanged</MessageKey>
      <MessageParams />
      <Timestamp>2021-10-27T10:21:09.9388933+02:00</Timestamp>
      <MessageText>Axis monitoring parameters configured.</MessageText>
    </ProtocolEntry>
    <ProtocolEntry>
      <MessageKey>ChangeLog_ConfigurationSaved</MessageKey>
      <MessageParams />
      <Timestamp>2021-10-27T12:37:41.6757881+02:00</Timestamp>
      <MessageText>Local safety configuration saved.</MessageText>
    </ProtocolEntry>
    <ProtocolEntry>
      <MessageKey>ChangeLog_MonitoringSpaceParameterChanged</MessageKey>
      <MessageParams>
        <string>Cell 1</string>
      </MessageParams>
      <Timestamp>2022-01-07T09:29:34.0775147+01:00</Timestamp>
      <MessageText>Monitoring space 'Cell 1' configured.</MessageText>
    </ProtocolEntry>
    <ProtocolEntry>
      <MessageKey>ChangeLog_ConfigurationSaved</MessageKey>
      <MessageParams />
      <Timestamp>2022-01-07T09:30:23.4640683+01:00</Timestamp>
      <MessageText>Local safety configuration saved.</MessageText>
    </ProtocolEntry>
    <ProtocolEntry>
      <MessageKey>ChangeLog_MonitoringSpaceParameterChanged</MessageKey>
      <MessageParams>
        <string>Cell 2</string>
      </MessageParams>
      <Timestamp>2022-01-07T10:01:02.8691548+01:00</Timestamp>
      <MessageText>Monitoring space 'Cell 2' configured.</MessageText>
    </ProtocolEntry>
    <ProtocolEntry>
      <MessageKey>ChangeLog_ConfigurationSaved</MessageKey>
      <MessageParams />
      <Timestamp>2022-01-07T10:01:07.8337254+01:00</Timestamp>
      <MessageText>Local safety configuration saved.</MessageText>
    </ProtocolEntry>
    <ProtocolEntry>
      <MessageKey>ChangeLog_MonitoringSpaceParameterChanged</MessageKey>
      <MessageParams>
        <string>Cell 2</string>
      </MessageParams>
      <Timestamp>2022-01-07T10:09:06.2670442+01:00</Timestamp>
      <MessageText>Monitoring space 'Cell 2' configured.</MessageText>
    </ProtocolEntry>
    <ProtocolEntry>
      <MessageKey>ChangeLog_MonitoringSpaceParameterChanged</MessageKey>
      <MessageParams>
        <string>Cell 3</string>
      </MessageParams>
      <Timestamp>2022-01-07T10:09:10.0674108+01:00</Timestamp>
      <MessageText>Monitoring space 'Cell 3' configured.</MessageText>
    </ProtocolEntry>
    <ProtocolEntry>
      <MessageKey>ChangeLog_MonitoringSpaceParameterChanged</MessageKey>
      <MessageParams>
        <string>Cell 4</string>
      </MessageParams>
      <Timestamp>2022-01-07T10:10:26.6953391+01:00</Timestamp>
      <MessageText>Monitoring space 'Cell 4' configured.</MessageText>
    </ProtocolEntry>
    <ProtocolEntry>
      <MessageKey>ChangeLog_ConfigurationSaved</MessageKey>
      <MessageParams />
      <Timestamp>2022-01-07T10:10:46.5650573+01:00</Timestamp>
      <MessageText>Local safety configuration saved.</MessageText>
    </ProtocolEntry>
    <ProtocolEntry>
      <MessageKey>ChangeLog_ReferenceAdjustmentParameterChanged</MessageKey>
      <MessageParams />
      <Timestamp>2022-01-13T08:16:38.9989992+01:00</Timestamp>
      <MessageText>Reference position parameters changed.</MessageText>
    </ProtocolEntry>
    <ProtocolEntry>
      <MessageKey>ChangeLog_AxisMonitoringParameterChanged</MessageKey>
      <MessageParams />
      <Timestamp>2022-01-13T08:16:38.9989992+01:00</Timestamp>
      <MessageText>Axis monitoring parameters configured.</MessageText>
    </ProtocolEntry>
    <ProtocolEntry>
      <MessageKey>ChangeLog_MonitoringSpaceParameterChanged</MessageKey>
      <MessageParams>
        <string>Cell 2</string>
      </MessageParams>
      <Timestamp>2022-01-13T08:18:04.1147107+01:00</Timestamp>
      <MessageText>Monitoring space 'Cell 2' configured.</MessageText>
    </ProtocolEntry>
    <ProtocolEntry>
      <MessageKey>ChangeLog_MonitoringSpaceParameterChanged</MessageKey>
      <MessageParams>
        <string>Cell 3</string>
      </MessageParams>
      <Timestamp>2022-01-13T08:19:38.2673719+01:00</Timestamp>
      <MessageText>Monitoring space 'Cell 3' configured.</MessageText>
    </ProtocolEntry>
    <ProtocolEntry>
      <MessageKey>ChangeLog_MonitoringSpaceParameterChanged</MessageKey>
      <MessageParams>
        <string>Space 5</string>
      </MessageParams>
      <Timestamp>2022-01-13T08:20:43.770895+01:00</Timestamp>
      <MessageText>Monitoring space 'Space 5' configured.</MessageText>
    </ProtocolEntry>
    <ProtocolEntry>
      <MessageKey>ChangeLog_ConfigurationSaved</MessageKey>
      <MessageParams />
      <Timestamp>2022-01-13T08:23:14.3493287+01:00</Timestamp>
      <MessageText>Local safety configuration saved.</MessageText>
    </ProtocolEntry>
    <ProtocolEntry>
      <MessageKey>ChangeLog_MonitoringSpaceParameterChanged</MessageKey>
      <MessageParams>
        <string>Space 5</string>
      </MessageParams>
      <Timestamp>2022-01-13T08:24:16.2502655+01:00</Timestamp>
      <MessageText>Monitoring space 'Space 5' configured.</MessageText>
    </ProtocolEntry>
    <ProtocolEntry>
      <MessageKey>ChangeLog_ConfigurationSaved</MessageKey>
      <MessageParams />
      <Timestamp>2022-01-13T08:24:20.678779+01:00</Timestamp>
      <MessageText>Local safety configuration saved.</MessageText>
    </ProtocolEntry>
    <ProtocolEntry>
      <MessageKey>ChangeLog_MonitoringSpaceParameterChanged</MessageKey>
      <MessageParams>
        <string>Cell 2</string>
      </MessageParams>
      <Timestamp>2022-01-13T13:10:51.6450275+01:00</Timestamp>
      <MessageText>Monitoring space 'Cell 2' configured.</MessageText>
    </ProtocolEntry>
    <ProtocolEntry>
      <MessageKey>ChangeLog_ConfigurationSaved</MessageKey>
      <MessageParams />
      <Timestamp>2022-01-13T13:10:56.3252039+01:00</Timestamp>
      <MessageText>Local safety configuration saved.</MessageText>
    </ProtocolEntry>
    <ProtocolEntry>
      <MessageKey>ChangeLog_MonitoringSpaceParameterChanged</MessageKey>
      <MessageParams>
        <string>Cell 1</string>
      </MessageParams>
      <Timestamp>2022-01-13T13:17:32.9934936+01:00</Timestamp>
      <MessageText>Monitoring space 'Cell 1' configured.</MessageText>
    </ProtocolEntry>
    <ProtocolEntry>
      <MessageKey>ChangeLog_MonitoringSpaceParameterChanged</MessageKey>
      <MessageParams>
        <string>Cell 3</string>
      </MessageParams>
      <Timestamp>2022-01-13T13:17:39.3420653+01:00</Timestamp>
      <MessageText>Monitoring space 'Cell 3' configured.</MessageText>
    </ProtocolEntry>
    <ProtocolEntry>
      <MessageKey>ChangeLog_MonitoringSpaceParameterChanged</MessageKey>
      <MessageParams>
        <string>Space 5</string>
      </MessageParams>
      <Timestamp>2022-01-13T13:17:44.9126839+01:00</Timestamp>
      <MessageText>Monitoring space 'Space 5' configured.</MessageText>
    </ProtocolEntry>
    <ProtocolEntry>
      <MessageKey>ChangeLog_ConfigurationSaved</MessageKey>
      <MessageParams />
      <Timestamp>2022-01-13T13:17:49.1650846+01:00</Timestamp>
      <MessageText>Local safety configuration saved.</MessageText>
    </ProtocolEntry>
  </Entries>
</SafetyChangeLog>