﻿<?xml version="1.0" encoding="utf-8"?>
<!--(C) Kuka Roboter GmbH 2022-->
<!--Creation Date: 1/13/2022 1:18:44 PM-->
<configuration xsi:noNamespaceSchemaLocation="file:///C:/KRC/SmartHmi/Schemes/SafetyConfigImport.xsd" xmlns:xsi="http://www.w3.org/2001/XMLSchema-instance">
  <SchemaVersion>1.0</SchemaVersion>
  <ControllerInformation>
    <ControllerType>KRC4</ControllerType>
    <FirmwareVersion>8.6.8</FirmwareVersion>
    <KukaOptionPackages>
      <KukaOptionPackage Identifier="KUKA.EtherNetIP MS" MinVersion="4.1.2.26" />
      <KukaOptionPackage Identifier="SafeOperation" MinVersion="3.5.2.25" />
      <KukaOptionPackage Identifier="KUKA.DeviceConnector pre-installed" MinVersion="2.1.2.341" />
      <KukaOptionPackage Identifier="CNC" MinVersion="3.0.1.65" />
      <KukaOptionPackage Identifier="PROCONOS 4-1" MinVersion="3.0.1.65" />
    </KukaOptionPackages>
  </ControllerInformation>
  <KUKARoboter.SafeRobot.Parameters>
    <encryptedData>
      <SafetyParameters>
        <RangeMonitoring>
          <CellSpace>
            <Zmin>-680</Zmin>
            <Zmax>2300</Zmax>
            <Polygon Number="1">
              <X>1053</X>
              <Y>2585</Y>
              <IsPolygonNodeActive>1</IsPolygonNodeActive>
            </Polygon>
            <Polygon Number="2">
              <X>2476</X>
              <Y>1151</Y>
              <IsPolygonNodeActive>1</IsPolygonNodeActive>
            </Polygon>
            <Polygon Number="3">
              <X>2448</X>
              <Y>-1156</Y>
              <IsPolygonNodeActive>1</IsPolygonNodeActive>
            </Polygon>
            <Polygon Number="4">
              <X>1068</X>
              <Y>-2505</Y>
              <IsPolygonNodeActive>1</IsPolygonNodeActive>
            </Polygon>
            <Polygon Number="5">
              <X>-1137</X>
              <Y>-2571</Y>
              <IsPolygonNodeActive>1</IsPolygonNodeActive>
            </Polygon>
            <Polygon Number="6">
              <X>-2539</X>
              <Y>-1083</Y>
              <IsPolygonNodeActive>1</IsPolygonNodeActive>
            </Polygon>
            <Polygon Number="7">
              <X>0</X>
              <Y>0</Y>
              <IsPolygonNodeActive>0</IsPolygonNodeActive>
            </Polygon>
            <Polygon Number="8">
              <X>0</X>
              <Y>0</Y>
              <IsPolygonNodeActive>0</IsPolygonNodeActive>
            </Polygon>
            <Polygon Number="9">
              <X>0</X>
              <Y>0</Y>
              <IsPolygonNodeActive>0</IsPolygonNodeActive>
            </Polygon>
            <Polygon Number="10">
              <X>0</X>
              <Y>0</Y>
              <IsPolygonNodeActive>0</IsPolygonNodeActive>
            </Polygon>
          </CellSpace>
          <WorkspaceMonitoring Number="1" Name="Cell 1">
            <Activation>0</Activation>
            <RobotStops>0</RobotStops>
            <RangeType>1</RangeType>
            <IsProtectedSpace>1</IsProtectedSpace>
            <MonitoringStop>0</MonitoringStop>
            <CheckCartesianSpeedInProtectedArea>0</CheckCartesianSpeedInProtectedArea>
            <CartVel>30000</CartVel>
            <ReferenceRobRoot>0</ReferenceRobRoot>
            <AxisRange>
              <Axis Number="1">
                <AxisEnabled>0</AxisEnabled>
              </Axis>
              <Axis Number="2">
                <AxisEnabled>0</AxisEnabled>
              </Axis>
              <Axis Number="3">
                <AxisEnabled>0</AxisEnabled>
              </Axis>
              <Axis Number="4">
                <AxisEnabled>0</AxisEnabled>
              </Axis>
              <Axis Number="5">
                <AxisEnabled>0</AxisEnabled>
              </Axis>
              <Axis Number="6">
                <AxisEnabled>0</AxisEnabled>
              </Axis>
            </AxisRange>
            <CartesianRange>
              <X>0</X>
              <Y>0</Y>
              <Z>0</Z>
              <A>45</A>
              <B>0</B>
              <C>0</C>
              <X1>600</X1>
              <X2>2500</X2>
              <Y1>-1900</Y1>
              <Y2>900</Y2>
              <Z1>-200</Z1>
              <Z2>2500</Z2>
            </CartesianRange>
          </WorkspaceMonitoring>
          <WorkspaceMonitoring Number="2" Name="Cell 2">
            <Activation>0</Activation>
            <RobotStops>0</RobotStops>
            <RangeType>1</RangeType>
            <IsProtectedSpace>1</IsProtectedSpace>
            <MonitoringStop>0</MonitoringStop>
            <CheckCartesianSpeedInProtectedArea>0</CheckCartesianSpeedInProtectedArea>
            <CartVel>30000</CartVel>
            <ReferenceRobRoot>0</ReferenceRobRoot>
            <AxisRange>
              <Axis Number="1">
                <AxisEnabled>0</AxisEnabled>
              </Axis>
              <Axis Number="2">
                <AxisEnabled>0</AxisEnabled>
              </Axis>
              <Axis Number="3">
                <AxisEnabled>0</AxisEnabled>
              </Axis>
              <Axis Number="4">
                <AxisEnabled>0</AxisEnabled>
              </Axis>
              <Axis Number="5">
                <AxisEnabled>0</AxisEnabled>
              </Axis>
              <Axis Number="6">
                <AxisEnabled>0</AxisEnabled>
              </Axis>
            </AxisRange>
            <CartesianRange>
              <X>0</X>
              <Y>0</Y>
              <Z>0</Z>
              <A>45</A>
              <B>0</B>
              <C>0</C>
              <X1>-1500</X1>
              <X2>1800</X2>
              <Y1>-2500</Y1>
              <Y2>-600</Y2>
              <Z1>-200</Z1>
              <Z2>2500</Z2>
            </CartesianRange>
          </WorkspaceMonitoring>
          <WorkspaceMonitoring Number="3" Name="Cell 3">
            <Activation>0</Activation>
            <RobotStops>0</RobotStops>
            <RangeType>1</RangeType>
            <IsProtectedSpace>1</IsProtectedSpace>
            <MonitoringStop>0</MonitoringStop>
            <CheckCartesianSpeedInProtectedArea>0</CheckCartesianSpeedInProtectedArea>
            <CartVel>30000</CartVel>
            <ReferenceRobRoot>0</ReferenceRobRoot>
            <AxisRange>
              <Axis Number="1">
                <AxisEnabled>0</AxisEnabled>
              </Axis>
              <Axis Number="2">
                <AxisEnabled>0</AxisEnabled>
              </Axis>
              <Axis Number="3">
                <AxisEnabled>0</AxisEnabled>
              </Axis>
              <Axis Number="4">
                <AxisEnabled>0</AxisEnabled>
              </Axis>
              <Axis Number="5">
                <AxisEnabled>0</AxisEnabled>
              </Axis>
              <Axis Number="6">
                <AxisEnabled>0</AxisEnabled>
              </Axis>
            </AxisRange>
            <CartesianRange>
              <X>0</X>
              <Y>0</Y>
              <Z>0</Z>
              <A>45</A>
              <B>0</B>
              <C>0</C>
              <X1>-2500</X1>
              <X2>-600</X2>
              <Y1>-1500</Y1>
              <Y2>900</Y2>
              <Z1>-200</Z1>
              <Z2>2500</Z2>
            </CartesianRange>
          </WorkspaceMonitoring>
          <WorkspaceMonitoring Number="4" Name="Cell 4">
            <Activation>255</Activation>
            <RobotStops>0</RobotStops>
            <RangeType>1</RangeType>
            <IsProtectedSpace>0</IsProtectedSpace>
            <MonitoringStop>0</MonitoringStop>
            <CheckCartesianSpeedInProtectedArea>0</CheckCartesianSpeedInProtectedArea>
            <CartVel>30000</CartVel>
            <ReferenceRobRoot>0</ReferenceRobRoot>
            <AxisRange>
              <Axis Number="1">
                <AxisEnabled>0</AxisEnabled>
              </Axis>
              <Axis Number="2">
                <AxisEnabled>0</AxisEnabled>
              </Axis>
              <Axis Number="3">
                <AxisEnabled>0</AxisEnabled>
              </Axis>
              <Axis Number="4">
                <AxisEnabled>0</AxisEnabled>
              </Axis>
              <Axis Number="5">
                <AxisEnabled>0</AxisEnabled>
              </Axis>
              <Axis Number="6">
                <AxisEnabled>0</AxisEnabled>
              </Axis>
            </AxisRange>
            <CartesianRange>
              <X>0</X>
              <Y>0</Y>
              <Z>0</Z>
              <A>45</A>
              <B>0</B>
              <C>0</C>
              <X1>0</X1>
              <X2>0</X2>
              <Y1>0</Y1>
              <Y2>0</Y2>
              <Z1>0</Z1>
              <Z2>0</Z2>
            </CartesianRange>
          </WorkspaceMonitoring>
          <WorkspaceMonitoring Number="5" Name="Space 5">
            <Activation>0</Activation>
            <RobotStops>0</RobotStops>
            <RangeType>1</RangeType>
            <IsProtectedSpace>1</IsProtectedSpace>
            <MonitoringStop>0</MonitoringStop>
            <CheckCartesianSpeedInProtectedArea>0</CheckCartesianSpeedInProtectedArea>
            <CartVel>30000</CartVel>
            <ReferenceRobRoot>0</ReferenceRobRoot>
            <AxisRange>
              <Axis Number="1">
                <AxisEnabled>0</AxisEnabled>
              </Axis>
              <Axis Number="2">
                <AxisEnabled>0</AxisEnabled>
              </Axis>
              <Axis Number="3">
                <AxisEnabled>0</AxisEnabled>
              </Axis>
              <Axis Number="4">
                <AxisEnabled>0</AxisEnabled>
              </Axis>
              <Axis Number="5">
                <AxisEnabled>0</AxisEnabled>
              </Axis>
              <Axis Number="6">
                <AxisEnabled>0</AxisEnabled>
              </Axis>
            </AxisRange>
            <CartesianRange>
              <X>0</X>
              <Y>0</Y>
              <Z>0</Z>
              <A>45</A>
              <B>0</B>
              <C>0</C>
              <X1>-1100</X1>
              <X2>1100</X2>
              <Y1>-1100</Y1>
              <Y2>1100</Y2>
              <Z1>-200</Z1>
              <Z2>2500</Z2>
            </CartesianRange>
          </WorkspaceMonitoring>
          <WorkspaceMonitoring Number="6" Name="Space 6">
            <Activation>255</Activation>
            <RobotStops>1</RobotStops>
            <RangeType>1</RangeType>
            <IsProtectedSpace>0</IsProtectedSpace>
            <MonitoringStop>0</MonitoringStop>
            <CheckCartesianSpeedInProtectedArea>0</CheckCartesianSpeedInProtectedArea>
            <CartVel>30000</CartVel>
            <ReferenceRobRoot>0</ReferenceRobRoot>
            <AxisRange>
              <Axis Number="1">
                <AxisEnabled>0</AxisEnabled>
              </Axis>
              <Axis Number="2">
                <AxisEnabled>0</AxisEnabled>
              </Axis>
              <Axis Number="3">
                <AxisEnabled>0</AxisEnabled>
              </Axis>
              <Axis Number="4">
                <AxisEnabled>0</AxisEnabled>
              </Axis>
              <Axis Number="5">
                <AxisEnabled>0</AxisEnabled>
              </Axis>
              <Axis Number="6">
                <AxisEnabled>0</AxisEnabled>
              </Axis>
            </AxisRange>
            <CartesianRange>
              <X>0</X>
              <Y>0</Y>
              <Z>0</Z>
              <A>0</A>
              <B>0</B>
              <C>0</C>
              <X1>0</X1>
              <X2>0</X2>
              <Y1>0</Y1>
              <Y2>0</Y2>
              <Z1>0</Z1>
              <Z2>0</Z2>
            </CartesianRange>
          </WorkspaceMonitoring>
          <WorkspaceMonitoring Number="7" Name="Space 7">
            <Activation>255</Activation>
            <RobotStops>1</RobotStops>
            <RangeType>1</RangeType>
            <IsProtectedSpace>0</IsProtectedSpace>
            <MonitoringStop>0</MonitoringStop>
            <CheckCartesianSpeedInProtectedArea>0</CheckCartesianSpeedInProtectedArea>
            <CartVel>30000</CartVel>
            <ReferenceRobRoot>0</ReferenceRobRoot>
            <AxisRange>
              <Axis Number="1">
                <AxisEnabled>0</AxisEnabled>
              </Axis>
              <Axis Number="2">
                <AxisEnabled>0</AxisEnabled>
              </Axis>
              <Axis Number="3">
                <AxisEnabled>0</AxisEnabled>
              </Axis>
              <Axis Number="4">
                <AxisEnabled>0</AxisEnabled>
              </Axis>
              <Axis Number="5">
                <AxisEnabled>0</AxisEnabled>
              </Axis>
              <Axis Number="6">
                <AxisEnabled>0</AxisEnabled>
              </Axis>
            </AxisRange>
            <CartesianRange>
              <X>0</X>
              <Y>0</Y>
              <Z>0</Z>
              <A>0</A>
              <B>0</B>
              <C>0</C>
              <X1>0</X1>
              <X2>0</X2>
              <Y1>0</Y1>
              <Y2>0</Y2>
              <Z1>0</Z1>
              <Z2>0</Z2>
            </CartesianRange>
          </WorkspaceMonitoring>
          <WorkspaceMonitoring Number="8" Name="Space 8">
            <Activation>255</Activation>
            <RobotStops>1</RobotStops>
            <RangeType>1</RangeType>
            <IsProtectedSpace>0</IsProtectedSpace>
            <MonitoringStop>0</MonitoringStop>
            <CheckCartesianSpeedInProtectedArea>0</CheckCartesianSpeedInProtectedArea>
            <CartVel>30000</CartVel>
            <ReferenceRobRoot>0</ReferenceRobRoot>
            <AxisRange>
              <Axis Number="1">
                <AxisEnabled>0</AxisEnabled>
              </Axis>
              <Axis Number="2">
                <AxisEnabled>0</AxisEnabled>
              </Axis>
              <Axis Number="3">
                <AxisEnabled>0</AxisEnabled>
              </Axis>
              <Axis Number="4">
                <AxisEnabled>0</AxisEnabled>
              </Axis>
              <Axis Number="5">
                <AxisEnabled>0</AxisEnabled>
              </Axis>
              <Axis Number="6">
                <AxisEnabled>0</AxisEnabled>
              </Axis>
            </AxisRange>
            <CartesianRange>
              <X>0</X>
              <Y>0</Y>
              <Z>0</Z>
              <A>0</A>
              <B>0</B>
              <C>0</C>
              <X1>0</X1>
              <X2>0</X2>
              <Y1>0</Y1>
              <Y2>0</Y2>
              <Z1>0</Z1>
              <Z2>0</Z2>
            </CartesianRange>
          </WorkspaceMonitoring>
          <WorkspaceMonitoring Number="9" Name="Space 9">
            <Activation>255</Activation>
            <RobotStops>1</RobotStops>
            <RangeType>1</RangeType>
            <IsProtectedSpace>0</IsProtectedSpace>
            <MonitoringStop>0</MonitoringStop>
            <CheckCartesianSpeedInProtectedArea>0</CheckCartesianSpeedInProtectedArea>
            <CartVel>30000</CartVel>
            <ReferenceRobRoot>0</ReferenceRobRoot>
            <AxisRange>
              <Axis Number="1">
                <AxisEnabled>0</AxisEnabled>
              </Axis>
              <Axis Number="2">
                <AxisEnabled>0</AxisEnabled>
              </Axis>
              <Axis Number="3">
                <AxisEnabled>0</AxisEnabled>
              </Axis>
              <Axis Number="4">
                <AxisEnabled>0</AxisEnabled>
              </Axis>
              <Axis Number="5">
                <AxisEnabled>0</AxisEnabled>
              </Axis>
              <Axis Number="6">
                <AxisEnabled>0</AxisEnabled>
              </Axis>
            </AxisRange>
            <CartesianRange>
              <X>0</X>
              <Y>0</Y>
              <Z>0</Z>
              <A>0</A>
              <B>0</B>
              <C>0</C>
              <X1>0</X1>
              <X2>0</X2>
              <Y1>0</Y1>
              <Y2>0</Y2>
              <Z1>0</Z1>
              <Z2>0</Z2>
            </CartesianRange>
          </WorkspaceMonitoring>
          <WorkspaceMonitoring Number="10" Name="Space 10">
            <Activation>255</Activation>
            <RobotStops>1</RobotStops>
            <RangeType>1</RangeType>
            <IsProtectedSpace>0</IsProtectedSpace>
            <MonitoringStop>0</MonitoringStop>
            <CheckCartesianSpeedInProtectedArea>0</CheckCartesianSpeedInProtectedArea>
            <CartVel>30000</CartVel>
            <ReferenceRobRoot>0</ReferenceRobRoot>
            <AxisRange>
              <Axis Number="1">
                <AxisEnabled>0</AxisEnabled>
              </Axis>
              <Axis Number="2">
                <AxisEnabled>0</AxisEnabled>
              </Axis>
              <Axis Number="3">
                <AxisEnabled>0</AxisEnabled>
              </Axis>
              <Axis Number="4">
                <AxisEnabled>0</AxisEnabled>
              </Axis>
              <Axis Number="5">
                <AxisEnabled>0</AxisEnabled>
              </Axis>
              <Axis Number="6">
                <AxisEnabled>0</AxisEnabled>
              </Axis>
            </AxisRange>
            <CartesianRange>
              <X>0</X>
              <Y>0</Y>
              <Z>0</Z>
              <A>0</A>
              <B>0</B>
              <C>0</C>
              <X1>0</X1>
              <X2>0</X2>
              <Y1>0</Y1>
              <Y2>0</Y2>
              <Z1>0</Z1>
              <Z2>0</Z2>
            </CartesianRange>
          </WorkspaceMonitoring>
          <WorkspaceMonitoring Number="11" Name="Space 11">
            <Activation>255</Activation>
            <RobotStops>1</RobotStops>
            <RangeType>1</RangeType>
            <IsProtectedSpace>0</IsProtectedSpace>
            <MonitoringStop>0</MonitoringStop>
            <CheckCartesianSpeedInProtectedArea>0</CheckCartesianSpeedInProtectedArea>
            <CartVel>30000</CartVel>
            <ReferenceRobRoot>0</ReferenceRobRoot>
            <AxisRange>
              <Axis Number="1">
                <AxisEnabled>0</AxisEnabled>
              </Axis>
              <Axis Number="2">
                <AxisEnabled>0</AxisEnabled>
              </Axis>
              <Axis Number="3">
                <AxisEnabled>0</AxisEnabled>
              </Axis>
              <Axis Number="4">
                <AxisEnabled>0</AxisEnabled>
              </Axis>
              <Axis Number="5">
                <AxisEnabled>0</AxisEnabled>
              </Axis>
              <Axis Number="6">
                <AxisEnabled>0</AxisEnabled>
              </Axis>
            </AxisRange>
            <CartesianRange>
              <X>0</X>
              <Y>0</Y>
              <Z>0</Z>
              <A>0</A>
              <B>0</B>
              <C>0</C>
              <X1>0</X1>
              <X2>0</X2>
              <Y1>0</Y1>
              <Y2>0</Y2>
              <Z1>0</Z1>
              <Z2>0</Z2>
            </CartesianRange>
          </WorkspaceMonitoring>
          <WorkspaceMonitoring Number="12" Name="Space 12">
            <Activation>255</Activation>
            <RobotStops>1</RobotStops>
            <RangeType>1</RangeType>
            <IsProtectedSpace>0</IsProtectedSpace>
            <MonitoringStop>0</MonitoringStop>
            <CheckCartesianSpeedInProtectedArea>0</CheckCartesianSpeedInProtectedArea>
            <CartVel>30000</CartVel>
            <ReferenceRobRoot>0</ReferenceRobRoot>
            <AxisRange>
              <Axis Number="1">
                <AxisEnabled>0</AxisEnabled>
              </Axis>
              <Axis Number="2">
                <AxisEnabled>0</AxisEnabled>
              </Axis>
              <Axis Number="3">
                <AxisEnabled>0</AxisEnabled>
              </Axis>
              <Axis Number="4">
                <AxisEnabled>0</AxisEnabled>
              </Axis>
              <Axis Number="5">
                <AxisEnabled>0</AxisEnabled>
              </Axis>
              <Axis Number="6">
                <AxisEnabled>0</AxisEnabled>
              </Axis>
            </AxisRange>
            <CartesianRange>
              <X>0</X>
              <Y>0</Y>
              <Z>0</Z>
              <A>0</A>
              <B>0</B>
              <C>0</C>
              <X1>0</X1>
              <X2>0</X2>
              <Y1>0</Y1>
              <Y2>0</Y2>
              <Z1>0</Z1>
              <Z2>0</Z2>
            </CartesianRange>
          </WorkspaceMonitoring>
          <WorkspaceMonitoring Number="13" Name="Space 13">
            <Activation>255</Activation>
            <RobotStops>1</RobotStops>
            <RangeType>1</RangeType>
            <IsProtectedSpace>0</IsProtectedSpace>
            <MonitoringStop>0</MonitoringStop>
            <CheckCartesianSpeedInProtectedArea>0</CheckCartesianSpeedInProtectedArea>
            <CartVel>30000</CartVel>
            <ReferenceRobRoot>0</ReferenceRobRoot>
            <AxisRange>
              <Axis Number="1">
                <AxisEnabled>0</AxisEnabled>
              </Axis>
              <Axis Number="2">
                <AxisEnabled>0</AxisEnabled>
              </Axis>
              <Axis Number="3">
                <AxisEnabled>0</AxisEnabled>
              </Axis>
              <Axis Number="4">
                <AxisEnabled>0</AxisEnabled>
              </Axis>
              <Axis Number="5">
                <AxisEnabled>0</AxisEnabled>
              </Axis>
              <Axis Number="6">
                <AxisEnabled>0</AxisEnabled>
              </Axis>
            </AxisRange>
            <CartesianRange>
              <X>0</X>
              <Y>0</Y>
              <Z>0</Z>
              <A>0</A>
              <B>0</B>
              <C>0</C>
              <X1>0</X1>
              <X2>0</X2>
              <Y1>0</Y1>
              <Y2>0</Y2>
              <Z1>0</Z1>
              <Z2>0</Z2>
            </CartesianRange>
          </WorkspaceMonitoring>
          <WorkspaceMonitoring Number="14" Name="Space 14">
            <Activation>255</Activation>
            <RobotStops>1</RobotStops>
            <RangeType>1</RangeType>
            <IsProtectedSpace>0</IsProtectedSpace>
            <MonitoringStop>0</MonitoringStop>
            <CheckCartesianSpeedInProtectedArea>0</CheckCartesianSpeedInProtectedArea>
            <CartVel>30000</CartVel>
            <ReferenceRobRoot>0</ReferenceRobRoot>
            <AxisRange>
              <Axis Number="1">
                <AxisEnabled>0</AxisEnabled>
              </Axis>
              <Axis Number="2">
                <AxisEnabled>0</AxisEnabled>
              </Axis>
              <Axis Number="3">
                <AxisEnabled>0</AxisEnabled>
              </Axis>
              <Axis Number="4">
                <AxisEnabled>0</AxisEnabled>
              </Axis>
              <Axis Number="5">
                <AxisEnabled>0</AxisEnabled>
              </Axis>
              <Axis Number="6">
                <AxisEnabled>0</AxisEnabled>
              </Axis>
            </AxisRange>
            <CartesianRange>
              <X>0</X>
              <Y>0</Y>
              <Z>0</Z>
              <A>0</A>
              <B>0</B>
              <C>0</C>
              <X1>0</X1>
              <X2>0</X2>
              <Y1>0</Y1>
              <Y2>0</Y2>
              <Z1>0</Z1>
              <Z2>0</Z2>
            </CartesianRange>
          </WorkspaceMonitoring>
          <WorkspaceMonitoring Number="15" Name="Space 15">
            <Activation>255</Activation>
            <RobotStops>1</RobotStops>
            <RangeType>1</RangeType>
            <IsProtectedSpace>0</IsProtectedSpace>
            <MonitoringStop>0</MonitoringStop>
            <CheckCartesianSpeedInProtectedArea>0</CheckCartesianSpeedInProtectedArea>
            <CartVel>30000</CartVel>
            <ReferenceRobRoot>0</ReferenceRobRoot>
            <AxisRange>
              <Axis Number="1">
                <AxisEnabled>0</AxisEnabled>
              </Axis>
              <Axis Number="2">
                <AxisEnabled>0</AxisEnabled>
              </Axis>
              <Axis Number="3">
                <AxisEnabled>0</AxisEnabled>
              </Axis>
              <Axis Number="4">
                <AxisEnabled>0</AxisEnabled>
              </Axis>
              <Axis Number="5">
                <AxisEnabled>0</AxisEnabled>
              </Axis>
              <Axis Number="6">
                <AxisEnabled>0</AxisEnabled>
              </Axis>
            </AxisRange>
            <CartesianRange>
              <X>0</X>
              <Y>0</Y>
              <Z>0</Z>
              <A>0</A>
              <B>0</B>
              <C>0</C>
              <X1>0</X1>
              <X2>0</X2>
              <Y1>0</Y1>
              <Y2>0</Y2>
              <Z1>0</Z1>
              <Z2>0</Z2>
            </CartesianRange>
          </WorkspaceMonitoring>
          <WorkspaceMonitoring Number="16" Name="Space 16">
            <Activation>255</Activation>
            <RobotStops>1</RobotStops>
            <RangeType>1</RangeType>
            <IsProtectedSpace>0</IsProtectedSpace>
            <MonitoringStop>0</MonitoringStop>
            <CheckCartesianSpeedInProtectedArea>0</CheckCartesianSpeedInProtectedArea>
            <CartVel>30000</CartVel>
            <ReferenceRobRoot>0</ReferenceRobRoot>
            <AxisRange>
              <Axis Number="1">
                <AxisEnabled>0</AxisEnabled>
              </Axis>
              <Axis Number="2">
                <AxisEnabled>0</AxisEnabled>
              </Axis>
              <Axis Number="3">
                <AxisEnabled>0</AxisEnabled>
              </Axis>
              <Axis Number="4">
                <AxisEnabled>0</AxisEnabled>
              </Axis>
              <Axis Number="5">
                <AxisEnabled>0</AxisEnabled>
              </Axis>
              <Axis Number="6">
                <AxisEnabled>0</AxisEnabled>
              </Axis>
            </AxisRange>
            <CartesianRange>
              <X>0</X>
              <Y>0</Y>
              <Z>0</Z>
              <A>0</A>
              <B>0</B>
              <C>0</C>
              <X1>0</X1>
              <X2>0</X2>
              <Y1>0</Y1>
              <Y2>0</Y2>
              <Z1>0</Z1>
              <Z2>0</Z2>
            </CartesianRange>
          </WorkspaceMonitoring>
        </RangeMonitoring>
        <Tools>
          <Tool Number="1" Name="myTool">
            <ToolEnabled>1</ToolEnabled>
            <TCPVector_X>376</TCPVector_X>
            <TCPVector_Y>0</TCPVector_Y>
            <TCPVector_Z>93</TCPVector_Z>
            <Sphere Number="1">
              <SphereEnabled>1</SphereEnabled>
              <X>376</X>
              <Y>0</Y>
              <Z>93</Z>
              <Radius>60</Radius>
            </Sphere>
          </Tool>
          <Tool Number="2" Name="Tool 2">
            <ToolEnabled>0</ToolEnabled>
            <TCPVector_X>0</TCPVector_X>
            <TCPVector_Y>0</TCPVector_Y>
            <TCPVector_Z>0</TCPVector_Z>
          </Tool>
          <Tool Number="3" Name="Tool 3">
            <ToolEnabled>0</ToolEnabled>
            <TCPVector_X>0</TCPVector_X>
            <TCPVector_Y>0</TCPVector_Y>
            <TCPVector_Z>0</TCPVector_Z>
          </Tool>
          <Tool Number="4" Name="Tool 4">
            <ToolEnabled>0</ToolEnabled>
            <TCPVector_X>0</TCPVector_X>
            <TCPVector_Y>0</TCPVector_Y>
            <TCPVector_Z>0</TCPVector_Z>
          </Tool>
          <Tool Number="5" Name="Tool 5">
            <ToolEnabled>0</ToolEnabled>
            <TCPVector_X>0</TCPVector_X>
            <TCPVector_Y>0</TCPVector_Y>
            <TCPVector_Z>0</TCPVector_Z>
          </Tool>
          <Tool Number="6" Name="Tool 6">
            <ToolEnabled>0</ToolEnabled>
            <TCPVector_X>0</TCPVector_X>
            <TCPVector_Y>0</TCPVector_Y>
            <TCPVector_Z>0</TCPVector_Z>
          </Tool>
          <Tool Number="7" Name="Tool 7">
            <ToolEnabled>0</ToolEnabled>
            <TCPVector_X>0</TCPVector_X>
            <TCPVector_Y>0</TCPVector_Y>
            <TCPVector_Z>0</TCPVector_Z>
          </Tool>
          <Tool Number="8" Name="Tool 8">
            <ToolEnabled>0</ToolEnabled>
            <TCPVector_X>0</TCPVector_X>
            <TCPVector_Y>0</TCPVector_Y>
            <TCPVector_Z>0</TCPVector_Z>
          </Tool>
          <Tool Number="9" Name="Tool 9">
            <ToolEnabled>0</ToolEnabled>
            <TCPVector_X>0</TCPVector_X>
            <TCPVector_Y>0</TCPVector_Y>
            <TCPVector_Z>0</TCPVector_Z>
          </Tool>
          <Tool Number="10" Name="Tool 10">
            <ToolEnabled>0</ToolEnabled>
            <TCPVector_X>0</TCPVector_X>
            <TCPVector_Y>0</TCPVector_Y>
            <TCPVector_Z>0</TCPVector_Z>
          </Tool>
          <Tool Number="11" Name="Tool 11">
            <ToolEnabled>0</ToolEnabled>
            <TCPVector_X>0</TCPVector_X>
            <TCPVector_Y>0</TCPVector_Y>
            <TCPVector_Z>0</TCPVector_Z>
          </Tool>
          <Tool Number="12" Name="Tool 12">
            <ToolEnabled>0</ToolEnabled>
            <TCPVector_X>0</TCPVector_X>
            <TCPVector_Y>0</TCPVector_Y>
            <TCPVector_Z>0</TCPVector_Z>
          </Tool>
          <Tool Number="13" Name="Tool 13">
            <ToolEnabled>0</ToolEnabled>
            <TCPVector_X>0</TCPVector_X>
            <TCPVector_Y>0</TCPVector_Y>
            <TCPVector_Z>0</TCPVector_Z>
          </Tool>
          <Tool Number="14" Name="Tool 14">
            <ToolEnabled>0</ToolEnabled>
            <TCPVector_X>0</TCPVector_X>
            <TCPVector_Y>0</TCPVector_Y>
            <TCPVector_Z>0</TCPVector_Z>
          </Tool>
          <Tool Number="15" Name="Tool 15">
            <ToolEnabled>0</ToolEnabled>
            <TCPVector_X>0</TCPVector_X>
            <TCPVector_Y>0</TCPVector_Y>
            <TCPVector_Z>0</TCPVector_Z>
          </Tool>
          <Tool Number="16" Name="Tool 16">
            <ToolEnabled>0</ToolEnabled>
            <TCPVector_X>0</TCPVector_X>
            <TCPVector_Y>0</TCPVector_Y>
            <TCPVector_Z>0</TCPVector_Z>
          </Tool>
        </Tools>
        <GlobalParameters>
          <MasteringTestInput>0</MasteringTestInput>
          <GlobalCartVel>9000</GlobalCartVel>
          <InpRedVelCartVel>30000</InpRedVelCartVel>
          <T1CartVel>250</T1CartVel>
          <GlobalAxisVel_rot>1000</GlobalAxisVel_rot>
          <GlobalAxisVel_lin>5000</GlobalAxisVel_lin>
        </GlobalParameters>
      </SafetyParameters>
    </encryptedData>
  </KUKARoboter.SafeRobot.Parameters>
</configuration>