<?xml version="1.0" encoding="UTF-8"?>
<!--/Roboter/Config/System/Common/-->
<NGShared xmlns:xsi="http://www.w3.org/2001/XMLSchema-instance" xsi:noNamespaceSchemaLocation="../Common/Schemes/NGSharedO.xsd">
   <Version Label="">
      <Info Version="KUKA V8.3"/>
      <Schema Version="1"/>
   </Version>
   <PersistService>
      <Persisters>
         <FoEPersister  Name="RDC" ID="0"   DeviceType="RDC"   BusId="ECAT-CTRLBUS" Occurrence="3" />
         <FoEPersister  Name="RDC" ID="0"   DeviceType="RDC"   BusId="ECAT-CTRLBUS" Occurrence="2" />
         <FoEPersister  Name="RDC" ID="0"   DeviceType="RDC"   BusId="ECAT-CTRLBUS" Occurrence="1" />
         <FoEPersister  Name="RDC" ID="0"   DeviceType="RDC"   BusId="ECAT-CTRLBUS" Occurrence="0" />
         <FoEPersister  Name="RDC" ID="0"   DeviceType="uRDC"  BusId="ECAT-CTRLBUS" Occurrence="0" />
         <FoEPersister  Name="RDC" ID="0"   DeviceType="PDS1"  BusId="ECAT-CTRLBUS" Occurrence="0" />
         <FoEPersister  Name="CIB" ID="0"   DeviceType="CIB"   BusId="ECAT-CTRLBUS" Occurrence="0" />
         <FoEPersister  Name="CIB" ID="0"   DeviceType="CIBsr" BusId="ECAT-CTRLBUS" Occurrence="0" />
         <FilePersister Name="PC"  ID="100" DefaultPath="/Roboter/Config/User/Common/PersistPC"    />
      </Persisters>
   </PersistService>
</NGShared>