Device:; CIP Safety; Type:; Masterstack
INPUTS:;
Id; Name; Value; State;
17033; External Emergency Stop (NHE); 1; Okay;
17034; Operator safety (BS); 1; Ignore;
17036; Safety stop 1 (SHS1); 1; Okay;
17037; Safety stop 2 (SHS2); 1; Okay;
17041; Safe operational stop (SBH); 1; Okay;
17042; Shutdown protocol acknowledge (SPA); 0; Ignore;
17059; Reference switch (JR); 0; NotInUse;
17063; Reduced velocity (VRED); 0; Ignore;
17064; Safe operational stop axis group 1 (SBH1); 1; Ignore;
17065; Safe operational stop axis group 2 (SBH2); 1; Ignore;
17066; Safe operational stop axis group 3 (SBH3); 1; Ignore;
17067; Safe operational stop axis group 4 (SBH4); 1; Ignore;
17068; Safe operational stop axis group 5 (SBH5); 1; Ignore;
17069; Safe operational stop axis group 6 (SBH6); 1; Ignore;
17070; Monitoring space 1 (UER1); 1; Ignore;
17071; Monitoring space 2 (UER2); 1; Ignore;
17072; Monitoring space 3 (UER3); 1; Ignore;
17073; Monitoring space 4 (UER4); 1; Ignore;
17074; Monitoring space 5 (UER5); 1; Ignore;
17075; Monitoring space 6 (UER6); 0; Ignore;
17076; Monitoring space 7 (UER7); 0; Ignore;
17077; Monitoring space 8 (UER8); 0; Ignore;
17078; Monitoring space 9 (UER9); 0; Ignore;
17079; Monitoring space 10 (UER10); 0; Ignore;
17080; Monitoring space 11 (UER11); 0; Ignore;
17081; Monitoring space 12 (UER12); 0; Ignore;
17082; Monitoring space 13 (UER13); 0; Ignore;
17083; Monitoring space 14 (UER14); 0; Ignore;
17084; Monitoring space 15 (UER16); 0; Ignore;
17085; Monitoring space 16 (UER16); 0; Ignore;
17086; Tool 1; 1; Error;
17086; Tool 2; 0; Error;
17086; Tool 3; 0; Error;
17086; Tool 4; 0; Error;
17086; Tool 5; 0; Error;
17086; Tool 6; 0; Error;
17086; Tool 7; 0; Error;
17086; Tool 8; 0; Error;
17086; Tool 9; 0; Error;
17086; Tool 10; 0; Error;
17086; Tool 11; 0; Error;
17086; Tool 12; 0; Error;
17086; Tool 13; 0; Error;
17086; Tool 14; 0; Error;
17086; Tool 15; 0; Error;
17086; Tool 16; 0; Ignore;
17035; Operator safety acknowledgment (QBS); 0; NotInUse;
17040; Peripheral contactor (US2); 0; NotInUse;
17229; Mastering confirmation (EJB); 0; NotInUse;
OUTPUTS:;
Id; Name; Value; State;
17045; Local Emergency Stop (NHL); 1; Okay;
17046; Drive enable (AF); 1; Okay;
17047; Motion enable (FF); 0; Warning;
17048; Enabling switch (ZS); 0; Warning;
17049; Periphery enable (PE); 0; Ignore;
17050; Operating mode Automatic or External (AUT); 0; Ignore;
17051; Operating mode T1 (T1); 1; Okay;
17052; Operating mode T2 (T2); 0; Ignore;
17053; External Emergency Stop (NHE); 1; Okay;
17054; Operator safety acknowledged (BSQ); 1; Ignore;
17055; Safety stop 1 (SHS1); 0; Okay;
17056; Safety stop 2 (SHS2); 0; Okay;
17057; Safety interface active; 1; Okay;
17058; Shutdown protocol (SP); 0; Ignore;
17102; Safe operation active (SO); 1; Ignore;
17103; Robot referenced (RR); 1; Ignore;
17104; Mastering error (JF); 1; Okay;
17122; Reduced velocity (VRED); 1; Ignore;
17123; Safe operational stop axis group 1 (SBH1); 0; Ignore;
17124; Safe operational stop axis group 2 (SBH2); 0; Ignore;
17125; Safe operational stop axis group 3 (SBH3); 0; Ignore;
17126; Safe operational stop axis group 4 (SBH4); 0; Ignore;
17127; Safe operational stop axis group 5 (SBH5); 0; Ignore;
17128; Safe operational stop axis group 6 (SBH6); 0; Ignore;
17106; Alarm space 1 (MR1); 1; Ignore;
17107; Alarm space 2 (MR2); 0; Ignore;
17108; Alarm space 3 (MR3); 1; Ignore;
17109; Alarm space 4 (MR4); 0; Ignore;
17110; Alarm space 5 (MR5); 1; Ignore;
17111; Alarm space 6 (MR6); 0; Ignore;
17112; Alarm space 7 (MR7); 0; Ignore;
17113; Alarm space 8 (MR8); 0; Ignore;
17114; Alarm space 9 (MR9); 0; Ignore;
17115; Alarm space 10 (MR10); 0; Ignore;
17116; Alarm space 11 (MR11); 0; Ignore;
17117; Alarm space 12 (MR12); 0; Ignore;
17118; Alarm space 13 (MR13); 0; Ignore;
17119; Alarm space 14 (MR14); 0; Ignore;
17120; Alarm space 15 (MR15); 0; Ignore;
17121; Alarm space 16 (MR16); 0; Ignore;
Device:; CIB; Type:; Sion
INPUTS:;
Id; Name; Bit; Value A; Value B; State; Error; CrossComparisonFailed;
17059; Reference switch (JR); 4; 1; -; Error; ; False;
17060; External enabling (ZSE1); 6; 1; -; Error; ; False;
17061; External panic (ZSE2); 7; 1; -; Error; ; False;
17062; Operator panel plugged in (BGG); 7; 1; -; Error; ; False;
17229; Mastering confirmation (EJB); 4; 1; -; Error; ; False;
17036; Safety stop 1 (SHS1); 5; 0; -; Error; ; False;
OUTPUTS:;
Id; Name; Bit; Value A; Value B; State; Error; CrossComparisonFailed;
17228; Braking contactor (SBC); 0; 0; 0; Error; ; False;
17227; Peripheral contactor (US2); 1; 0; 0; Error; ; False;
