﻿<XmlMeasurementPoints xmlns:xsi="http://www.w3.org/2001/XMLSchema-instance" xmlns:xsd="http://www.w3.org/2001/XMLSchema">
  <Tools>
    <Tool>
      <Index>1</Index>
      <Name>ToolHSK63</Name>
      <LoadData>Numeric</LoadData>
      <PrimaryMeasurementMethod>
        <Name>Numeric</Name>
        <Valid>true</Valid>
        <Frames>
          <PositionFrame>
            <X>455</X>
            <Y>0</Y>
            <Z>93</Z>
            <A>0</A>
            <B>-90</B>
            <C>0</C>
            <Status>0</Status>
            <Turn>0</Turn>
            <E1>0</E1>
            <E2>0</E2>
            <E3>0</E3>
            <E4>0</E4>
            <E5>0</E5>
            <E6>0</E6>
          </PositionFrame>
        </Frames>
        <MeasurementError xsi:nil="true" />
        <ComplementaryData />
      </PrimaryMeasurementMethod>
    </Tool>
    <Tool>
      <Index>2</Index>
      <Name>NoTool</Name>
      <LoadData>Numeric</LoadData>
      <PrimaryMeasurementMethod>
        <Name>Numeric</Name>
        <Valid>true</Valid>
        <Frames>
          <PositionFrame>
            <X>301.66</X>
            <Y>0</Y>
            <Z>93</Z>
            <A>0</A>
            <B>-90</B>
            <C>0</C>
            <Status>0</Status>
            <Turn>0</Turn>
            <E1>0</E1>
            <E2>0</E2>
            <E3>0</E3>
            <E4>0</E4>
            <E5>0</E5>
            <E6>0</E6>
          </PositionFrame>
        </Frames>
        <MeasurementError xsi:nil="true" />
        <ComplementaryData />
      </PrimaryMeasurementMethod>
    </Tool>
    <Tool>
      <Index>3</Index>
      <Name>Tool3</Name>
      <LoadData>Numeric</LoadData>
      <PrimaryMeasurementMethod>
        <Name>Numeric</Name>
        <Valid>true</Valid>
        <Frames>
          <PositionFrame>
            <X>301.66</X>
            <Y>0</Y>
            <Z>93</Z>
            <A>0</A>
            <B>-90</B>
            <C>0</C>
            <Status>0</Status>
            <Turn>0</Turn>
            <E1>0</E1>
            <E2>0</E2>
            <E3>0</E3>
            <E4>0</E4>
            <E5>0</E5>
            <E6>0</E6>
          </PositionFrame>
        </Frames>
        <MeasurementError xsi:nil="true" />
        <ComplementaryData />
      </PrimaryMeasurementMethod>
      <SecondaryMeasurementMethod>
        <Name>Numeric</Name>
        <Valid>true</Valid>
        <Frames>
          <PositionFrame>
            <X>301.66</X>
            <Y>0</Y>
            <Z>93</Z>
            <A>0</A>
            <B>-90</B>
            <C>0</C>
            <Status>0</Status>
            <Turn>0</Turn>
            <E1>0</E1>
            <E2>0</E2>
            <E3>0</E3>
            <E4>0</E4>
            <E5>0</E5>
            <E6>0</E6>
          </PositionFrame>
        </Frames>
        <MeasurementError xsi:nil="true" />
        <ComplementaryData />
      </SecondaryMeasurementMethod>
    </Tool>
    <Tool>
      <Index>4</Index>
      <Name>Tool4</Name>
      <LoadData>Numeric</LoadData>
      <PrimaryMeasurementMethod>
        <Name>Numeric</Name>
        <Valid>true</Valid>
        <Frames>
          <PositionFrame>
            <X>301.66</X>
            <Y>0</Y>
            <Z>93</Z>
            <A>0</A>
            <B>-90</B>
            <C>0</C>
            <Status>0</Status>
            <Turn>0</Turn>
            <E1>0</E1>
            <E2>0</E2>
            <E3>0</E3>
            <E4>0</E4>
            <E5>0</E5>
            <E6>0</E6>
          </PositionFrame>
        </Frames>
        <MeasurementError xsi:nil="true" />
        <ComplementaryData />
      </PrimaryMeasurementMethod>
      <SecondaryMeasurementMethod>
        <Name>Numeric</Name>
        <Valid>true</Valid>
        <Frames>
          <PositionFrame>
            <X>301.66</X>
            <Y>0</Y>
            <Z>93</Z>
            <A>0</A>
            <B>-90</B>
            <C>0</C>
            <Status>0</Status>
            <Turn>0</Turn>
            <E1>0</E1>
            <E2>0</E2>
            <E3>0</E3>
            <E4>0</E4>
            <E5>0</E5>
            <E6>0</E6>
          </PositionFrame>
        </Frames>
        <MeasurementError xsi:nil="true" />
        <ComplementaryData />
      </SecondaryMeasurementMethod>
    </Tool>
    <Tool>
      <Index>5</Index>
      <Name>Tool5</Name>
      <LoadData>Numeric</LoadData>
      <PrimaryMeasurementMethod>
        <Name>Numeric</Name>
        <Valid>true</Valid>
        <Frames>
          <PositionFrame>
            <X>301.66</X>
            <Y>0</Y>
            <Z>93</Z>
            <A>0</A>
            <B>-90</B>
            <C>0</C>
            <Status>0</Status>
            <Turn>0</Turn>
            <E1>0</E1>
            <E2>0</E2>
            <E3>0</E3>
            <E4>0</E4>
            <E5>0</E5>
            <E6>0</E6>
          </PositionFrame>
        </Frames>
        <MeasurementError xsi:nil="true" />
        <ComplementaryData />
      </PrimaryMeasurementMethod>
      <SecondaryMeasurementMethod>
        <Name>Numeric</Name>
        <Valid>true</Valid>
        <Frames>
          <PositionFrame>
            <X>301.66</X>
            <Y>0</Y>
            <Z>93</Z>
            <A>0</A>
            <B>-90</B>
            <C>0</C>
            <Status>0</Status>
            <Turn>0</Turn>
            <E1>0</E1>
            <E2>0</E2>
            <E3>0</E3>
            <E4>0</E4>
            <E5>0</E5>
            <E6>0</E6>
          </PositionFrame>
        </Frames>
        <MeasurementError xsi:nil="true" />
        <ComplementaryData />
      </SecondaryMeasurementMethod>
    </Tool>
    <Tool>
      <Index>6</Index>
      <Name>Tool6</Name>
      <LoadData>Numeric</LoadData>
      <PrimaryMeasurementMethod>
        <Name>Numeric</Name>
        <Valid>true</Valid>
        <Frames>
          <PositionFrame>
            <X>301.66</X>
            <Y>0</Y>
            <Z>93</Z>
            <A>0</A>
            <B>-90</B>
            <C>0</C>
            <Status>0</Status>
            <Turn>0</Turn>
            <E1>0</E1>
            <E2>0</E2>
            <E3>0</E3>
            <E4>0</E4>
            <E5>0</E5>
            <E6>0</E6>
          </PositionFrame>
        </Frames>
        <MeasurementError xsi:nil="true" />
        <ComplementaryData />
      </PrimaryMeasurementMethod>
      <SecondaryMeasurementMethod>
        <Name>Numeric</Name>
        <Valid>true</Valid>
        <Frames>
          <PositionFrame>
            <X>301.66</X>
            <Y>0</Y>
            <Z>93</Z>
            <A>0</A>
            <B>-90</B>
            <C>0</C>
            <Status>0</Status>
            <Turn>0</Turn>
            <E1>0</E1>
            <E2>0</E2>
            <E3>0</E3>
            <E4>0</E4>
            <E5>0</E5>
            <E6>0</E6>
          </PositionFrame>
        </Frames>
        <MeasurementError xsi:nil="true" />
        <ComplementaryData />
      </SecondaryMeasurementMethod>
    </Tool>
    <Tool>
      <Index>7</Index>
      <Name>Tool7</Name>
      <LoadData>Numeric</LoadData>
      <PrimaryMeasurementMethod>
        <Name>Numeric</Name>
        <Valid>true</Valid>
        <Frames>
          <PositionFrame>
            <X>301.66</X>
            <Y>0</Y>
            <Z>93</Z>
            <A>0</A>
            <B>-90</B>
            <C>0</C>
            <Status>0</Status>
            <Turn>0</Turn>
            <E1>0</E1>
            <E2>0</E2>
            <E3>0</E3>
            <E4>0</E4>
            <E5>0</E5>
            <E6>0</E6>
          </PositionFrame>
        </Frames>
        <MeasurementError xsi:nil="true" />
        <ComplementaryData />
      </PrimaryMeasurementMethod>
      <SecondaryMeasurementMethod>
        <Name>Numeric</Name>
        <Valid>true</Valid>
        <Frames>
          <PositionFrame>
            <X>301.66</X>
            <Y>0</Y>
            <Z>93</Z>
            <A>0</A>
            <B>-90</B>
            <C>0</C>
            <Status>0</Status>
            <Turn>0</Turn>
            <E1>0</E1>
            <E2>0</E2>
            <E3>0</E3>
            <E4>0</E4>
            <E5>0</E5>
            <E6>0</E6>
          </PositionFrame>
        </Frames>
        <MeasurementError xsi:nil="true" />
        <ComplementaryData />
      </SecondaryMeasurementMethod>
    </Tool>
    <Tool>
      <Index>8</Index>
      <Name>Tool8</Name>
      <LoadData>Numeric</LoadData>
      <PrimaryMeasurementMethod>
        <Name>Numeric</Name>
        <Valid>true</Valid>
        <Frames>
          <PositionFrame>
            <X>301.66</X>
            <Y>0</Y>
            <Z>93</Z>
            <A>0</A>
            <B>-90</B>
            <C>0</C>
            <Status>0</Status>
            <Turn>0</Turn>
            <E1>0</E1>
            <E2>0</E2>
            <E3>0</E3>
            <E4>0</E4>
            <E5>0</E5>
            <E6>0</E6>
          </PositionFrame>
        </Frames>
        <MeasurementError xsi:nil="true" />
        <ComplementaryData />
      </PrimaryMeasurementMethod>
      <SecondaryMeasurementMethod>
        <Name>Numeric</Name>
        <Valid>true</Valid>
        <Frames>
          <PositionFrame>
            <X>301.66</X>
            <Y>0</Y>
            <Z>93</Z>
            <A>0</A>
            <B>-90</B>
            <C>0</C>
            <Status>0</Status>
            <Turn>0</Turn>
            <E1>0</E1>
            <E2>0</E2>
            <E3>0</E3>
            <E4>0</E4>
            <E5>0</E5>
            <E6>0</E6>
          </PositionFrame>
        </Frames>
        <MeasurementError xsi:nil="true" />
        <ComplementaryData />
      </SecondaryMeasurementMethod>
    </Tool>
    <Tool>
      <Index>9</Index>
      <Name>Tool9</Name>
      <LoadData>Numeric</LoadData>
      <PrimaryMeasurementMethod>
        <Name>Numeric</Name>
        <Valid>true</Valid>
        <Frames>
          <PositionFrame>
            <X>301.66</X>
            <Y>0</Y>
            <Z>93</Z>
            <A>0</A>
            <B>-90</B>
            <C>0</C>
            <Status>0</Status>
            <Turn>0</Turn>
            <E1>0</E1>
            <E2>0</E2>
            <E3>0</E3>
            <E4>0</E4>
            <E5>0</E5>
            <E6>0</E6>
          </PositionFrame>
        </Frames>
        <MeasurementError xsi:nil="true" />
        <ComplementaryData />
      </PrimaryMeasurementMethod>
      <SecondaryMeasurementMethod>
        <Name>Numeric</Name>
        <Valid>true</Valid>
        <Frames>
          <PositionFrame>
            <X>301.66</X>
            <Y>0</Y>
            <Z>93</Z>
            <A>0</A>
            <B>-90</B>
            <C>0</C>
            <Status>0</Status>
            <Turn>0</Turn>
            <E1>0</E1>
            <E2>0</E2>
            <E3>0</E3>
            <E4>0</E4>
            <E5>0</E5>
            <E6>0</E6>
          </PositionFrame>
        </Frames>
        <MeasurementError xsi:nil="true" />
        <ComplementaryData />
      </SecondaryMeasurementMethod>
    </Tool>
    <Tool>
      <Index>10</Index>
      <Name>Tool10</Name>
      <LoadData>Numeric</LoadData>
      <PrimaryMeasurementMethod>
        <Name>Numeric</Name>
        <Valid>true</Valid>
        <Frames>
          <PositionFrame>
            <X>301.66</X>
            <Y>0</Y>
            <Z>93</Z>
            <A>0</A>
            <B>-90</B>
            <C>0</C>
            <Status>0</Status>
            <Turn>0</Turn>
            <E1>0</E1>
            <E2>0</E2>
            <E3>0</E3>
            <E4>0</E4>
            <E5>0</E5>
            <E6>0</E6>
          </PositionFrame>
        </Frames>
        <MeasurementError xsi:nil="true" />
        <ComplementaryData />
      </PrimaryMeasurementMethod>
      <SecondaryMeasurementMethod>
        <Name>Numeric</Name>
        <Valid>true</Valid>
        <Frames>
          <PositionFrame>
            <X>301.66</X>
            <Y>0</Y>
            <Z>93</Z>
            <A>0</A>
            <B>-90</B>
            <C>0</C>
            <Status>0</Status>
            <Turn>0</Turn>
            <E1>0</E1>
            <E2>0</E2>
            <E3>0</E3>
            <E4>0</E4>
            <E5>0</E5>
            <E6>0</E6>
          </PositionFrame>
        </Frames>
        <MeasurementError xsi:nil="true" />
        <ComplementaryData />
      </SecondaryMeasurementMethod>
    </Tool>
    <Tool>
      <Index>11</Index>
      <Name>Tool11</Name>
      <LoadData>Numeric</LoadData>
      <PrimaryMeasurementMethod>
        <Name>Numeric</Name>
        <Valid>true</Valid>
        <Frames>
          <PositionFrame>
            <X>301.66</X>
            <Y>0</Y>
            <Z>93</Z>
            <A>0</A>
            <B>-90</B>
            <C>0</C>
            <Status>0</Status>
            <Turn>0</Turn>
            <E1>0</E1>
            <E2>0</E2>
            <E3>0</E3>
            <E4>0</E4>
            <E5>0</E5>
            <E6>0</E6>
          </PositionFrame>
        </Frames>
        <MeasurementError xsi:nil="true" />
        <ComplementaryData />
      </PrimaryMeasurementMethod>
      <SecondaryMeasurementMethod>
        <Name>Numeric</Name>
        <Valid>true</Valid>
        <Frames>
          <PositionFrame>
            <X>301.66</X>
            <Y>0</Y>
            <Z>93</Z>
            <A>0</A>
            <B>-90</B>
            <C>0</C>
            <Status>0</Status>
            <Turn>0</Turn>
            <E1>0</E1>
            <E2>0</E2>
            <E3>0</E3>
            <E4>0</E4>
            <E5>0</E5>
            <E6>0</E6>
          </PositionFrame>
        </Frames>
        <MeasurementError xsi:nil="true" />
        <ComplementaryData />
      </SecondaryMeasurementMethod>
    </Tool>
    <Tool>
      <Index>12</Index>
      <Name>Tool12</Name>
      <LoadData>Numeric</LoadData>
      <PrimaryMeasurementMethod>
        <Name>Numeric</Name>
        <Valid>true</Valid>
        <Frames>
          <PositionFrame>
            <X>301.66</X>
            <Y>0</Y>
            <Z>93</Z>
            <A>0</A>
            <B>-90</B>
            <C>0</C>
            <Status>0</Status>
            <Turn>0</Turn>
            <E1>0</E1>
            <E2>0</E2>
            <E3>0</E3>
            <E4>0</E4>
            <E5>0</E5>
            <E6>0</E6>
          </PositionFrame>
        </Frames>
        <MeasurementError xsi:nil="true" />
        <ComplementaryData />
      </PrimaryMeasurementMethod>
      <SecondaryMeasurementMethod>
        <Name>Numeric</Name>
        <Valid>true</Valid>
        <Frames>
          <PositionFrame>
            <X>301.66</X>
            <Y>0</Y>
            <Z>93</Z>
            <A>0</A>
            <B>-90</B>
            <C>0</C>
            <Status>0</Status>
            <Turn>0</Turn>
            <E1>0</E1>
            <E2>0</E2>
            <E3>0</E3>
            <E4>0</E4>
            <E5>0</E5>
            <E6>0</E6>
          </PositionFrame>
        </Frames>
        <MeasurementError xsi:nil="true" />
        <ComplementaryData />
      </SecondaryMeasurementMethod>
    </Tool>
    <Tool>
      <Index>13</Index>
      <Name>Tool13</Name>
      <PrimaryMeasurementMethod>
        <Name>Numeric</Name>
        <Valid>true</Valid>
        <Frames>
          <PositionFrame>
            <X>298.86</X>
            <Y>0</Y>
            <Z>93</Z>
            <A>0</A>
            <B>-90</B>
            <C>0</C>
            <Status>0</Status>
            <Turn>0</Turn>
            <E1>0</E1>
            <E2>0</E2>
            <E3>0</E3>
            <E4>0</E4>
            <E5>0</E5>
            <E6>0</E6>
          </PositionFrame>
        </Frames>
        <MeasurementError xsi:nil="true" />
        <ComplementaryData />
      </PrimaryMeasurementMethod>
      <SecondaryMeasurementMethod>
        <Name>Numeric</Name>
        <Valid>true</Valid>
        <Frames>
          <PositionFrame>
            <X>298.86</X>
            <Y>0</Y>
            <Z>93</Z>
            <A>0</A>
            <B>-90</B>
            <C>0</C>
            <Status>0</Status>
            <Turn>0</Turn>
            <E1>0</E1>
            <E2>0</E2>
            <E3>0</E3>
            <E4>0</E4>
            <E5>0</E5>
            <E6>0</E6>
          </PositionFrame>
        </Frames>
        <MeasurementError xsi:nil="true" />
        <ComplementaryData />
      </SecondaryMeasurementMethod>
    </Tool>
    <Tool>
      <Index>14</Index>
      <Name>Tool14</Name>
      <PrimaryMeasurementMethod>
        <Name>Numeric</Name>
        <Valid>true</Valid>
        <Frames>
          <PositionFrame>
            <X>301.66</X>
            <Y>0</Y>
            <Z>93</Z>
            <A>0</A>
            <B>-90</B>
            <C>0</C>
            <Status>0</Status>
            <Turn>0</Turn>
            <E1>0</E1>
            <E2>0</E2>
            <E3>0</E3>
            <E4>0</E4>
            <E5>0</E5>
            <E6>0</E6>
          </PositionFrame>
        </Frames>
        <MeasurementError xsi:nil="true" />
        <ComplementaryData />
      </PrimaryMeasurementMethod>
      <SecondaryMeasurementMethod>
        <Name>Numeric</Name>
        <Valid>true</Valid>
        <Frames>
          <PositionFrame>
            <X>301.66</X>
            <Y>0</Y>
            <Z>93</Z>
            <A>0</A>
            <B>-90</B>
            <C>0</C>
            <Status>0</Status>
            <Turn>0</Turn>
            <E1>0</E1>
            <E2>0</E2>
            <E3>0</E3>
            <E4>0</E4>
            <E5>0</E5>
            <E6>0</E6>
          </PositionFrame>
        </Frames>
        <MeasurementError xsi:nil="true" />
        <ComplementaryData />
      </SecondaryMeasurementMethod>
    </Tool>
    <Tool>
      <Index>15</Index>
      <Name>Tool15</Name>
      <PrimaryMeasurementMethod>
        <Name>Numeric</Name>
        <Valid>true</Valid>
        <Frames>
          <PositionFrame>
            <X>301.66</X>
            <Y>0</Y>
            <Z>93</Z>
            <A>0</A>
            <B>-90</B>
            <C>0</C>
            <Status>0</Status>
            <Turn>0</Turn>
            <E1>0</E1>
            <E2>0</E2>
            <E3>0</E3>
            <E4>0</E4>
            <E5>0</E5>
            <E6>0</E6>
          </PositionFrame>
        </Frames>
        <MeasurementError xsi:nil="true" />
        <ComplementaryData />
      </PrimaryMeasurementMethod>
      <SecondaryMeasurementMethod>
        <Name>Numeric</Name>
        <Valid>true</Valid>
        <Frames>
          <PositionFrame>
            <X>301.66</X>
            <Y>0</Y>
            <Z>93</Z>
            <A>0</A>
            <B>-90</B>
            <C>0</C>
            <Status>0</Status>
            <Turn>0</Turn>
            <E1>0</E1>
            <E2>0</E2>
            <E3>0</E3>
            <E4>0</E4>
            <E5>0</E5>
            <E6>0</E6>
          </PositionFrame>
        </Frames>
        <MeasurementError xsi:nil="true" />
        <ComplementaryData />
      </SecondaryMeasurementMethod>
    </Tool>
    <Tool>
      <Index>16</Index>
      <Name>Tool16</Name>
      <PrimaryMeasurementMethod>
        <Name>Numeric</Name>
        <Valid>true</Valid>
        <Frames>
          <PositionFrame>
            <X>301.66</X>
            <Y>0</Y>
            <Z>93</Z>
            <A>0</A>
            <B>-90</B>
            <C>0</C>
            <Status>0</Status>
            <Turn>0</Turn>
            <E1>0</E1>
            <E2>0</E2>
            <E3>0</E3>
            <E4>0</E4>
            <E5>0</E5>
            <E6>0</E6>
          </PositionFrame>
        </Frames>
        <MeasurementError xsi:nil="true" />
        <ComplementaryData />
      </PrimaryMeasurementMethod>
      <SecondaryMeasurementMethod>
        <Name>Numeric</Name>
        <Valid>true</Valid>
        <Frames>
          <PositionFrame>
            <X>301.66</X>
            <Y>0</Y>
            <Z>93</Z>
            <A>0</A>
            <B>-90</B>
            <C>0</C>
            <Status>0</Status>
            <Turn>0</Turn>
            <E1>0</E1>
            <E2>0</E2>
            <E3>0</E3>
            <E4>0</E4>
            <E5>0</E5>
            <E6>0</E6>
          </PositionFrame>
        </Frames>
        <MeasurementError xsi:nil="true" />
        <ComplementaryData />
      </SecondaryMeasurementMethod>
    </Tool>
  </Tools>
  <Bases>
    <Base>
      <Index>1</Index>
      <Name>Cell1Base</Name>
      <PrimaryMeasurementMethod>
        <Name>Numeric</Name>
        <Valid>true</Valid>
        <Frames>
          <PositionFrame>
            <X>369.816</X>
            <Y>1488.45898</Y>
            <Z>30</Z>
            <A>45</A>
            <B>0</B>
            <C>0</C>
            <Status>0</Status>
            <Turn>0</Turn>
            <E1>0</E1>
            <E2>0</E2>
            <E3>0</E3>
            <E4>0</E4>
            <E5>0</E5>
            <E6>0</E6>
          </PositionFrame>
        </Frames>
        <MeasurementError xsi:nil="true" />
        <ComplementaryData />
      </PrimaryMeasurementMethod>
    </Base>
    <Base>
      <Index>2</Index>
      <Name>Cell2Base</Name>
      <PrimaryMeasurementMethod>
        <Name>Numeric</Name>
        <Valid>true</Valid>
        <Frames>
          <PositionFrame>
            <X>1488.45898</X>
            <Y>-369.816</Y>
            <Z>-90</Z>
            <A>-45</A>
            <B>0</B>
            <C>0</C>
            <Status>0</Status>
            <Turn>0</Turn>
            <E1>0</E1>
            <E2>0</E2>
            <E3>0</E3>
            <E4>0</E4>
            <E5>0</E5>
            <E6>0</E6>
          </PositionFrame>
        </Frames>
        <MeasurementError xsi:nil="true" />
        <ComplementaryData />
      </PrimaryMeasurementMethod>
    </Base>
    <Base>
      <Index>3</Index>
      <Name>Cell3Base</Name>
      <PrimaryMeasurementMethod>
        <Name>Numeric</Name>
        <Valid>true</Valid>
        <Frames>
          <PositionFrame>
            <X>-369.816</X>
            <Y>-1488.45898</Y>
            <Z>30</Z>
            <A>-135</A>
            <B>0</B>
            <C>0</C>
            <Status>0</Status>
            <Turn>0</Turn>
            <E1>0</E1>
            <E2>0</E2>
            <E3>0</E3>
            <E4>0</E4>
            <E5>0</E5>
            <E6>0</E6>
          </PositionFrame>
        </Frames>
        <MeasurementError xsi:nil="true" />
        <ComplementaryData />
      </PrimaryMeasurementMethod>
    </Base>
    <Base>
      <Index>4</Index>
      <Name>ToolChangerBase</Name>
      <PrimaryMeasurementMethod>
        <Name>Numeric</Name>
        <Valid>true</Valid>
        <Frames>
          <PositionFrame>
            <X>1858.68</X>
            <Y>122.53</Y>
            <Z>241.5</Z>
            <A>45</A>
            <B>0</B>
            <C>0</C>
            <Status>0</Status>
            <Turn>0</Turn>
            <E1>0</E1>
            <E2>0</E2>
            <E3>0</E3>
            <E4>0</E4>
            <E5>0</E5>
            <E6>0</E6>
          </PositionFrame>
        </Frames>
        <MeasurementError xsi:nil="true" />
        <ComplementaryData />
      </PrimaryMeasurementMethod>
    </Base>
    <Base>
      <Index>5</Index>
    </Base>
    <Base>
      <Index>6</Index>
    </Base>
    <Base>
      <Index>7</Index>
    </Base>
    <Base>
      <Index>8</Index>
    </Base>
    <Base>
      <Index>9</Index>
    </Base>
    <Base>
      <Index>10</Index>
      <Name> </Name>
      <PrimaryMeasurementMethod>
        <Name>Numeric</Name>
        <Valid>true</Valid>
        <Frames>
          <PositionFrame>
            <X>367.706</X>
            <Y>1485.97803</Y>
            <Z>29.69</Z>
            <A>45</A>
            <B>0</B>
            <C>0</C>
            <Status>0</Status>
            <Turn>0</Turn>
            <E1>0</E1>
            <E2>0</E2>
            <E3>0</E3>
            <E4>0</E4>
            <E5>0</E5>
            <E6>0</E6>
          </PositionFrame>
        </Frames>
        <MeasurementError xsi:nil="true" />
        <ComplementaryData />
      </PrimaryMeasurementMethod>
      <SecondaryMeasurementMethod>
        <Name>Numeric</Name>
        <Valid>true</Valid>
        <Frames>
          <PositionFrame>
            <X>367.706</X>
            <Y>1485.97803</Y>
            <Z>29.69</Z>
            <A>45</A>
            <B>0</B>
            <C>0</C>
            <Status>0</Status>
            <Turn>0</Turn>
            <E1>0</E1>
            <E2>0</E2>
            <E3>0</E3>
            <E4>0</E4>
            <E5>0</E5>
            <E6>0</E6>
          </PositionFrame>
        </Frames>
        <MeasurementError xsi:nil="true" />
        <ComplementaryData />
      </SecondaryMeasurementMethod>
    </Base>
    <Base>
      <Index>11</Index>
    </Base>
    <Base>
      <Index>12</Index>
    </Base>
    <Base>
      <Index>13</Index>
    </Base>
    <Base>
      <Index>14</Index>
    </Base>
    <Base>
      <Index>15</Index>
    </Base>
    <Base>
      <Index>16</Index>
    </Base>
    <Base>
      <Index>17</Index>
    </Base>
    <Base>
      <Index>18</Index>
    </Base>
    <Base>
      <Index>19</Index>
    </Base>
    <Base>
      <Index>20</Index>
    </Base>
    <Base>
      <Index>21</Index>
    </Base>
    <Base>
      <Index>22</Index>
    </Base>
    <Base>
      <Index>23</Index>
    </Base>
    <Base>
      <Index>24</Index>
    </Base>
    <Base>
      <Index>25</Index>
    </Base>
    <Base>
      <Index>26</Index>
    </Base>
    <Base>
      <Index>27</Index>
    </Base>
    <Base>
      <Index>28</Index>
    </Base>
    <Base>
      <Index>29</Index>
    </Base>
    <Base>
      <Index>30</Index>
    </Base>
    <Base>
      <Index>31</Index>
    </Base>
    <Base>
      <Index>32</Index>
    </Base>
  </Bases>
  <Machines>
    <Machine>
      <Index>1</Index>
    </Machine>
    <Machine>
      <Index>2</Index>
    </Machine>
    <Machine>
      <Index>3</Index>
    </Machine>
    <Machine>
      <Index>4</Index>
    </Machine>
    <Machine>
      <Index>5</Index>
    </Machine>
    <Machine>
      <Index>6</Index>
    </Machine>
    <Machine>
      <Index>7</Index>
    </Machine>
    <Machine>
      <Index>8</Index>
    </Machine>
    <Machine>
      <Index>9</Index>
    </Machine>
    <Machine>
      <Index>10</Index>
    </Machine>
    <Machine>
      <Index>11</Index>
    </Machine>
    <Machine>
      <Index>12</Index>
    </Machine>
    <Machine>
      <Index>13</Index>
    </Machine>
    <Machine>
      <Index>14</Index>
    </Machine>
    <Machine>
      <Index>15</Index>
    </Machine>
    <Machine>
      <Index>16</Index>
    </Machine>
  </Machines>
</XmlMeasurementPoints>