<?xml version="1.0" encoding="UTF-8"?>
<CF xmlns:xsi="http://www.w3.org/2001/XMLSchema-instance" xsi:noNamespaceSchemaLocation="../Common/Schemes/CF.xsd">
    <Version Label="" >
        <Info Version="KUKA V8.3" />
        <Schema Version="2" />
    </Version>
    <ControllerFrameworks>
        <ControllerFramework CPUAffinity="0" BusID="ECAT-CTRLBUS">
            <Module ModuleType="CFCore">
               <Cyclic OffsetDataFromAT="0" />
               <Component TaskFreq="250" TaskOffsetNanoseconds="2000000" ConfigFile="Mada/CFCore.xml" TaskPrio="5" />
               <Dispatcher TaskFreq="250" TaskOffsetNanoseconds="2000000" ConfigFile="" TaskPrio="10" />
            </Module>
            <Module ModuleType="EtherCATAgent">
               <Cyclic OffsetDataFromAT="0" />
               <Component TaskFreq="250" TaskOffsetNanoseconds="2000000" ConfigFile="EtherCATAgentConfig.xml" TaskPrio="6"></Component>
               <EA TaskFreq="250" ConfigFile="" TaskPrio="11" Inline="false" />
            </Module>
        </ControllerFramework>
    </ControllerFrameworks>
</CF>
