<?xml version="1.0" encoding="UTF-8"?>
<KagaConfig xmlns:xsi="http://www.w3.org/2001/XMLSchema-instance" xsi:noNamespaceSchemaLocation="/Roboter/Config/System/Common/Schemes/KagaBaseConfig.xsd">
	<Version Label="">
		<Info Version="KUKA V8.3"/>
		<Schema Version="1"/>
	</Version>
	<PriorityConfig 
		NetTaskPriority = "178"
		ipdhcpcPriority = "241"
		ipdhcpsPriority = "250"
		ipcom_syslogdPriority = "241"
		ipcom_telnetdPriority = "241"
		lwIPPriority = "140"
	/>
   <Debugging
      Debugging = "off"
      KLIIfName = "virtual"
      KLIIfUnit = "5"
      KSBIfName = "mirror"
      KSBIfUnit = "0"
   />
   <Configuration Type="Standard">

   </Configuration>
   <Configuration Type="RoboTeam">

   </Configuration>
</KagaConfig>