<?xml version="1.0" encoding="UTF-8"?>
<!--/Roboter/Config/System/Common/-->
<NGShared xmlns:xsi="http://www.w3.org/2001/XMLSchema-instance" xsi:noNamespaceSchemaLocation="../Common/Schemes/NGSharedO.xsd">
   <Version Label="">
      <Info Version="KUKA V8.3"/>
      <Schema Version="1"/>
   </Version>
   <PersistService>
      <Persisters>
         <FilePersister Name="RDC"  ID="100" DefaultPath="/Roboter/Config/User/Common/PersistRDC" />
         <FilePersister Name="CIB"  ID="100" DefaultPath="/Roboter/Config/User/Common/PersistCIB" />
         <FilePersister Name="PC"   ID="100" DefaultPath="/Roboter/Config/User/Common/PersistPC"  />
      </Persisters>
   </PersistService>
</NGShared>
