<?xml version="1.0" encoding="utf-8"?>
<AX_MDS>
  <Version Label="3.1.0">
    <Info Version="KUKA V8.6" />
    <Schema Version="" />
  </Version>
  <Head>
    <P-AXIS-00016 Value="4" />
    <P-AXIS-00297 Value="A4" />
  </Head>
  <Settings>
    <P-AXIS-00020 Value="17" />
    <P-AXIS-00015 Value="0x400001" />
    <P-AXIS-00018 Value="2" />
    <P-AXIS-00250 Value="0" />
    <P-AXIS-00179 Value="5000" />
    <P-AXIS-00178 Value="3500000" />
    <P-AXIS-00177 Value="-3500000" />
    <P-AXIS-00108 Value="10000" />
    <P-AXIS-00109 Value="1000" />
    <P-AXIS-00217 Value="50" />
    <P-AXIS-00014 Value="1" />
    <Homing>
      <P-AXIS-00299 Value="NONE" />
      <P-AXIS-00344 Value="10000" />
      <P-AXIS-00345 Value="30000000" />
      <P-AXIS-00346 Value="POSITIVE" />
      <P-AXIS-00347 Value="100" />
      <P-AXIS-00348 Value="4000000" />
      <P-AXIS-00349 Value="5000000" />
      <P-AXIS-00350 Value="4000" />
    </Homing>
  </Settings>
  <Gear>
    <P-AXIS-00234.0 Value="1" />
    <P-AXIS-00233.0 Value="1" />
    <DynamicGear>
      <P-AXIS-00008.0 Value="520" />
      <P-AXIS-00212.0 Value="169984" />
      <P-AXIS-00003.0 Value="260" />
      <P-AXIS-00201.0 Value="5000" />
      <P-AXIS-00199.0 Value="653610" />
    </DynamicGear>
    <P-AXIS-00209.0 Value="169984" />
    <SlopeProfile>
      <P-AXIS-00001.0 Value="260" />
      <P-AXIS-00002.0 Value="260" />
      <P-AXIS-00004.0 Value="520" />
      <P-AXIS-00053.0 Value="520" />
      <P-AXIS-00081.0 Value="24000" />
      <P-AXIS-00196.0 Value="653610" />
      <P-AXIS-00195.0 Value="653610" />
      <P-AXIS-00198.0 Value="653610" />
      <P-AXIS-00197.0 Value="653610" />
      <P-AXIS-00200.0 Value="24000" />
    </SlopeProfile>
    <LSlopeProfile>
      <P-AXIS-00011.0 Value="260" />
      <P-AXIS-00012.0 Value="260" />
      <P-AXIS-00221.0 Value="169984" />
      <P-AXIS-00005.0 Value="260" />
      <P-AXIS-00006.0 Value="260" />
      <P-AXIS-00211.0 Value="169984" />
    </LSlopeProfile>
    <P-AXIS-00216.0 Value="1000" />
    <P-AXIS-00236.0 Value="25000" />
    <P-AXIS-00220.0 Value="1699849" />
    <P-AXIS-00314.0 Value="169984" />
    <P-AXIS-00311.0 Value="27741" />
    <P-AXIS-00155.0 Value="20391" />
    <P-AXIS-00214.0 Value="20391" />
    <P-AXIS-00268.0 Value="30000" />
    <P-AXIS-00152.0 Value="0" />
    <Homing>
      <P-AXIS-00335.0 Value="10000" />
      <P-AXIS-00334.0 Value="520" />
      <P-AXIS-00333.0 Value="169984" />
      <P-AXIS-00342.0 Value="60" />
      <P-AXIS-00343.0 Value="200" />
    </Homing>
    <P-AXIS-00126.0 Value="3600000" />
    <P-AXIS-00127.0 Value="-3600000" />
  </Gear>
  <CamGear>
    <P-AXIS-00288 Value="1" />
    <P-AXIS-00289 Value="10" />
    <P-AXIS-00290 Value="8000" />
    <P-AXIS-00291 Value="1000000" />
    <P-AXIS-00300 Value="0" />
    <P-AXIS-00301 Value="0" />
    <P-AXIS-00303 Value="1699849" />
    <P-AXIS-00304 Value="2600" />
    <P-AXIS-00302 Value="0" />
    <P-AXIS-00305 Value="84992" />
    <P-AXIS-00306 Value="131" />
    <P-AXIS-00307 Value="131" />
    <P-AXIS-00308 Value="0" />
    <P-AXIS-00309 Value="0" />
    <P-AXIS-00376 Value="23642" />
    <P-AXIS-00377 Value="23642" />
  </CamGear>
  <Drive>
    <Generic>
      <P-AXIS-00619 Value="4" />
      <P-AXIS-00689.0 Value="ControlType" />
      <P-AXIS-00688.0 Value="4" />
      <P-AXIS-00695.0 Value="ControlType" />
      <P-AXIS-00694.0 Value="4" />
      <P-AXIS-00689.1 Value="DriveState" />
      <P-AXIS-00688.1 Value="8" />
      <P-AXIS-00695.1 Value="DriveControl" />
      <P-AXIS-00694.1 Value="8" />
      <P-AXIS-00689.2 Value="SafetyMessage" />
      <P-AXIS-00688.2 Value="8" />
      <P-AXIS-00695.2 Value="CommandPosition" />
      <P-AXIS-00694.2 Value="8" />
      <P-AXIS-00689.3 Value="ActualPosition" />
      <P-AXIS-00688.3 Value="8" />
      <P-AXIS-00695.3 Value="CommandVelocity" />
      <P-AXIS-00694.3 Value="4" />
      <P-AXIS-00689.4 Value="PositionLag" />
      <P-AXIS-00688.4 Value="8" />
      <P-AXIS-00695.4 Value="CommandTorque" />
      <P-AXIS-00694.4 Value="4" />
      <P-AXIS-00689.5 Value="ActualVelocity" />
      <P-AXIS-00688.5 Value="4" />
      <P-AXIS-00695.5 Value="CommandForce" />
      <P-AXIS-00694.5 Value="4" />
      <P-AXIS-00689.6 Value="VelocityLag" />
      <P-AXIS-00688.6 Value="4" />
      <P-AXIS-00689.7 Value="ActualTorque" />
      <P-AXIS-00688.7 Value="4" />
      <P-AXIS-00689.8 Value="TorqueLag" />
      <P-AXIS-00688.8 Value="4" />
      <P-AXIS-00689.9 Value="ActualForce" />
      <P-AXIS-00688.9 Value="4" />
      <P-AXIS-00689.10 Value="ForceLag" />
      <P-AXIS-00688.10 Value="4" />
    </Generic>
    <EMI>
      <P-AXIS-00615 Value="4" />
      <P-AXIS-00613 Value="1" />
      <P-AXIS-00614 Value="3" />
    </EMI>
    <P-AXIS-00206 Value="10" />
    <P-AXIS-00205 Value="1" />
  </Drive>
  <AxisFilter>
    <Filter>
      <P-AXIS-00319.0 Value="0" />
      <P-AXIS-00140.0 Value="0" />
      <P-AXIS-00153.0 Value="5" />
      <P-AXIS-00204.0 Value="1" />
      <P-AXIS-00067.0 Value="10" />
      <P-AXIS-00080.0 Value="1" />
      <P-AXIS-00164.0 Value="100" />
    </Filter>
    <Filter>
      <P-AXIS-00319.1 Value="0" />
      <P-AXIS-00140.1 Value="0" />
      <P-AXIS-00153.1 Value="1" />
      <P-AXIS-00204.1 Value="1" />
      <P-AXIS-00067.1 Value="15" />
      <P-AXIS-00080.1 Value="1" />
      <P-AXIS-00164.1 Value="100" />
    </Filter>
  </AxisFilter>
  <HardwareSettings>
    <Hardware>
      <P-AXIS-00231.0 Value="0" />
      <P-AXIS-00230.0 Value="0" />
    </Hardware>
  </HardwareSettings>
  <ManualMode>
    <Dynamic>
      <P-AXIS-00009 Value="260" />
      <P-AXIS-00213 Value="169984" />
      <P-AXIS-00259 Value="260" />
    </Dynamic>
    <Tipp>
      <P-AXIS-00210 Value="169984" />
      <P-AXIS-00077.0 Value="5099" />
      <P-AXIS-00077.1 Value="8499" />
      <P-AXIS-00077.2 Value="13598" />
      <P-AXIS-00077.3 Value="16998" />
    </Tipp>
    <Jog>
      <P-AXIS-00076.0 Value="5099" />
      <P-AXIS-00076.1 Value="8499" />
      <P-AXIS-00076.2 Value="13598" />
      <P-AXIS-00076.3 Value="16998" />
    </Jog>
  </ManualMode>
</AX_MDS>