<?xml version="1.0" encoding="utf-8"?>
<AX_MDS>
  <Version Label="3.1.0">
    <Schema Version="1" />
  </Version>
  <Head>
    <P-AXIS-00016 Value="32" />
    <P-AXIS-00297 Value="S1" />
  </Head>
  <Settings>
    <P-AXIS-00020 Value="4" />
    <P-AXIS-00015 Value="0x400104" />
    <P-AXIS-00018 Value="4" />
    <P-AXIS-00250 Value="1" />
    <P-AXIS-00179 Value="5000" />
    <P-AXIS-00178 Value="20000000" />
    <P-AXIS-00177 Value="-20000000" />
    <P-AXIS-00108 Value="10000" />
    <P-AXIS-00109 Value="1000" />
    <P-AXIS-00217 Value="50" />
    <P-AXIS-00014 Value="1" />
    <Homing>
      <P-AXIS-00299 Value="NONE" />
      <P-AXIS-00344 Value="10000" />
      <P-AXIS-00345 Value="30000000" />
      <P-AXIS-00346 Value="POSITIVE" />
      <P-AXIS-00347 Value="100" />
      <P-AXIS-00348 Value="4000000" />
      <P-AXIS-00349 Value="5000000" />
      <P-AXIS-00350 Value="4000" />
    </Homing>
  </Settings>
  <Gear>
    <P-AXIS-00234.0 Value="1" />
    <P-AXIS-00233.0 Value="1" />
    <DynamicGear>
      <P-AXIS-00008.0 Value="200000" />
      <P-AXIS-00212.0 Value="1000000000" />
      <P-AXIS-00003.0 Value="200000" />
      <P-AXIS-00201.0 Value="5000" />
    </DynamicGear>
    <P-AXIS-00209.0 Value="1000000000" />
    <SlopeProfile>
      <P-AXIS-00001.0 Value="200000" />
      <P-AXIS-00002.0 Value="200000" />
      <P-AXIS-00004.0 Value="200000" />
      <P-AXIS-00196.0 Value="100000" />
      <P-AXIS-00195.0 Value="100000" />
      <P-AXIS-00198.0 Value="100000" />
      <P-AXIS-00197.0 Value="100000" />
      <P-AXIS-00200.0 Value="100000" />
    </SlopeProfile>
    <P-AXIS-00216.0 Value="1000" />
    <P-AXIS-00236.0 Value="25000" />
    <P-AXIS-00220.0 Value="1000000000" />
    <P-AXIS-00314.0 Value="1000000000" />
    <P-AXIS-00311.0 Value="1000000000" />
    <P-AXIS-00155.0 Value="1000000000" />
    <P-AXIS-00214.0 Value="1000000000" />
    <P-AXIS-00268.0 Value="30000" />
    <P-AXIS-00152.0 Value="0" />
    <Homing>
      <P-AXIS-00335.0 Value="10000" />
      <P-AXIS-00334.0 Value="200000" />
      <P-AXIS-00333.0 Value="30000" />
      <P-AXIS-00342.0 Value="60" />
      <P-AXIS-00343.0 Value="200" />
    </Homing>
    <P-AXIS-00126.0 Value="3600000" />
    <P-AXIS-00127.0 Value="0" />
  </Gear>
  <CamGear>
    <P-AXIS-00288 Value="1" />
    <P-AXIS-00289 Value="10" />
    <P-AXIS-00290 Value="8000" />
    <P-AXIS-00291 Value="1000000" />
    <P-AXIS-00300 Value="0" />
    <P-AXIS-00301 Value="0" />
    <P-AXIS-00303 Value="20000000" />
    <P-AXIS-00304 Value="720000" />
    <P-AXIS-00302 Value="0" />
    <P-AXIS-00305 Value="9000000" />
    <P-AXIS-00306 Value="90000" />
    <P-AXIS-00307 Value="90000" />
    <P-AXIS-00308 Value="0" />
    <P-AXIS-00309 Value="0" />
    <P-AXIS-00376 Value="10000" />
    <P-AXIS-00377 Value="50000" />
  </CamGear>
  <Drive>
    <P-AXIS-00206 Value="10" />
    <P-AXIS-00205 Value="1" />
  </Drive>
  <Filter>
    <P-AXIS-00319.0 Value="0" />
    <P-AXIS-00140.0 Value="0" />
    <P-AXIS-00153.0 Value="1" />
    <P-AXIS-00204.0 Value="1" />
    <P-AXIS-00067.0 Value="15" />
    <P-AXIS-00080.0 Value="1" />
    <P-AXIS-00164.0 Value="100" />
  </Filter>
  <Hardware>
    <P-AXIS-00231.0 Value="0" />
    <P-AXIS-00230.0 Value="0" />
  </Hardware>
  <ManualMode>
    <Dynamic>
      <P-AXIS-00009 Value="117" />
      <P-AXIS-00213 Value="117808" />
      <P-AXIS-00259 Value="117" />
    </Dynamic>
    <Tipp>
      <P-AXIS-00210 Value="117808" />
      <P-AXIS-00077.0 Value="3534" />
      <P-AXIS-00077.1 Value="5890" />
      <P-AXIS-00077.2 Value="9424" />
      <P-AXIS-00077.3 Value="11780" />
    </Tipp>
    <Jog>
      <P-AXIS-00076.0 Value="3534" />
      <P-AXIS-00076.1 Value="5890" />
      <P-AXIS-00076.2 Value="9424" />
      <P-AXIS-00076.3 Value="11780" />
    </Jog>
  </ManualMode>
</AX_MDS>