<?xml version="1.0" encoding="utf-8"?>
<ClampPosOffset>
  <Version Label="3.1.0">
    <Info Version="KUKA V8.6" />
    <Schema Version="" />
  </Version>
  <Group>
    <P-CLMP-00001.0.0 Value="0" />
    <P-CLMP-00001.0.1 Value="0" />
    <P-CLMP-00001.0.2 Value="0" />
  </Group>
  <Group>
    <P-CLMP-00001.1.0 Value="0" />
    <P-CLMP-00001.1.1 Value="0" />
    <P-CLMP-00001.1.2 Value="0" />
  </Group>
  <Group>
    <P-CLMP-00001.2.0 Value="0" />
    <P-CLMP-00001.2.1 Value="0" />
    <P-CLMP-00001.2.2 Value="0" />
  </Group>
  <Group>
    <P-CLMP-00001.3.0 Value="0" />
    <P-CLMP-00001.3.1 Value="0" />
    <P-CLMP-00001.3.2 Value="0" />
  </Group>
  <Group>
    <P-CLMP-00001.4.0 Value="0" />
    <P-CLMP-00001.4.1 Value="0" />
    <P-CLMP-00001.4.2 Value="0" />
  </Group>
  <Group>
    <P-CLMP-00001.5.0 Value="0" />
    <P-CLMP-00001.5.1 Value="0" />
    <P-CLMP-00001.5.2 Value="0" />
  </Group>
  <Group>
    <P-CLMP-00001.6.0 Value="0" />
    <P-CLMP-00001.6.1 Value="0" />
    <P-CLMP-00001.6.2 Value="0" />
  </Group>
  <Group>
    <P-CLMP-00001.7.0 Value="0" />
    <P-CLMP-00001.7.1 Value="0" />
    <P-CLMP-00001.7.2 Value="0" />
  </Group>
  <Group>
    <P-CLMP-00001.8.0 Value="0" />
    <P-CLMP-00001.8.1 Value="0" />
    <P-CLMP-00001.8.2 Value="0" />
  </Group>
  <Group>
    <P-CLMP-00001.9.0 Value="0" />
    <P-CLMP-00001.9.1 Value="0" />
    <P-CLMP-00001.9.2 Value="0" />
  </Group>
</ClampPosOffset>