<?xml version="1.0" encoding="utf-8"?>
<SDA_MDS>
  <Version Label="3.1.0">
    <Info Version="KUKA V8.6" />
    <Schema Version="" />
  </Version>
  <GeneralParameter>
    <P-CHAN-00119 Value="isg_ch1_sub_prog_start.nc" />
    <P-CHAN-00252 Value="isg_ch1_sub_prog_end.nc" />
    <P-CHAN-00118 Value="isg_ch1_sub_tool_change.nc" />
    <MFkt>
      <P-CHAN-00041.6 Value="MOS" />
      <P-CHAN-00070.6 Value="0" />
      <P-CHAN-00041.7 Value="MVS_SVS" />
      <P-CHAN-00070.7 Value="0" />
      <P-CHAN-00041.100 Value="MOS" />
      <P-CHAN-00070.100 Value="0" />
      <P-CHAN-00041.101 Value="MOS" />
      <P-CHAN-00070.101 Value="0" />
      <P-CHAN-00041.102 Value="MOS" />
      <P-CHAN-00070.102 Value="0" />
      <P-CHAN-00041.103 Value="MOS" />
      <P-CHAN-00070.103 Value="0" />
      <P-CHAN-00041.104 Value="MOS" />
      <P-CHAN-00070.104 Value="0" />
      <P-CHAN-00041.105 Value="MOS" />
      <P-CHAN-00070.105 Value="0" />
      <P-CHAN-00041.106 Value="MOS" />
      <P-CHAN-00070.106 Value="0" />
      <P-CHAN-00041.107 Value="MOS" />
      <P-CHAN-00070.107 Value="0" />
      <P-CHAN-00041.108 Value="MOS" />
      <P-CHAN-00070.108 Value="0" />
      <P-CHAN-00041.109 Value="MOS" />
      <P-CHAN-00070.109 Value="0" />
      <P-CHAN-00041.110 Value="MOS" />
      <P-CHAN-00070.110 Value="0" />
      <P-CHAN-00041.111 Value="MOS" />
      <P-CHAN-00070.111 Value="0" />
      <P-CHAN-00041.112 Value="MOS" />
      <P-CHAN-00070.112 Value="0" />
      <P-CHAN-00041.113 Value="MOS" />
      <P-CHAN-00070.113 Value="0" />
      <P-CHAN-00041.114 Value="MOS" />
      <P-CHAN-00070.114 Value="0" />
      <P-CHAN-00041.115 Value="MOS" />
      <P-CHAN-00070.115 Value="0" />
      <P-CHAN-00041.116 Value="MOS" />
      <P-CHAN-00070.116 Value="0" />
      <P-CHAN-00041.117 Value="MOS" />
      <P-CHAN-00070.117 Value="0" />
      <P-CHAN-00041.118 Value="MOS" />
      <P-CHAN-00070.118 Value="0" />
      <P-CHAN-00041.119 Value="MOS" />
      <P-CHAN-00070.119 Value="0" />
      <P-CHAN-00041.120 Value="MOS" />
      <P-CHAN-00070.120 Value="0" />
      <P-CHAN-00041.121 Value="MOS" />
      <P-CHAN-00070.121 Value="0" />
      <P-CHAN-00041.122 Value="MOS" />
      <P-CHAN-00070.122 Value="0" />
      <P-CHAN-00041.123 Value="MOS" />
      <P-CHAN-00070.123 Value="0" />
      <P-CHAN-00041.124 Value="MOS" />
      <P-CHAN-00070.124 Value="0" />
      <P-CHAN-00041.125 Value="MOS" />
      <P-CHAN-00070.125 Value="0" />
      <P-CHAN-00041.126 Value="MOS" />
      <P-CHAN-00070.126 Value="0" />
      <P-CHAN-00041.127 Value="MOS" />
      <P-CHAN-00070.127 Value="0" />
      <P-CHAN-00041.128 Value="MOS" />
      <P-CHAN-00070.128 Value="0" />
      <P-CHAN-00041.129 Value="MOS" />
      <P-CHAN-00070.129 Value="0" />
      <P-CHAN-00041.130 Value="MOS" />
      <P-CHAN-00070.130 Value="0" />
      <P-CHAN-00041.131 Value="MOS" />
      <P-CHAN-00070.131 Value="0" />
      <P-CHAN-00041.132 Value="MOS" />
      <P-CHAN-00070.132 Value="0" />
      <P-CHAN-00041.133 Value="MOS" />
      <P-CHAN-00070.133 Value="0" />
      <P-CHAN-00041.134 Value="MOS" />
      <P-CHAN-00070.134 Value="0" />
      <P-CHAN-00041.135 Value="MOS" />
      <P-CHAN-00070.135 Value="0" />
      <P-CHAN-00041.136 Value="MOS" />
      <P-CHAN-00070.136 Value="0" />
      <P-CHAN-00041.137 Value="MOS" />
      <P-CHAN-00070.137 Value="0" />
      <P-CHAN-00041.138 Value="MOS" />
      <P-CHAN-00070.138 Value="0" />
      <P-CHAN-00041.139 Value="MOS" />
      <P-CHAN-00070.139 Value="0" />
      <P-CHAN-00041.140 Value="MOS" />
      <P-CHAN-00070.140 Value="0" />
      <P-CHAN-00041.141 Value="MOS" />
      <P-CHAN-00070.141 Value="0" />
      <P-CHAN-00041.142 Value="MOS" />
      <P-CHAN-00070.142 Value="0" />
      <P-CHAN-00041.143 Value="MOS" />
      <P-CHAN-00070.143 Value="0" />
      <P-CHAN-00041.144 Value="MOS" />
      <P-CHAN-00070.144 Value="0" />
      <P-CHAN-00041.145 Value="MOS" />
      <P-CHAN-00070.145 Value="0" />
      <P-CHAN-00041.146 Value="MOS" />
      <P-CHAN-00070.146 Value="0" />
      <P-CHAN-00041.147 Value="MOS" />
      <P-CHAN-00070.147 Value="0" />
      <P-CHAN-00041.148 Value="MOS" />
      <P-CHAN-00070.148 Value="0" />
      <P-CHAN-00041.149 Value="MOS" />
      <P-CHAN-00070.149 Value="0" />
      <P-CHAN-00041.150 Value="MOS" />
      <P-CHAN-00070.150 Value="0" />
      <P-CHAN-00041.151 Value="MOS" />
      <P-CHAN-00070.151 Value="0" />
      <P-CHAN-00041.152 Value="MOS" />
      <P-CHAN-00070.152 Value="0" />
      <P-CHAN-00041.153 Value="MOS" />
      <P-CHAN-00070.153 Value="0" />
      <P-CHAN-00041.154 Value="MOS" />
      <P-CHAN-00070.154 Value="0" />
      <P-CHAN-00041.155 Value="MOS" />
      <P-CHAN-00070.155 Value="0" />
      <P-CHAN-00041.156 Value="MOS" />
      <P-CHAN-00070.156 Value="0" />
      <P-CHAN-00041.157 Value="MOS" />
      <P-CHAN-00070.157 Value="0" />
      <P-CHAN-00041.158 Value="MOS" />
      <P-CHAN-00070.158 Value="0" />
      <P-CHAN-00041.159 Value="MOS" />
      <P-CHAN-00070.159 Value="0" />
      <P-CHAN-00041.160 Value="MOS" />
      <P-CHAN-00070.160 Value="0" />
      <P-CHAN-00041.161 Value="MOS" />
      <P-CHAN-00070.161 Value="0" />
      <P-CHAN-00041.162 Value="MOS" />
      <P-CHAN-00070.162 Value="0" />
      <P-CHAN-00041.163 Value="MOS" />
      <P-CHAN-00070.163 Value="0" />
      <P-CHAN-00041.164 Value="MOS" />
      <P-CHAN-00070.164 Value="0" />
      <P-CHAN-00041.165 Value="MOS" />
      <P-CHAN-00070.165 Value="0" />
      <P-CHAN-00041.166 Value="MOS" />
      <P-CHAN-00070.166 Value="0" />
      <P-CHAN-00041.167 Value="MOS" />
      <P-CHAN-00070.167 Value="0" />
      <P-CHAN-00041.168 Value="MOS" />
      <P-CHAN-00070.168 Value="0" />
      <P-CHAN-00041.169 Value="MOS" />
      <P-CHAN-00070.169 Value="0" />
      <P-CHAN-00041.170 Value="MOS" />
      <P-CHAN-00070.170 Value="0" />
      <P-CHAN-00041.171 Value="MOS" />
      <P-CHAN-00070.171 Value="0" />
      <P-CHAN-00041.172 Value="MOS" />
      <P-CHAN-00070.172 Value="0" />
      <P-CHAN-00041.173 Value="MOS" />
      <P-CHAN-00070.173 Value="0" />
      <P-CHAN-00041.174 Value="MOS" />
      <P-CHAN-00070.174 Value="0" />
      <P-CHAN-00041.175 Value="MOS" />
      <P-CHAN-00070.175 Value="0" />
      <P-CHAN-00041.176 Value="MOS" />
      <P-CHAN-00070.176 Value="0" />
      <P-CHAN-00041.177 Value="MOS" />
      <P-CHAN-00070.177 Value="0" />
      <P-CHAN-00041.178 Value="MOS" />
      <P-CHAN-00070.178 Value="0" />
      <P-CHAN-00041.179 Value="MOS" />
      <P-CHAN-00070.179 Value="0" />
      <P-CHAN-00041.180 Value="MOS" />
      <P-CHAN-00070.180 Value="0" />
      <P-CHAN-00041.181 Value="MOS" />
      <P-CHAN-00070.181 Value="0" />
      <P-CHAN-00041.182 Value="MOS" />
      <P-CHAN-00070.182 Value="0" />
      <P-CHAN-00041.183 Value="MOS" />
      <P-CHAN-00070.183 Value="0" />
      <P-CHAN-00041.184 Value="MOS" />
      <P-CHAN-00070.184 Value="0" />
      <P-CHAN-00041.185 Value="MOS" />
      <P-CHAN-00070.185 Value="0" />
      <P-CHAN-00041.186 Value="MOS" />
      <P-CHAN-00070.186 Value="0" />
      <P-CHAN-00041.187 Value="MOS" />
      <P-CHAN-00070.187 Value="0" />
      <P-CHAN-00041.188 Value="MOS" />
      <P-CHAN-00070.188 Value="0" />
      <P-CHAN-00041.189 Value="MOS" />
      <P-CHAN-00070.189 Value="0" />
      <P-CHAN-00041.190 Value="MOS" />
      <P-CHAN-00070.190 Value="0" />
      <P-CHAN-00041.191 Value="MOS" />
      <P-CHAN-00070.191 Value="0" />
      <P-CHAN-00041.192 Value="MOS" />
      <P-CHAN-00070.192 Value="0" />
      <P-CHAN-00041.193 Value="MOS" />
      <P-CHAN-00070.193 Value="0" />
      <P-CHAN-00041.194 Value="MOS" />
      <P-CHAN-00070.194 Value="0" />
      <P-CHAN-00041.195 Value="MOS" />
      <P-CHAN-00070.195 Value="0" />
      <P-CHAN-00041.196 Value="MOS" />
      <P-CHAN-00070.196 Value="0" />
      <P-CHAN-00041.197 Value="MOS" />
      <P-CHAN-00070.197 Value="0" />
      <P-CHAN-00041.198 Value="MOS" />
      <P-CHAN-00070.198 Value="0" />
      <P-CHAN-00041.199 Value="MOS" />
      <P-CHAN-00070.199 Value="0" />
      <P-CHAN-00041.200 Value="MOS" />
      <P-CHAN-00070.200 Value="0" />
      <P-CHAN-00041.201 Value="MOS" />
      <P-CHAN-00070.201 Value="0" />
      <P-CHAN-00041.2 Value="MOS" />
      <P-CHAN-00070.2 Value="0" />
      <P-CHAN-00041.17 Value="MOS" />
      <P-CHAN-00070.17 Value="0" />
      <P-CHAN-00041.29 Value="MOS" />
      <P-CHAN-00070.29 Value="0" />
      <P-CHAN-00041.30 Value="MOS" />
      <P-CHAN-00070.30 Value="0" />
      <P-CHAN-00041.8 Value="MOS" />
      <P-CHAN-00070.8 Value="0" />
      <P-CHAN-00041.9 Value="MOS" />
      <P-CHAN-00070.9 Value="0" />
      <P-CHAN-00041.10 Value="MOS" />
      <P-CHAN-00070.10 Value="0" />
      <P-CHAN-00041.11 Value="MOS" />
      <P-CHAN-00070.11 Value="0" />
    </MFkt>
    <P-CHAN-00110 Value="1" />
    <P-CHAN-00112 Value="2" />
    <P-CHAN-00032 Value="71" />
    <P-CHAN-00259 Value="0" />
    <P-CHAN-00346 Value="1" />
    <P-CHAN-00116 Value="0" />
    <P-CHAN-00082 Value="1" />
    <P-CHAN-00051 Value="32" />
    <P-CHAN-00053 Value="S" />
  </GeneralParameter>
  <HSC>
    <General>
      <P-CHAN-00132 Value="0" />
      <P-CHAN-00134 Value="0" />
      <P-CHAN-00135 Value="100000" />
      <P-CHAN-00136 Value="0" />
      <P-CHAN-00137 Value="0" />
      <P-CHAN-00138 Value="5000" />
      <P-CHAN-00239 Value="0" />
    </General>
  </HSC>
  <ManMode>
    <VectorLimit>
      <P-CHAN-00195 Value="250000" />
      <P-CHAN-00196 Value="1000" />
      <P-CHAN-00197 Value="100000" />
      <P-CHAN-00198 Value="6000" />
      <P-CHAN-00199 Value="373" />
      <P-CHAN-00200 Value="100000" />
    </VectorLimit>
  </ManMode>
  <ErrorManagement>
    <ErrorFilters>
      <Filter>
        <P-CHAN-00378.0 Value="0" />
        <P-CHAN-00379.0 Value="NONE" />
        <P-CHAN-00380.0 Value="0x1" />
        <P-CHAN-00381.0 Value="HIDE_LOG" />
        <P-CHAN-00382.0 Value="123" />
        <P-CHAN-00383.0 Value="filtered" />
      </Filter>
    </ErrorFilters>
  </ErrorManagement>
  <NCSettings>
    <NCProgramPaths>
      <Path>
        <P-CHAN-00401.0 Value="/CIFSDev/ROBOTER/KRC/R1/Program/NC/" />
        <P-CHAN-00402.0 Value="1" />
        <P-CHAN-00403.0 Value="0x07" />
        <P-CHAN-00404.0 Value="1" />
      </Path>
      <Path>
        <P-CHAN-00401.1 Value="/CIFSDev/ROBOTER/KRC/R1/TP/CNC/Cycles/" />
        <P-CHAN-00402.1 Value="2" />
        <P-CHAN-00403.1 Value="0x03" />
        <P-CHAN-00404.1 Value="2" />
      </Path>
      <Path>
        <P-CHAN-00401.2 Value="/CIFSDev/ROBOTER/KRC/R1/TP/CNC/Internal/" />
        <P-CHAN-00402.2 Value="3" />
        <P-CHAN-00403.2 Value="0x03" />
        <P-CHAN-00404.2 Value="3" />
      </Path>
      <Path>
        <P-CHAN-00401.3 Value="/CIFSDev/ROBOTER/KRC/R1/Program/NC/Sync/" />
        <P-CHAN-00402.3 Value="4" />
        <P-CHAN-00403.3 Value="0x03" />
        <P-CHAN-00404.3 Value="4" />
      </Path>
      <Path>
        <P-CHAN-00401.4 Value="/CIFSDev/ROBOTER/KRC/R1/Program/NC/" />
        <P-CHAN-00402.4 Value="5" />
        <P-CHAN-00403.4 Value="0x03" />
        <P-CHAN-00404.4 Value="5" />
      </Path>
      <Path>
        <P-CHAN-00401.5 Value="/CIFSDev/ROBOTER/KRC/R1/Program/NC/" />
        <P-CHAN-00402.5 Value="6" />
        <P-CHAN-00403.5 Value="0x03" />
        <P-CHAN-00404.5 Value="6" />
      </Path>
    </NCProgramPaths>
  </NCSettings>
  <Spindles>
    <Spindle>
      <P-CHAN-00007.0 Value="S1" />
      <P-CHAN-00036.0 Value="32" />
      <P-CHAN-00069.0 Value="0" />
      <P-CHAN-00081.0 Value="MOS|PLC_INFO" />
      <P-CHAN-00045.0 Value="MOS|PLC_INFO" />
      <P-CHAN-00047.0 Value="MOS|PLC_INFO" />
      <P-CHAN-00049.0 Value="MOS|PLC_INFO" />
      <P-CHAN-00043.0 Value="MOS|PLC_INFO" />
    </Spindle>
  </Spindles>
  <AxesGroups>
    <AxesGroup>
      <P-CHAN-00005.0 Value="IPO_1" />
      <P-CHAN-00003.0 Value="6" />
      <Axis>
        <P-CHAN-00035.0.0 Value="1" />
        <P-CHAN-00006.0.0 Value="X" />
      </Axis>
      <Axis>
        <P-CHAN-00035.0.1 Value="2" />
        <P-CHAN-00006.0.1 Value="Y" />
      </Axis>
      <Axis>
        <P-CHAN-00035.0.2 Value="3" />
        <P-CHAN-00006.0.2 Value="Z" />
      </Axis>
      <Axis>
        <P-CHAN-00035.0.3 Value="4" />
        <P-CHAN-00006.0.3 Value="A" />
      </Axis>
      <Axis>
        <P-CHAN-00035.0.4 Value="5" />
        <P-CHAN-00006.0.4 Value="B" />
      </Axis>
      <Axis>
        <P-CHAN-00035.0.5 Value="6" />
        <P-CHAN-00006.0.5 Value="C" />
      </Axis>
    </AxesGroup>
  </AxesGroups>
</SDA_MDS>