<?xml version="1.0" encoding="utf-8"?>
<StartUp>
  <Version Label="3.1.0">
    <Info Version="KUKA V8.6" />
    <Schema Version="" />
  </Version>
  <GeneralParameter>
    <P-STUP-00001 Value="1" />
    <P-STUP-00007 Value="EIN_KANAL_KONFIGURIERUNG" />
    <P-STUP-00037 Value="1000" />
    <P-STUP-00147 Value="0" />
    <P-STUP-00032 Value="0" />
    <P-STUP-00158 Value="/CIFSDev/ROBOTER/Isgnc/error/err_text.txt" />
    <P-STUP-00033.0 Value="0x200000" />
    <CamTableParameter>
      <P-STUP-00130 Value="Isgnc\listen\tab_ldr.lis" />
      <P-STUP-00131 Value="500000" />
    </CamTableParameter>
    <P-STUP-00132 Value="1" />
  </GeneralParameter>
  <ConfigurationFiles>
    <GeneralParameter>
      <P-STUP-00008 Value="ASCII" />
      <P-STUP-00023 Value="Config\User\Common\ISGNC" />
      <P-STUP-00135 Value="Config\System\Common\ISGNC\rt_conf.xml" />
      <P-STUP-00136 Value="Config\System\Common\ISGNC\hw_conf.xml" />
    </GeneralParameter>
    <ChannelParameter>
      <P-STUP-00034 Value="Config\User\Common\ISGNC\default_sda_mds.xml" />
      <P-STUP-00013 Value="Config\User\Common\ISGNC\manual_mode.xml" />
      <P-STUP-00009.0 Value="Config\User\Common\ISGNC\sda_mds_1.xml" />
      <P-STUP-00010.0 Value="Config\User\Common\ISGNC\tool_data_1.xml" />
      <P-STUP-00011.0 Value="Config\User\Common\ISGNC\zero_offset_1.xml" />
      <P-STUP-00012.0 Value="Config\User\Common\ISGNC\clamp_pos_offset_1.xml" />
      <P-STUP-00146.0 Value="Config\System\Common\ISGNC\ext_var_1.xml" />
      <HMI>
        <P-STUP-00024.0 Value="default" />
      </HMI>
      <Channel>
        <P-STUP-00026.0 Value="default" />
      </Channel>
    </ChannelParameter>
    <AxisParameter>
      <P-STUP-00035 Value="Config\User\Common\ISGNC\default_ax_mds.xml" />
      <P-STUP-00014 Value="7" />
      <P-STUP-00015.0 Value="Config\User\Common\ISGNC\ax_mds_1.xml" />
      <P-STUP-00015.1 Value="Config\User\Common\ISGNC\ax_mds_2.xml" />
      <P-STUP-00015.2 Value="Config\User\Common\ISGNC\ax_mds_3.xml" />
      <P-STUP-00015.3 Value="Config\User\Common\ISGNC\ax_mds_4.xml" />
      <P-STUP-00015.4 Value="Config\User\Common\ISGNC\ax_mds_5.xml" />
      <P-STUP-00015.5 Value="Config\User\Common\ISGNC\ax_mds_6.xml" />
      <P-STUP-00015.6 Value="Config\User\Common\ISGNC\ax_mds_32.xml" />
    </AxisParameter>
  </ConfigurationFiles>
  <ErrorManagement>
    <P-STUP-00168 Value="/CIFSDev/ROBOTER/Isgnc/error/err_text.txt" />
    <P-STUP-00167 Value="PRINT | LOG | REPORT" />
    <P-STUP-00170 Value="/CIFSDev/ROBOTER/Isgnc/diagnose/cnc_err.txt" />
    <P-STUP-00171 Value="100000" />
    <P-STUP-00172 Value="5" />
    <ErrorFilter>
      <P-STUP-00186.0 Value="0" />
      <P-STUP-00187.0 Value="NONE" />
      <P-STUP-00188.0 Value="0x1" />
      <P-STUP-00189.0 Value="HIDE_LOG" />
      <P-STUP-00190.0 Value="123" />
      <P-STUP-00191.0 Value="filtered" />
    </ErrorFilter>
  </ErrorManagement>
  <Configuration>
    <Decoder>
      <P-STUP-00050.0 Value="FCT_USE_CACHED_FILES" />
      <P-STUP-00051.0 Value="4" />
      <P-STUP-00052.0 Value="4096" />
      <P-STUP-00053.0 Value="70" />
    </Decoder>
    <PathPreparation>
      <P-STUP-00060.0 Value="FCT_DEFAULT | FCT_SPLINE | FCT_SURFACE | FCT_M_PRE_OUTPUT" />
    </PathPreparation>
    <Interpolator>
      <P-STUP-00070.0 Value="FCT_LOOK_AHEAD_CUSTOM | FCT_LOOK_AHEAD_OPT" />
      <P-STUP-00071.0 Value="250" />
    </Interpolator>
  </Configuration>
  <P-STUP-00175 Value="0" />
</StartUp>