<?xml version="1.0" encoding="utf-8"?>
<ToolData>
  <Version Label="3.1.0">
    <Info Version="KUKA V8.6" />
    <Schema Version="" />
  </Version>
  <Tool>
    <P-TOOL-00005.1 Value="1" />
    <P-TOOL-00004.1 Value="0" />
    <P-TOOL-00007.1.0 Value="0" />
    <P-TOOL-00007.1.1 Value="0" />
    <P-TOOL-00007.1.2 Value="0" />
    <P-TOOL-00007.1.3 Value="0" />
    <P-TOOL-00007.1.4 Value="0" />
    <P-TOOL-00007.1.5 Value="0" />
  </Tool>
  <Tool>
    <P-TOOL-00005.2 Value="1" />
    <P-TOOL-00004.2 Value="0" />
    <P-TOOL-00007.2.0 Value="0" />
    <P-TOOL-00007.2.1 Value="0" />
    <P-TOOL-00007.2.2 Value="0" />
    <P-TOOL-00007.2.3 Value="0" />
    <P-TOOL-00007.2.4 Value="0" />
    <P-TOOL-00007.2.5 Value="0" />
  </Tool>
  <Tool>
    <P-TOOL-00005.3 Value="1" />
    <P-TOOL-00004.3 Value="0" />
    <P-TOOL-00007.3.0 Value="0" />
    <P-TOOL-00007.3.1 Value="0" />
    <P-TOOL-00007.3.2 Value="0" />
    <P-TOOL-00007.3.3 Value="0" />
    <P-TOOL-00007.3.4 Value="0" />
    <P-TOOL-00007.3.5 Value="0" />
  </Tool>
  <Tool>
    <P-TOOL-00005.4 Value="1" />
    <P-TOOL-00004.4 Value="0" />
    <P-TOOL-00007.4.0 Value="0" />
    <P-TOOL-00007.4.1 Value="0" />
    <P-TOOL-00007.4.2 Value="0" />
    <P-TOOL-00007.4.3 Value="0" />
    <P-TOOL-00007.4.4 Value="0" />
    <P-TOOL-00007.4.5 Value="0" />
  </Tool>
  <Tool>
    <P-TOOL-00005.5 Value="1" />
    <P-TOOL-00004.5 Value="0" />
    <P-TOOL-00007.5.0 Value="0" />
    <P-TOOL-00007.5.1 Value="0" />
    <P-TOOL-00007.5.2 Value="0" />
    <P-TOOL-00007.5.3 Value="0" />
    <P-TOOL-00007.5.4 Value="0" />
    <P-TOOL-00007.5.5 Value="0" />
  </Tool>
  <Tool>
    <P-TOOL-00005.6 Value="1" />
    <P-TOOL-00004.6 Value="0" />
    <P-TOOL-00007.6.0 Value="0" />
    <P-TOOL-00007.6.1 Value="0" />
    <P-TOOL-00007.6.2 Value="0" />
    <P-TOOL-00007.6.3 Value="0" />
    <P-TOOL-00007.6.4 Value="0" />
    <P-TOOL-00007.6.5 Value="0" />
  </Tool>
  <Tool>
    <P-TOOL-00005.7 Value="1" />
    <P-TOOL-00004.7 Value="0" />
    <P-TOOL-00007.7.0 Value="0" />
    <P-TOOL-00007.7.1 Value="0" />
    <P-TOOL-00007.7.2 Value="0" />
    <P-TOOL-00007.7.3 Value="0" />
    <P-TOOL-00007.7.4 Value="0" />
    <P-TOOL-00007.7.5 Value="0" />
  </Tool>
  <Tool>
    <P-TOOL-00005.8 Value="1" />
    <P-TOOL-00004.8 Value="0" />
    <P-TOOL-00007.8.0 Value="0" />
    <P-TOOL-00007.8.1 Value="0" />
    <P-TOOL-00007.8.2 Value="0" />
    <P-TOOL-00007.8.3 Value="0" />
    <P-TOOL-00007.8.4 Value="0" />
    <P-TOOL-00007.8.5 Value="0" />
  </Tool>
  <Tool>
    <P-TOOL-00005.9 Value="1" />
    <P-TOOL-00004.9 Value="0" />
    <P-TOOL-00007.9.0 Value="0" />
    <P-TOOL-00007.9.1 Value="0" />
    <P-TOOL-00007.9.2 Value="0" />
    <P-TOOL-00007.9.3 Value="0" />
    <P-TOOL-00007.9.4 Value="0" />
    <P-TOOL-00007.9.5 Value="0" />
  </Tool>
  <Tool>
    <P-TOOL-00005.10 Value="1" />
    <P-TOOL-00004.10 Value="0" />
    <P-TOOL-00007.10.0 Value="0" />
    <P-TOOL-00007.10.1 Value="0" />
    <P-TOOL-00007.10.2 Value="0" />
    <P-TOOL-00007.10.3 Value="0" />
    <P-TOOL-00007.10.4 Value="0" />
    <P-TOOL-00007.10.5 Value="0" />
  </Tool>
  <Tool>
    <P-TOOL-00005.11 Value="1" />
    <P-TOOL-00004.11 Value="0" />
    <P-TOOL-00007.11.0 Value="0" />
    <P-TOOL-00007.11.1 Value="0" />
    <P-TOOL-00007.11.2 Value="0" />
    <P-TOOL-00007.11.3 Value="0" />
    <P-TOOL-00007.11.4 Value="0" />
    <P-TOOL-00007.11.5 Value="0" />
  </Tool>
  <Tool>
    <P-TOOL-00005.12 Value="1" />
    <P-TOOL-00004.12 Value="0" />
    <P-TOOL-00007.12.0 Value="0" />
    <P-TOOL-00007.12.1 Value="0" />
    <P-TOOL-00007.12.2 Value="0" />
    <P-TOOL-00007.12.3 Value="0" />
    <P-TOOL-00007.12.4 Value="0" />
    <P-TOOL-00007.12.5 Value="0" />
  </Tool>
</ToolData>