<?xml version="1.0" encoding="utf-8"?>
<ZeroOffset>
  <Version Label="3.1.0">
    <Info Version="KUKA V8.6" />
    <Schema Version="" />
  </Version>
  <P-ZERO-00001 Value="0" />
  <P-ZERO-00002 Value="0" />
  <!--G53-->
  <Group>
    <Axis>
      <P-ZERO-00003.0.0 Value="0" />
      <P-ZERO-00004.0.0 Value="1" />
    </Axis>
    <Axis>
      <P-ZERO-00003.0.1 Value="0" />
      <P-ZERO-00004.0.1 Value="1" />
    </Axis>
    <Axis>
      <P-ZERO-00003.0.2 Value="0" />
      <P-ZERO-00004.0.2 Value="1" />
    </Axis>
    <Axis>
      <P-ZERO-00003.0.3 Value="0" />
      <P-ZERO-00004.0.3 Value="1" />
    </Axis>
    <Axis>
      <P-ZERO-00003.0.4 Value="0" />
      <P-ZERO-00004.0.4 Value="1" />
    </Axis>
    <Axis>
      <P-ZERO-00003.0.5 Value="0" />
      <P-ZERO-00004.0.5 Value="1" />
    </Axis>
  </Group>
  <!--G54-->
  <Group>
    <Axis>
      <P-ZERO-00003.1.0 Value="0" />
      <P-ZERO-00004.1.0 Value="0" />
    </Axis>
    <Axis>
      <P-ZERO-00003.1.1 Value="0" />
      <P-ZERO-00004.1.1 Value="0" />
    </Axis>
    <Axis>
      <P-ZERO-00003.1.2 Value="0" />
      <P-ZERO-00004.1.2 Value="0" />
    </Axis>
    <Axis>
      <P-ZERO-00003.1.3 Value="0" />
      <P-ZERO-00004.1.3 Value="0" />
    </Axis>
    <Axis>
      <P-ZERO-00003.1.4 Value="0" />
      <P-ZERO-00004.1.4 Value="0" />
    </Axis>
    <Axis>
      <P-ZERO-00003.1.5 Value="0" />
      <P-ZERO-00004.1.5 Value="0" />
    </Axis>
  </Group>
  <!--G55-->
  <Group>
    <Axis>
      <P-ZERO-00003.2.0 Value="0" />
      <P-ZERO-00004.2.0 Value="0" />
    </Axis>
    <Axis>
      <P-ZERO-00003.2.1 Value="0" />
      <P-ZERO-00004.2.1 Value="0" />
    </Axis>
    <Axis>
      <P-ZERO-00003.2.2 Value="0" />
      <P-ZERO-00004.2.2 Value="0" />
    </Axis>
    <Axis>
      <P-ZERO-00003.2.3 Value="0" />
      <P-ZERO-00004.2.3 Value="0" />
    </Axis>
    <Axis>
      <P-ZERO-00003.2.4 Value="0" />
      <P-ZERO-00004.2.4 Value="0" />
    </Axis>
    <Axis>
      <P-ZERO-00003.2.5 Value="0" />
      <P-ZERO-00004.2.5 Value="0" />
    </Axis>
  </Group>
  <!--G56-->
  <Group>
    <Axis>
      <P-ZERO-00003.3.0 Value="0" />
      <P-ZERO-00004.3.0 Value="0" />
    </Axis>
    <Axis>
      <P-ZERO-00003.3.1 Value="0" />
      <P-ZERO-00004.3.1 Value="0" />
    </Axis>
    <Axis>
      <P-ZERO-00003.3.2 Value="0" />
      <P-ZERO-00004.3.2 Value="0" />
    </Axis>
    <Axis>
      <P-ZERO-00003.3.3 Value="0" />
      <P-ZERO-00004.3.3 Value="0" />
    </Axis>
    <Axis>
      <P-ZERO-00003.3.4 Value="0" />
      <P-ZERO-00004.3.4 Value="0" />
    </Axis>
    <Axis>
      <P-ZERO-00003.3.5 Value="0" />
      <P-ZERO-00004.3.5 Value="0" />
    </Axis>
  </Group>
  <!--G57-->
  <Group>
    <Axis>
      <P-ZERO-00003.4.0 Value="0" />
      <P-ZERO-00004.4.0 Value="0" />
    </Axis>
    <Axis>
      <P-ZERO-00003.4.1 Value="0" />
      <P-ZERO-00004.4.1 Value="0" />
    </Axis>
    <Axis>
      <P-ZERO-00003.4.2 Value="0" />
      <P-ZERO-00004.4.2 Value="0" />
    </Axis>
    <Axis>
      <P-ZERO-00003.4.3 Value="0" />
      <P-ZERO-00004.4.3 Value="0" />
    </Axis>
    <Axis>
      <P-ZERO-00003.4.4 Value="0" />
      <P-ZERO-00004.4.4 Value="0" />
    </Axis>
    <Axis>
      <P-ZERO-00003.4.5 Value="0" />
      <P-ZERO-00004.4.5 Value="0" />
    </Axis>
  </Group>
  <!--G58-->
  <Group>
    <Axis>
      <P-ZERO-00003.5.0 Value="0" />
      <P-ZERO-00004.5.0 Value="0" />
    </Axis>
    <Axis>
      <P-ZERO-00003.5.1 Value="0" />
      <P-ZERO-00004.5.1 Value="0" />
    </Axis>
    <Axis>
      <P-ZERO-00003.5.2 Value="0" />
      <P-ZERO-00004.5.2 Value="0" />
    </Axis>
    <Axis>
      <P-ZERO-00003.5.3 Value="0" />
      <P-ZERO-00004.5.3 Value="0" />
    </Axis>
    <Axis>
      <P-ZERO-00003.5.4 Value="0" />
      <P-ZERO-00004.5.4 Value="0" />
    </Axis>
    <Axis>
      <P-ZERO-00003.5.5 Value="0" />
      <P-ZERO-00004.5.5 Value="0" />
    </Axis>
  </Group>
  <!--G59-->
  <Group>
    <Axis>
      <P-ZERO-00003.6.0 Value="0" />
      <P-ZERO-00004.6.0 Value="0" />
    </Axis>
    <Axis>
      <P-ZERO-00003.6.1 Value="0" />
      <P-ZERO-00004.6.1 Value="0" />
    </Axis>
    <Axis>
      <P-ZERO-00003.6.2 Value="0" />
      <P-ZERO-00004.6.2 Value="0" />
    </Axis>
    <Axis>
      <P-ZERO-00003.6.3 Value="0" />
      <P-ZERO-00004.6.3 Value="0" />
    </Axis>
    <Axis>
      <P-ZERO-00003.6.4 Value="0" />
      <P-ZERO-00004.6.4 Value="0" />
    </Axis>
    <Axis>
      <P-ZERO-00003.6.5 Value="0" />
      <P-ZERO-00004.6.5 Value="0" />
    </Axis>
  </Group>
</ZeroOffset>