﻿<?xml version="1.0" encoding="utf-8"?>
<!--XML file partially generated by WorkVisual V6.0.21_Build1094.-->
<!--XML file partially generated by WorkVisual V6.0.14_Build0654.-->
<!--XML file partially generated by WorkVisual V6.0.9_Build11414.-->
<CabCtrl xsi:noNamespaceSchemaLocation="../../System/Common/Schemes/CabCtrlUser.xsd" xmlns:xsi="http://www.w3.org/2001/XMLSchema-instance">
  <Version Label="">
    <Info Version="KUKA V8.6" />
    <Schema Version="200" />
  </Version>
  <CabinetInformation>
    <!--KRC4_STANDARD, KRC4_COMPACT_SR, KRC4_COMPACT_LBR, KRC4_SMALLSIZE, KRC4_MIDSIZE, KRC4_EXTENDED-->
    <Cabinet kind="KRC4_STANDARD" />
  </CabinetInformation>
  <Operations>
    <PowerDownByPLC activated="off">
      <!--Diese Funktion belegt 8 Bit Eingangsdaten und 8 Bit Ausgangsdaten.-->
      <Input driver="DriverName" bus="BusName" bitOffset="?" />
      <Output driver="DriverName" bus="BusName" bitOffset="?" />
    </PowerDownByPLC>
    <UserInterface activated="off">
      <!--Diese Funktion belegt 9 Byte (72 Bit) Ausgangsdaten.-->
      <Output driver="DriverName" bus="BusName" bitOffset="?" />
    </UserInterface>
    <ControlOuterFan>
      <TrafoTemp monitoring="off" />
      <ClimateDevice monitoring="off" />
    </ControlOuterFan>
    <Retrofit activated="off">
      <!--Diese Funktion belegt 8 Bit Eingangsdaten.-->
      <Input driver="ECatIODriver" bus="SYS-X44" bitOffset="208" />
    </Retrofit>
  </Operations>
  <!--Beschreibung zur Konfiguration:
Um Signale auf den Bus zu legen oder diese von einem Bus zu lesen, muessen die entsp.
Funktionen aktiviert und konfiguriert werden.
Es duerfen keine Knoten oder Parameter geloescht oder hinzugefuegt werden. Der Knoten
<Version> und die Reihenfolge aller Knoten duerfen nicht veraendert werden.
Alle unten aufgefuehrten Parameter im Knoten <Operations> koennen entsprechend den
Anforderungen geaendert werden. Alle Parameterwerte sind in Anfuehrungszeichen zu
setzen. Alle Eintraege sind case-sensitive.


Parameter | Wert |
- - - - - - - - - - - - - - - - - - - - - - - - - - - - - - - - - - - - - - - - - - - -
activated | on | Schaltet die gesamte Funktion ein.
| off | Schaltet die gesamte Funktion aus.
driver | Treibername | Name des Treibers der in der KRC4 den Bus bedient.
bus | Busname | Name der Bus-Instanz innerhalb des Treibers.
bitOffset | 0 oder ein | Bit-Offset innerhalb der KRC4 als Busteilnehmer.
| Vielfaches von 8 | Bit-Offset muss an Byte-Grenzen ausgerichtet sein.
monitoring | on | Schaltet eine Ueberwachung ein.
| off | Schaltet eine Ueberwachung aus.


Bussystem | Treibername | Busname
- - - - - - - - - - - - - - - - - - - - - - - - - - - - - - - - - - - - - - - - - - - -
ProfiNet | PNIODriver | PNIO-DEV
Interbus | IBusDrv | IBS1
Profibus (EtherCat mit | ECatIODriver | SYS-X44_PB-Master1
PB-Gateway) | ECatIODriver | SYS-X44_PB-Slave1
DeviceNet (EtherCat mit | ECatIODriver | SYS-X44_DN-Master1
DN-Gateway) | ECatIODriver | SYS-X44_DN-Slave1
EtherCat | ECatIODriver | SYS-X44-->
</CabCtrl>