﻿<?xml version="1.0" encoding="utf-8"?>
<!--XML file automatically generated by WorkVisual V6.0.21_Build1094.-->
<!--DO NOT EDIT-->
<ECat_SYS_X44 kukaVersion="1" xsi:noNamespaceSchemaLocation="../../System/Common/Schemes/ECAT_SYS_X44.xsd" xmlns:xsi="http://www.w3.org/2001/XMLSchema-instance">
  <Version Label="">
    <Info Version="KUKA KRC4 V8.6.8" />
    <Schema Version="100" />
  </Version>
  <!--The values of the parameters 'AddSlavesToDiagMgr,DCMode,SchedTickOffset,MultiCycCmdWkcErrLimit,MultiFrameLossLimit' will not be changed at the code generation.-->
  <ECatStackOptions BusCycleTimeMs="4" SchedTickOffset="1" RestartMode="manual" MultiFrameLossLimit="16" MultiCycCmdWkcErrLimit="3" AddSlavesToDiagMgr="false" TopologyChangeDelay="1000" DCMode="false" />
  <ECatIODriver>
    <PB_Master_Gateway ActivateADS="false" LogErrToFile="false" />
    <VARAN_Gateway MakeOwnBusInstance="false" />
    <EL6692_Gateway MakeOwnBusInstance="false" />
    <EL6695K_Gateway MakeOwnBusInstance="false" />
    <EL6695_Gateway MakeOwnBusInstance="false" />
  </ECatIODriver>
</ECat_SYS_X44>