﻿<?xml version="1.0" encoding="utf-8"?>
<!--XML file automatically generated by WorkVisual V6.0.21_Build1094.-->
<!--DO NOT EDIT-->
<Driver xsi:noNamespaceSchemaLocation="/Roboter/Config/System/Common/Schemes/EIPIODriver.xsd" xmlns:xsi="http://www.w3.org/2001/XMLSchema-instance">
  <Version Label="">
    <Info Version="" />
    <Schema Version="200" />
  </Version>
  <AdapterInstance Name="EIP-ADAPTER" busTimeout="20000">
    <LocalSlave Name="Local Slave 1" ID="1" EnableBusErrorBit="false" BusErrorBitOffset="0" />
    <LocalSlave Name="Local Safety Slave" ID="2" CIPSafety="true" AsmTO="776" TO_Size="8" AsmOT="904" OT_Size="8" AsmConfig="1024" Config_Size="0" />
  </AdapterInstance>
</Driver>