﻿<?xml version="1.0" encoding="utf-8"?>
<!--XML file automatically generated by WorkVisual V6.0.21_Build1094.-->
<!--DO NOT EDIT-->
<Application kukaVersion="1.0.1" xsi:noNamespaceSchemaLocation="/Roboter/Config/System/Common/Schemes/KRC_IO.xsd" xmlns:xsi="http://www.w3.org/2001/XMLSchema-instance">
  <Version Label="">
    <Info Version="" />
    <Schema Version="100" />
  </Version>
  <ProcessData>
    <Segment drvName="EIPIODriver" busInstanceName="EIP-ADAPTER" byteOffset="0" byteSize="100" segmentID="0" />
    <Segment drvName="ECatIODriver" busInstanceName="SYS-X44" byteOffset="40" byteSize="2" segmentID="1" />
    <Segment drvName="EIPIODriver" busInstanceName="EIP-ADAPTER" byteOffset="101" byteSize="19" segmentID="2" />
    <Segment drvName="EIPIODriver" busInstanceName="EIP-ADAPTER" byteOffset="504" byteSize="2" segmentID="3" />
    <Segment drvName="EIPIODriver" busInstanceName="EIP-ADAPTER" byteOffset="507" byteSize="30" segmentID="4" />
    <Segment drvName="EIPIODriver" busInstanceName="EIP-ADAPTER" byteOffset="541" byteSize="52" segmentID="5" />
    <Segment drvName="EIPIODriver" busInstanceName="EIP-ADAPTER" byteOffset="594" byteSize="30" segmentID="6" />
    <Segment drvName="ECatIODriver" busInstanceName="SYS-X44" byteOffset="1572" byteSize="2" segmentID="7" />
  </ProcessData>
  <Mapping>
    <Output>
      <Digital>
        <Out krcStartIndex="1" segmentID="3">
          <Start segmentByteOffset="0" segmentBitOffset="0" />
          <End segmentByteOffset="1" segmentBitOffset="7" />
        </Out>
        <Out krcStartIndex="33" segmentID="4">
          <Start segmentByteOffset="0" segmentBitOffset="0" />
          <End segmentByteOffset="29" segmentBitOffset="7" />
        </Out>
        <Out krcStartIndex="305" segmentID="5">
          <Start segmentByteOffset="0" segmentBitOffset="0" />
          <End segmentByteOffset="51" segmentBitOffset="7" />
        </Out>
        <Out krcStartIndex="721" segmentID="6">
          <Start segmentByteOffset="0" segmentBitOffset="0" />
          <End segmentByteOffset="9" segmentBitOffset="7" />
        </Out>
        <Out krcStartIndex="805" segmentID="6">
          <Start segmentByteOffset="10" segmentBitOffset="4" />
          <End segmentByteOffset="10" segmentBitOffset="7" />
        </Out>
        <Out krcStartIndex="812" segmentID="6">
          <Start segmentByteOffset="11" segmentBitOffset="3" />
          <End segmentByteOffset="11" segmentBitOffset="7" />
        </Out>
        <Out krcStartIndex="818" segmentID="6">
          <Start segmentByteOffset="12" segmentBitOffset="1" />
          <End segmentByteOffset="29" segmentBitOffset="7" />
        </Out>
        <Out krcStartIndex="4001" segmentID="7">
          <Start segmentByteOffset="0" segmentBitOffset="0" />
          <End segmentByteOffset="1" segmentBitOffset="7" />
        </Out>
      </Digital>
      <Analog />
    </Output>
    <Input>
      <Digital>
        <In krcStartIndex="1" segmentID="0">
          <Start segmentByteOffset="0" segmentBitOffset="0" />
          <End segmentByteOffset="99" segmentBitOffset="7" />
        </In>
        <In krcStartIndex="813" segmentID="2">
          <Start segmentByteOffset="0" segmentBitOffset="4" />
          <End segmentByteOffset="0" segmentBitOffset="7" />
        </In>
        <In krcStartIndex="819" segmentID="2">
          <Start segmentByteOffset="1" segmentBitOffset="2" />
          <End segmentByteOffset="18" segmentBitOffset="7" />
        </In>
        <In krcStartIndex="4001" segmentID="1">
          <Start segmentByteOffset="0" segmentBitOffset="0" />
          <End segmentByteOffset="1" segmentBitOffset="7" />
        </In>
      </Digital>
      <Analog />
    </Input>
    <IOLinking />
  </Mapping>
  <Options>
    <DataIntegrity value="true" />
    <NrOfInOut value="4096" />
    <Stream>
      <Bus busInstanceName="EIP-ADAPTER" />
    </Stream>
  </Options>
</Application>