<?xml version="1.0" encoding="utf-8"?>
<LogManager xsi:noNamespaceSchemaLocation="/Roboter/Config/System/Common/Schemes/LoggingSpecial.xsd" xmlns:xsi="http://www.w3.org/2001/XMLSchema-instance">
	<Version Label="">
		<Info Version=""/>
		<Schema Version="100"/>
	</Version>
   <LoggingOptions isActive="true"/>
   <LogFile Name="Cnc" Path="Log/Cnc" NbrFiles="10" FileSize="1000000" FileFormat="putty" BufferLogs="false"></LogFile>
   <LogRegistry>
      <LoggingStrategy Strategy="PureClass"/>
      <ContextConfig>
         <DefaultContextConfig ContextLogging="enabled"/>
         <Context Name="tSystem" ContextLogging="disabled"/>
         <Context Name="tSysBoot" ContextLogging="disabled"/>
      </ContextConfig>
      <ClassConfig>
         <DefaultClassConfig LogLevel="disabled"/>
         <Class Name="KRC.MDR" LogLevel="warning"/>
         <Class Name="KRC.MDR.EMI" LogLevel="warning"/>
         <Class Name="KRC.LRS.IPO" LogLevel="warning"/>
      </ClassConfig>
   </LogRegistry>
</LogManager>