<?xml version="1.0" encoding="utf-8"?>
<LogManager xsi:noNamespaceSchemaLocation="../../System/Common/Schemes/LoggingSpecial.xsd" xmlns:xsi="http://www.w3.org/2001/XMLSchema-instance">
	<Version Label="">
		<Info Version="KUKA V8.3"/>
		<Schema Version="100"/>
	</Version>
	<LoggingOptions isActive="false"/>
	<LogFile Name="SysMan" Path="LOG/System/SysMan" NbrFiles="10" FileSize="100000" FileFormat="putty" BufferLogs="false"></LogFile>
	<LogRegistry>
	    <LoggingStrategy Strategy="PureClass"/>
		<ContextConfig>
			<DefaultContextConfig ContextLogging="enabled"/>
			<Context Name="tSystem" ContextLogging="disabled"/>
			<Context Name="tSysBoot" ContextLogging="disabled"/>
		</ContextConfig>
		<ClassConfig>
			<DefaultClassConfig LogLevel="basic"/>
			<Class Name="CSystem" LogLevel="basic"/>
		</ClassConfig>
	</LogRegistry>
</LogManager>