﻿<?xml version="1.0" encoding="utf-8"?>
<!--XML file automatically generated by WorkVisual V6.0.21_Build1094.-->
<!--DO NOT EDIT-->
<Application xsi:noNamespaceSchemaLocation="/Roboter/Config/System/Common/Schemes/ProConOS_IO.xsd" xmlns:xsi="http://www.w3.org/2001/XMLSchema-instance">
  <Version Label="">
    <Info Version="" />
    <Schema Version="100" />
  </Version>
  <ProcessData>
    <Segment drvName="EIPIODriver" busInstanceName="EIP-ADAPTER" byteOffset="100" byteSize="1" segmentID="0" />
    <Segment drvName="VIODriver" busInstanceName="VIO-USER-BUS" byteOffset="0" byteSize="1" segmentID="1" />
    <Segment drvName="VIODriver" busInstanceName="VIO-USER-BUS" byteOffset="1" byteSize="1" segmentID="2" />
    <Segment drvName="VIODriver" busInstanceName="VIO-USER-BUS" byteOffset="2" byteSize="1" segmentID="3" />
    <Segment drvName="VIODriver" busInstanceName="VIO-USER-BUS" byteOffset="3" byteSize="1" segmentID="4" />
    <Segment drvName="VIODriver" busInstanceName="VIO-USER-BUS" byteOffset="4" byteSize="1" segmentID="5" />
    <Segment drvName="VIODriver" busInstanceName="VIO-USER-BUS" byteOffset="5" byteSize="1" segmentID="6" />
    <Segment drvName="VIODriver" busInstanceName="VIO-USER-BUS" byteOffset="6" byteSize="1" segmentID="7" />
    <Segment drvName="VIODriver" busInstanceName="VIO-USER-BUS" byteOffset="7" byteSize="1" segmentID="8" />
    <Segment drvName="VIODriver" busInstanceName="VIO-USER-BUS" byteOffset="8" byteSize="1" segmentID="9" />
    <Segment drvName="VIODriver" busInstanceName="VIO-USER-BUS" byteOffset="9" byteSize="1" segmentID="10" />
    <Segment drvName="VIODriver" busInstanceName="VIO-USER-BUS" byteOffset="10" byteSize="1" segmentID="11" />
    <Segment drvName="VIODriver" busInstanceName="VIO-USER-BUS" byteOffset="11" byteSize="1" segmentID="12" />
    <Segment drvName="VIODriver" busInstanceName="VIO-USER-BUS" byteOffset="12" byteSize="1" segmentID="13" />
    <Segment drvName="VIODriver" busInstanceName="VIO-USER-BUS" byteOffset="13" byteSize="1" segmentID="14" />
    <Segment drvName="VIODriver" busInstanceName="VIO-USER-BUS" byteOffset="14" byteSize="1" segmentID="15" />
    <Segment drvName="EIPIODriver" busInstanceName="EIP-ADAPTER" byteOffset="101" byteSize="1" segmentID="16">
      <AccessMask byteNr="0" mask="00001011" />
    </Segment>
    <Segment drvName="VIODriver" busInstanceName="VIO-USER-BUS" byteOffset="15" byteSize="1" segmentID="17" />
    <Segment drvName="VIODriver" busInstanceName="VIO-USER-BUS" byteOffset="16" byteSize="1" segmentID="18" />
    <Segment drvName="VIODriver" busInstanceName="VIO-USER-BUS" byteOffset="17" byteSize="1" segmentID="19" />
    <Segment drvName="VIODriver" busInstanceName="VIO-USER-BUS" byteOffset="18" byteSize="1" segmentID="20" />
    <Segment drvName="VIODriver" busInstanceName="VIO-USER-BUS" byteOffset="19" byteSize="1" segmentID="21" />
    <Segment drvName="EIPIODriver" busInstanceName="EIP-ADAPTER" byteOffset="102" byteSize="1" segmentID="22">
      <AccessMask byteNr="0" mask="00000010" />
    </Segment>
    <Segment drvName="VIODriver" busInstanceName="VIO-USER-BUS" byteOffset="20" byteSize="4" segmentID="23" />
    <Segment drvName="EIPIODriver" busInstanceName="EIP-ADAPTER" byteOffset="604" byteSize="1" segmentID="24">
      <AccessMask byteNr="0" mask="00001111" />
    </Segment>
    <Segment drvName="VIODriver" busInstanceName="VIO-USER-BUS" byteOffset="24" byteSize="1" segmentID="25" />
    <Segment drvName="VIODriver" busInstanceName="VIO-USER-BUS" byteOffset="25" byteSize="1" segmentID="26" />
    <Segment drvName="VIODriver" busInstanceName="VIO-USER-BUS" byteOffset="26" byteSize="1" segmentID="27" />
    <Segment drvName="VIODriver" busInstanceName="VIO-USER-BUS" byteOffset="27" byteSize="1" segmentID="28" />
    <Segment drvName="VIODriver" busInstanceName="VIO-USER-BUS" byteOffset="28" byteSize="1" segmentID="29" />
    <Segment drvName="VIODriver" busInstanceName="VIO-USER-BUS" byteOffset="29" byteSize="1" segmentID="30" />
    <Segment drvName="VIODriver" busInstanceName="VIO-USER-BUS" byteOffset="30" byteSize="1" segmentID="31" />
    <Segment drvName="VIODriver" busInstanceName="VIO-USER-BUS" byteOffset="31" byteSize="1" segmentID="32" />
    <Segment drvName="VIODriver" busInstanceName="VIO-USER-BUS" byteOffset="32" byteSize="1" segmentID="33" />
    <Segment drvName="VIODriver" busInstanceName="VIO-USER-BUS" byteOffset="33" byteSize="1" segmentID="34" />
    <Segment drvName="EIPIODriver" busInstanceName="EIP-ADAPTER" byteOffset="605" byteSize="1" segmentID="35">
      <AccessMask byteNr="0" mask="00000111" />
    </Segment>
    <Segment drvName="EIPIODriver" busInstanceName="EIP-ADAPTER" byteOffset="606" byteSize="1" segmentID="36">
      <AccessMask byteNr="0" mask="00000001" />
    </Segment>
    <Segment drvName="EIPIODriver" busInstanceName="EIP-ADAPTER" byteOffset="537" byteSize="4" segmentID="37" />
    <Segment drvName="VIODriver" busInstanceName="VIO-USER-BUS" byteOffset="34" byteSize="2" segmentID="38" />
    <Segment drvName="VIODriver" busInstanceName="VIO-USER-BUS" byteOffset="36" byteSize="4" segmentID="39" />
  </ProcessData>
</Application>