﻿<?xml version="1.0" encoding="utf-8"?>
<ProConOSConfig xmlns:xsi="http://www.w3.org/2001/XMLSchema-instance" xsi:noNamespaceSchemaLocation="/Roboter/Config/System/Common/Schemes/ProConOS.xsd">
  <Version Label="">
    <Info Version="KUKA V8.6" />
    <Schema Version="100" />
  </Version>
  <Internal>
    <Priorities PrioSvisor="141" PrioUser="151" PrioSystem="219" PrioIdle="190" />
    <Stack AddStackSize="4096" />
    <Scheduling KukaScheduling="true">
      <KWSettings CpuCapMin="0" CpuCapMax="100" FreeSliceMin="0" />
      <KukaSettings ExempTask="" ExempTaskMaxCpuTime="15">
        <NrkTick Value="3" />
        <NrkTick Value="4" />
      </KukaSettings>
    </Scheduling>
  </Internal>
  <UserSettings>
    <Misc ProConOS_Rootpath="ProConOS" FileAccess_RootPath="ProConOS" WriteTsmOnStop="false" ProgramSize="3500000" ReloadBootFileAtReconfig="false" IgnoreDeinstalledIoDrv="false" />
    <RetainData DelRetain="false" AutoArchiveRetain="true" RetainSize="4096" WarmStartCheck="false" />
    <KrcSignalFiles SignalfileRead="START">
      <File Name="/CIFSDev/ROBOTER/KRC/R1/System/$config.dat" />
      <File Name="/CIFSDev/ROBOTER/KRC/STEU/Mada/$machine.dat" />
    </KrcSignalFiles>
  </UserSettings>
</ProConOSConfig>