<KrcListMonitor Name="AnalogIO" Width="250">
   <Tab Name="Inputs" UpperBound="32">
      <Column Type="Text" Name="Nr" Align="Right" Width="25">
         <Text>#</Text>
      </Column>
      <Column Type="Dll" Name="Value" Align="Right" Width="90">
         <Dll>
            <Path>klmanalogio.dll</Path>
            <Class>KUKARoboter.KRCListMonitor.AnalogIn</Class>
         </Dll>
      </Column>
      <Column Type="DB" Name="Name" Align="Left" Width="20">
         <DB Module="IO" Key="ANIN_#" Default="AnalogIn"></DB>
      </Column>
   </Tab>
   <Tab Name="Outputs" UpperBound="32">
      <Column Type="Text" Name="Nr" Align="Right" Width="25">
         <Text>#</Text>
      </Column>
      <Column Type="Dll" Name="Value" Align="Right" Width="90">
         <Dll>
            <Path>klmanalogio.dll</Path>
            <Class>KUKARoboter.KRCListMonitor.AnalogOut</Class>
         </Dll>
      </Column>
      <Column Type="DB" Name="Name" Align="Left" Width="20">
         <DB Module="IO" Key="ANOUT_#" Default="AnalogOut"></DB>
      </Column>
   </Tab>
</KrcListMonitor>
