<KrcListMonitor Name="Counter" Width="250">
   <Tab UpperBound="20">
      <Column Type="Text" Name="Nr" Align="Right" Width="25">
         <Text>#</Text>
      </Column>
      <Column Type="Variable" Name="Value" Align="Right" Width="70">
         <Variable Type="INT" Name="I[]"></Variable>
      </Column>
      <Column Type="DB" Name="Name" Align="Left" Width="20">
         <DB Module="Counter" Key="CounterText#" Default="Counter"></DB>
      </Column>
   </Tab>
</KrcListMonitor>
