﻿<?xml version="1.0" encoding="utf-8" ?>
<HWService xmlns:xsi="http://www.w3.org/2001/XMLSchema-instance" xsi:noNamespaceSchemaLocation="Schemas/HwMgmtService.config.xsd">
   <vnet_route_mask>255.255.0.0</vnet_route_mask>
   <KukaDeviceConfigFile>C:/KUKA/Hardware/KUKADevicesConfig.xml</KukaDeviceConfigFile>
   <SystemBusIpConfigFile>C:/KRC/Roboter/Config/User/Common/KNet.xml</SystemBusIpConfigFile>
   <LastDevicesXmlFile>C:/KUKA/Hardware/Manager/WorkingData/LastDevices.xml</LastDevicesXmlFile>
   <UserConfigurationXmlFile>C:/KUKA/Hardware/Manager/WorkingData/UserConfiguration.xml</UserConfigurationXmlFile>
   <PersistentDataXmlFile>C:/KUKA/Hardware/Manager/WorkingData/PersistentData.xml</PersistentDataXmlFile>
   <TimoutHwDetection>300</TimoutHwDetection>
   <MaxRebootCount>3</MaxRebootCount>
</HWService>
