"Uhrzeit (hh:mm:ss)" ; "Timestamp" ; "Tick" ; "Logging Info" 
08:07:45 ; 721196790312 ; 243816 ;"SM: Starting from <RUNNING>" 
08:07:46 ; 722337687387 ; 244223 ;"SM: BootState <MOTIONDISABLED> reached ; ISGNC.o" 
08:07:46 ; 722469919898 ; 244270 ;"SM: BootState <BUSDISCONNECTED> reached ; HNFHLP.o" 
08:07:52 ; 740333991200 ; 250633 ;"SM: BootState <BUSPOWEREDOFF> reached ; Histogram.o" 
08:07:52 ; 741157249976 ; 250926 ;"SM: Starting from <BUSPOWEREDOFF>" 
08:07:54 ; 744191102013 ; 252007 ;"SM: BootState <SLEEPING> reached ; KRC.o" 
08:07:56 ; 752307973715 ; 254898 ;"SM: BootState <FROZEN> reached ; EtherCATWrapper.o" 
