"Uhrzeit (hh:mm:ss)" ; "Timestamp" ; "Tick" ; "Logging Info" 
08:25:55 ; 1157835201151468 ; 412300677 ;"SM: Starting from <RUNNING>" 
08:25:55 ; 1157836343058671 ; 412301084 ;"SM: BootState <MOTIONDISABLED> reached ; ISGNC.o" 
08:25:55 ; 1157836464109239 ; 412301127 ;"SM: BootState <BUSDISCONNECTED> reached ; HNFHLP.o" 
08:25:59 ; 1157847022920556 ; 412304888 ;"SM: BootState <BUSPOWEREDOFF (SOFT)> reached ; Histogram.o" 
08:25:59 ; 1157847054606333 ; 412304899 ;"SM: Starting from <BUSPOWEREDOFF_SOFT>" 
08:26:00 ; 1157851435933215 ; 412306460 ;"SM: BootState <SLEEPING> reached ; KRC.o" 
08:26:03 ; 1157859581027844 ; 412309361 ;"SM: BootState <FROZEN> reached ; EtherCATWrapper.o" 
