"Uhrzeit (hh:mm:ss)" ; "Timestamp" ; "Tick" ; "Logging Info" 
08:03:04 ; 187190108438467 ; 66651505 ;"SM: Starting from <RUNNING>" 
08:03:05 ; 187191259007484 ; 66651915 ;"SM: BootState <MOTIONDISABLED> reached ; ISGNC.o" 
08:03:05 ; 187191379912417 ; 66651958 ;"SM: BootState <BUSDISCONNECTED> reached ; HNFHLP.o" 
08:03:08 ; 187201628433841 ; 66655608 ;"SM: BootState <BUSPOWEREDOFF (SOFT)> reached ; Histogram.o" 
08:03:08 ; 187201653869381 ; 66655617 ;"SM: Starting from <BUSPOWEREDOFF_SOFT>" 
08:03:10 ; 187205540541126 ; 66657002 ;"SM: BootState <SLEEPING> reached ; KRC.o" 
08:03:13 ; 187213688541846 ; 66659904 ;"SM: BootState <FROZEN> reached ; EtherCATWrapper.o" 
