"Uhrzeit (hh:mm:ss)" ; "Timestamp" ; "Tick" ; "Logging Info" 
13:30:27 ; 2237702187548613 ; 796907763 ;"SM: Starting from <RUNNING>" 
13:30:28 ; 2237703344741404 ; 796908175 ;"SM: BootState <MOTIONDISABLED> reached ; ISGNC.o" 
13:30:28 ; 2237703477267903 ; 796908222 ;"SM: BootState <BUSDISCONNECTED> reached ; HNFHLP.o" 
13:30:32 ; 2237714481500172 ; 796912140 ;"SM: BootState <BUSPOWEREDOFF (SOFT)> reached ; Histogram.o" 
13:30:32 ; 2237714514820596 ; 796912152 ;"SM: Starting from <BUSPOWEREDOFF_SOFT>" 
13:30:33 ; 2237719012891212 ; 796913754 ;"SM: BootState <SLEEPING> reached ; ApplGateAgent.o" 
13:30:36 ; 2237727040007431 ; 796916612 ;"SM: BootState <FROZEN> reached ; EtherCATWrapper.o" 
