"Uhrzeit (hh:mm:ss)" ; "Timestamp" ; "Tick" ; "Logging Info" 
08:10:57 ; 207580097549710 ; 73913059 ;"SM: Starting from <RUNNING>" 
08:10:58 ; 207582216001606 ; 73913814 ;"SM: BootState <MOTIONDISABLED> reached ; KRC.o" 
08:10:58 ; 207582337129949 ; 73913857 ;"SM: BootState <BUSDISCONNECTED> reached ; HNFHLP.o" 
08:11:03 ; 207598385693743 ; 73919573 ;"SM: BootState <BUSPOWEREDOFF (SOFT)> reached ; Histogram.o" 
08:11:03 ; 207598461828566 ; 73919600 ;"SM: Starting from <BUSPOWEREDOFF_SOFT>" 
08:11:05 ; 207602632119044 ; 73921086 ;"SM: BootState <SLEEPING> reached ; ApplGateAgent.o" 
08:11:08 ; 207610726696031 ; 73923969 ;"SM: BootState <FROZEN> reached ; EtherCATWrapper.o" 
