"Uhrzeit (hh:mm:ss)" ; "Timestamp" ; "Tick" ; "Logging Info" 
13:53:06 ; 2453234119402911 ; 873665711 ;"SM: Starting from <RUNNING>" 
13:53:07 ; 2453235268519741 ; 873666121 ;"SM: BootState <MOTIONDISABLED> reached ; ISGNC.o" 
13:53:07 ; 2453235389477066 ; 873666164 ;"SM: BootState <BUSDISCONNECTED> reached ; HNFHLP.o" 
13:53:11 ; 2453245995475344 ; 873669942 ;"SM: BootState <BUSPOWEREDOFF (SOFT)> reached ; Histogram.o" 
13:53:11 ; 2453246021904990 ; 873669951 ;"SM: Starting from <BUSPOWEREDOFF_SOFT>" 
13:53:12 ; 2453250358676277 ; 873671496 ;"SM: BootState <SLEEPING> reached ; KRC.o" 
13:53:15 ; 2453258472908423 ; 873674386 ;"SM: BootState <FROZEN> reached ; EtherCATWrapper.o" 
