"Uhrzeit (hh:mm:ss)" ; "Timestamp" ; "Tick" ; "Logging Info" 
09:01:25 ; 3983919683521 ; 1405555 ;"SM: Starting from <RUNNING>" 
09:01:26 ; 3985063439302 ; 1405963 ;"SM: BootState <MOTIONDISABLED> reached ; ISGNC.o" 
09:01:26 ; 3985184241792 ; 1406006 ;"SM: BootState <BUSDISCONNECTED> reached ; HNFHLP.o" 
09:01:32 ; 4002184227640 ; 1412061 ;"SM: BootState <BUSPOWEREDOFF (SOFT)> reached ; Histogram.o" 
09:01:32 ; 4002267780927 ; 1412091 ;"SM: Starting from <BUSPOWEREDOFF_SOFT>" 
09:01:33 ; 4005260346536 ; 1413157 ;"SM: BootState <SLEEPING> reached ; KRC.o" 
09:01:36 ; 4013425471707 ; 1416065 ;"SM: BootState <FROZEN> reached ; OSBaseAgent.o" 
