"Uhrzeit (hh:mm:ss)" ; "Timestamp" ; "Tick" ; "Logging Info" 
13:31:33 ; 1457202759510978 ; 518945888 ;"SM: Starting from <RUNNING>" 
13:31:34 ; 1457203907385141 ; 518946297 ;"SM: BootState <MOTIONDISABLED> reached ; ISGNC.o" 
13:31:34 ; 1457204050765233 ; 518946348 ;"SM: BootState <BUSDISCONNECTED> reached ; HNFHLP.o" 
13:31:38 ; 1457215059798578 ; 518950269 ;"SM: BootState <BUSPOWEREDOFF (SOFT)> reached ; Histogram.o" 
13:31:38 ; 1457215091205216 ; 518950280 ;"SM: Starting from <BUSPOWEREDOFF_SOFT>" 
13:31:39 ; 1457218110435195 ; 518951356 ;"SM: BootState <SLEEPING> reached ; KRC.o" 
13:31:42 ; 1457226106509522 ; 518954204 ;"SM: BootState <FROZEN> reached ; EtherCATWrapper.o" 
