"Uhrzeit (hh:mm:ss)" ; "Timestamp" ; "Tick" ; "Logging Info" 
08:37:23 ; 8495559489640706 ; 3025540825 ;"SM: Starting from <RUNNING>" 
08:37:24 ; 8495561641659342 ; 3025541592 ;"SM: BootState <MOTIONDISABLED> reached ; KRC.o" 
08:37:24 ; 8495561763566179 ; 3025541635 ;"SM: BootState <BUSDISCONNECTED> reached ; HNFHLP.o" 
08:37:28 ; 8495572746878850 ; 3025545547 ;"SM: BootState <BUSPOWEREDOFF (SOFT)> reached ; Histogram.o" 
08:37:28 ; 8495572772579895 ; 3025545556 ;"SM: Starting from <BUSPOWEREDOFF_SOFT>" 
08:37:29 ; 8495576900613360 ; 3025547027 ;"SM: BootState <SLEEPING> reached ; KRC.o" 
08:37:32 ; 8495584930565470 ; 3025549887 ;"SM: BootState <FROZEN> reached ; EtherCATWrapper.o" 
