"Uhrzeit (hh:mm:ss)" ; "Timestamp" ; "Tick" ; "Logging Info" 
13:21:50 ; 49787108226839 ; 17690964 ;"SM: Starting from <RUNNING>" 
13:21:51 ; 49788254356683 ; 17691372 ;"SM: BootState <MOTIONDISABLED> reached ; ISGNC.o" 
13:21:51 ; 49788386457449 ; 17691419 ;"SM: BootState <BUSDISCONNECTED> reached ; HNFHLP.o" 
13:21:55 ; 49798835141160 ; 17695141 ;"SM: BootState <BUSPOWEREDOFF (SOFT)> reached ; Histogram.o" 
13:21:55 ; 49798857202486 ; 17695148 ;"SM: Starting from <BUSPOWEREDOFF_SOFT>" 
13:21:56 ; 49803608372178 ; 17696841 ;"SM: BootState <SLEEPING> reached ; KRC.o" 
13:21:59 ; 49811722831849 ; 17699731 ;"SM: BootState <FROZEN> reached ; EtherCATWrapper.o" 
