"Uhrzeit (hh:mm:ss)" ; "Timestamp" ; "Tick" ; "Logging Info" 
09:33:26 ; 689268765070013 ; 245458762 ;"SM: Starting from <RUNNING>" 
09:33:27 ; 689271938634223 ; 245459892 ;"SM: BootState <WAIT_FOR_SYNC (on DESYNCHRONIZE)> reached ; HNFHLP.o" 
09:33:29 ; 689275617142188 ; 245461202 ;"SM: BootState <DATA_CONNECTED (on STOP)> reached ; CabCtrl.o" 
09:33:32 ; 689285831178680 ; 245464840 ;"SM: BootState <DATA_ATTACHED (on DISCONNECT_DATA)> reached ; NextGen.o" 
09:33:33 ; 689287358958208 ; 245465385 ;"SM: BootState <DATA_REGISTERED (on DETACH_DATA)> reached ; Histogram.o" 
09:33:36 ; 689295888018336 ; 245468422 ;"SM: BootState <SERVICES_STARTED (on UNREGISTER_DATA)> reached ; Trace.o" 
09:33:36 ; 689297108252072 ; 245468857 ;"SM: BootState <APPLICATION_CREATED (on STOP_SERVICES)> reached ; OSBaseAgent.o" 
09:33:36 ; 689297108253993 ; 245468857 ;"SM: calling <kukaRdiskReconfigProcess()>" 
09:33:37 ; 689298787766024 ; 245469455 ;"SM: <kukaRdiskReconfigProcess()> finished" 
09:33:41 ; 689310067593030 ; 245473473 ;"SM: BootState <SERVICES_STARTED> reached ; ISGNC.o" 
09:33:43 ; 689316342483920 ; 245475708 ;"SM: BootState <DATA_REGISTERED> reached ; EtherCATWrapper.o" 
09:34:03 ; 689373012757251 ; 245495891 ;"SM: BootState <DATA_ATTACHED> reached ; EIPIODriver.o" 
09:34:06 ; 689380473472875 ; 245498548 ;"SM: BootState <DATA_CONNECTED> reached ; HNFHLP.o" 
09:34:08 ; 689386103099825 ; 245500553 ;"SM: BootState <WAIT_FOR_SYNC> reached ; CabCtrl.o" 
09:34:08 ; 689386262587836 ; 245500609 ;"SM: BootState <RUNNING> reached ; ProConOS.o" 
