"Uhrzeit (hh:mm:ss)" ; "Timestamp" ; "Tick" ; "Logging Info" 
13:35:32 ; 596502590828 ; 199260 ;"SM: Starting from <RUNNING>" 
13:35:33 ; 599663252290 ; 200386 ;"SM: BootState <WAIT_FOR_SYNC (on DESYNCHRONIZE)> reached ; HNFHLP.o" 
13:35:35 ; 605015423324 ; 202292 ;"SM: BootState <DATA_CONNECTED (on STOP)> reached ; CabCtrl.o" 
13:35:39 ; 615130300522 ; 205895 ;"SM: BootState <DATA_ATTACHED (on DISCONNECT_DATA)> reached ; NextGen.o" 
13:35:39 ; 616653627629 ; 206438 ;"SM: BootState <DATA_REGISTERED (on DETACH_DATA)> reached ; Histogram.o" 
13:35:42 ; 625205951293 ; 209484 ;"SM: BootState <SERVICES_STARTED (on UNREGISTER_DATA)> reached ; EtherCATWrapper.o" 
13:35:45 ; 632341176457 ; 212025 ;"SM: BootState <APPLICATION_CREATED (on STOP_SERVICES)> reached ; OSBaseAgent.o" 
13:35:45 ; 632341178666 ; 212025 ;"SM: calling <kukaRdiskReconfigProcess()>" 
13:35:45 ; 634175565377 ; 212678 ;"SM: <kukaRdiskReconfigProcess()> finished" 
13:35:49 ; 643801600389 ; 216107 ;"SM: BootState <SERVICES_STARTED> reached ; ISGNC.o" 
13:35:51 ; 650032146475 ; 218326 ;"SM: BootState <DATA_REGISTERED> reached ; EtherCATWrapper.o" 
13:36:11 ; 707022073610 ; 238623 ;"SM: BootState <DATA_ATTACHED> reached ; EIPIODriver.o" 
13:36:14 ; 714137261606 ; 241157 ;"SM: BootState <DATA_CONNECTED> reached ; HNFHLP.o" 
13:36:16 ; 719919775286 ; 243216 ;"SM: BootState <WAIT_FOR_SYNC> reached ; CabCtrl.o" 
13:36:16 ; 720067866567 ; 243269 ;"SM: BootState <RUNNING> reached ; NGSharedO.o" 
