"Uhrzeit (hh:mm:ss)" ; "Timestamp" ; "Tick" ; "Logging Info" 
09:19:19 ; 924228889296114 ; 329105617 ;"SM: Starting from <RUNNING>" 
09:19:21 ; 924232063155995 ; 329106747 ;"SM: BootState <WAIT_FOR_SYNC (on DESYNCHRONIZE)> reached ; HNFHLP.o" 
09:19:21 ; 924234181048805 ; 329107501 ;"SM: BootState <DATA_CONNECTED (on STOP)> reached ; CabCtrl.o" 
09:19:24 ; 924240239161234 ; 329109659 ;"SM: BootState <DATA_ATTACHED (on DISCONNECT_DATA)> reached ; NextGen.o" 
09:19:24 ; 924241770770362 ; 329110205 ;"SM: BootState <DATA_REGISTERED (on DETACH_DATA)> reached ; Histogram.o" 
09:19:27 ; 924249890413005 ; 329113097 ;"SM: BootState <SERVICES_STARTED (on UNREGISTER_DATA)> reached ; EtherCATWrapper.o" 
09:19:28 ; 924252622883127 ; 329114070 ;"SM: BootState <APPLICATION_CREATED (on STOP_SERVICES)> reached ; OSBaseAgent.o" 
09:19:28 ; 924252622885215 ; 329114070 ;"SM: calling <kukaRdiskReconfigProcess()>" 
09:19:29 ; 924254368054162 ; 329114691 ;"SM: <kukaRdiskReconfigProcess()> finished" 
09:19:32 ; 924264117175230 ; 329118164 ;"SM: BootState <SERVICES_STARTED> reached ; ISGNC.o" 
09:19:34 ; 924270501353861 ; 329120438 ;"SM: BootState <DATA_REGISTERED> reached ; EtherCATWrapper.o" 
09:19:55 ; 924327458316758 ; 329140723 ;"SM: BootState <DATA_ATTACHED> reached ; EIPIODriver.o" 
09:19:57 ; 924334587634164 ; 329143262 ;"SM: BootState <DATA_CONNECTED> reached ; HNFHLP.o" 
09:19:59 ; 924340460235567 ; 329145353 ;"SM: BootState <WAIT_FOR_SYNC> reached ; CabCtrl.o" 
09:19:59 ; 924340595861462 ; 329145401 ;"SM: BootState <RUNNING> reached ; HNFHLP.o" 
