"Uhrzeit (hh:mm:ss)" ; "Timestamp" ; "Tick" ; "Logging Info" 
08:35:33 ; 1553954084852 ; 513500 ;"SM: Starting from <RUNNING>" 
08:35:34 ; 1557128558990 ; 514631 ;"SM: BootState <WAIT_FOR_SYNC (on DESYNCHRONIZE)> reached ; HNFHLP.o" 
08:35:36 ; 1561222264792 ; 516089 ;"SM: BootState <DATA_CONNECTED (on STOP)> reached ; CabCtrl.o" 
08:35:39 ; 1571600831618 ; 519786 ;"SM: BootState <DATA_ATTACHED (on DISCONNECT_DATA)> reached ; NextGen.o" 
08:35:40 ; 1573127963253 ; 520330 ;"SM: BootState <DATA_REGISTERED (on DETACH_DATA)> reached ; Histogram.o" 
08:35:44 ; 1585054253835 ; 524577 ;"SM: BootState <SERVICES_STARTED (on UNREGISTER_DATA)> reached ; Trace.o" 
08:35:46 ; 1591379170173 ; 526830 ;"SM: BootState <APPLICATION_CREATED (on STOP_SERVICES)> reached ; OSBaseAgent.o" 
08:35:46 ; 1591379172047 ; 526830 ;"SM: calling <kukaRdiskReconfigProcess()>" 
08:35:47 ; 1593107000168 ; 527445 ;"SM: <kukaRdiskReconfigProcess()> finished" 
08:35:50 ; 1602749789610 ; 530880 ;"SM: BootState <SERVICES_STARTED> reached ; ISGNC.o" 
08:35:53 ; 1609079929500 ; 533135 ;"SM: BootState <DATA_REGISTERED> reached ; EtherCATWrapper.o" 
08:36:13 ; 1666040375710 ; 553421 ;"SM: BootState <DATA_ATTACHED> reached ; EIPIODriver.o" 
08:36:15 ; 1673082689434 ; 555929 ;"SM: BootState <DATA_CONNECTED> reached ; HNFHLP.o" 
08:36:17 ; 1678841354048 ; 557979 ;"SM: BootState <WAIT_FOR_SYNC> reached ; CabCtrl.o" 
08:36:17 ; 1678974109893 ; 558027 ;"SM: BootState <RUNNING> reached ; NGSharedO.o" 
