"Uhrzeit (hh:mm:ss)" ; "Timestamp" ; "Tick" ; "Logging Info" 
13:12:14 ; 48168337895615 ; 17114460 ;"SM: Starting from <RUNNING>" 
13:12:15 ; 48171500953062 ; 17115587 ;"SM: BootState <WAIT_FOR_SYNC (on DESYNCHRONIZE)> reached ; HNFHLP.o" 
13:12:17 ; 48176136666008 ; 17117238 ;"SM: BootState <DATA_CONNECTED (on STOP)> reached ; CabCtrl.o" 
13:12:19 ; 48182172884190 ; 17119388 ;"SM: BootState <DATA_ATTACHED (on DISCONNECT_DATA)> reached ; NextGen.o" 
13:12:19 ; 48183701590072 ; 17119933 ;"SM: BootState <DATA_REGISTERED (on DETACH_DATA)> reached ; Histogram.o" 
13:12:23 ; 48195116904036 ; 17123998 ;"SM: BootState <SERVICES_STARTED (on UNREGISTER_DATA)> reached ; Trace.o" 
13:12:24 ; 48197667856130 ; 17124907 ;"SM: BootState <APPLICATION_CREATED (on STOP_SERVICES)> reached ; OSBaseAgent.o" 
13:12:24 ; 48197667858054 ; 17124907 ;"SM: calling <kukaRdiskReconfigProcess()>" 
13:12:25 ; 48199445456427 ; 17125540 ;"SM: <kukaRdiskReconfigProcess()> finished" 
13:12:28 ; 48208906695946 ; 17128910 ;"SM: BootState <SERVICES_STARTED> reached ; Diagnose.o" 
13:12:31 ; 48215259354335 ; 17131173 ;"SM: BootState <DATA_REGISTERED> reached ; EtherCATWrapper.o" 
13:12:51 ; 48272188983042 ; 17151448 ;"SM: BootState <DATA_ATTACHED> reached ; EIPIODriver.o" 
13:12:53 ; 48279309804785 ; 17153984 ;"SM: BootState <DATA_CONNECTED> reached ; HNFHLP.o" 
13:12:56 ; 48285087060115 ; 17156041 ;"SM: BootState <WAIT_FOR_SYNC> reached ; CabCtrl.o" 
13:12:56 ; 48285215202409 ; 17156087 ;"SM: BootState <RUNNING> reached ; HNFHLP.o" 
