"Uhrzeit (hh:mm:ss)" ; "Timestamp" ; "Tick" ; "Logging Info" 
07:39:38 ; 183240748059321 ; 65245002 ;"SM: Starting from <RUNNING>" 
07:39:39 ; 183243891494030 ; 65246122 ;"SM: BootState <WAIT_FOR_SYNC (on DESYNCHRONIZE)> reached ; HNFHLP.o" 
07:39:40 ; 183248114496032 ; 65247626 ;"SM: BootState <DATA_CONNECTED (on STOP)> reached ; CabCtrl.o" 
07:39:43 ; 183254319779509 ; 65249836 ;"SM: BootState <DATA_ATTACHED (on DISCONNECT_DATA)> reached ; NextGen.o" 
07:39:43 ; 183255845289343 ; 65250380 ;"SM: BootState <DATA_REGISTERED (on DETACH_DATA)> reached ; Histogram.o" 
07:39:46 ; 183264560657818 ; 65253484 ;"SM: BootState <SERVICES_STARTED (on UNREGISTER_DATA)> reached ; EtherCATWrapper.o" 
07:39:49 ; 183272709527446 ; 65256386 ;"SM: BootState <APPLICATION_CREATED (on STOP_SERVICES)> reached ; OSBaseAgent.o" 
07:39:49 ; 183272709529449 ; 65256386 ;"SM: calling <kukaRdiskReconfigProcess()>" 
07:39:50 ; 183274420331763 ; 65256995 ;"SM: <kukaRdiskReconfigProcess()> finished" 
07:39:54 ; 183285144466525 ; 65260815 ;"SM: BootState <SERVICES_STARTED> reached ; ISGNC.o" 
07:39:56 ; 183291490021491 ; 65263075 ;"SM: BootState <DATA_REGISTERED> reached ; EtherCATWrapper.o" 
07:40:16 ; 183348477082265 ; 65283371 ;"SM: BootState <DATA_ATTACHED> reached ; EIPIODriver.o" 
07:40:19 ; 183355598228874 ; 65285907 ;"SM: BootState <DATA_CONNECTED> reached ; HNFHLP.o" 
07:40:21 ; 183361370788099 ; 65287962 ;"SM: BootState <WAIT_FOR_SYNC> reached ; CabCtrl.o" 
07:40:21 ; 183361514569984 ; 65288014 ;"SM: BootState <RUNNING> reached ; HNFHLP.o" 
