"Uhrzeit (hh:mm:ss)" ; "Timestamp" ; "Tick" ; "Logging Info" 
11:25:44 ; 275845892840303 ; 98225083 ;"SM: Starting from <RUNNING>" 
11:25:46 ; 275849055777548 ; 98226210 ;"SM: BootState <WAIT_FOR_SYNC (on DESYNCHRONIZE)> reached ; HNFHLP.o" 
11:25:46 ; 275851123590804 ; 98226946 ;"SM: BootState <DATA_CONNECTED (on STOP)> reached ; CabCtrl.o" 
11:25:50 ; 275861232073270 ; 98230545 ;"SM: BootState <DATA_ATTACHED (on DISCONNECT_DATA)> reached ; NextGen.o" 
11:25:51 ; 275862757492080 ; 98231089 ;"SM: BootState <DATA_REGISTERED (on DETACH_DATA)> reached ; Histogram.o" 
11:25:53 ; 275870882745314 ; 98233982 ;"SM: BootState <SERVICES_STARTED (on UNREGISTER_DATA)> reached ; EtherCATWrapper.o" 
11:25:54 ; 275871860312978 ; 98234330 ;"SM: BootState <APPLICATION_CREATED (on STOP_SERVICES)> reached ; OSBaseAgent.o" 
11:25:54 ; 275871860314872 ; 98234330 ;"SM: calling <kukaRdiskReconfigProcess()>" 
11:25:54 ; 275873620796836 ; 98234957 ;"SM: <kukaRdiskReconfigProcess()> finished" 
11:25:58 ; 275883319271547 ; 98238411 ;"SM: BootState <SERVICES_STARTED> reached ; ISGNC.o" 
11:26:00 ; 275889666162988 ; 98240671 ;"SM: BootState <DATA_REGISTERED> reached ; EtherCATWrapper.o" 
11:26:20 ; 275946346400662 ; 98260857 ;"SM: BootState <DATA_ATTACHED> reached ; EIPIODriver.o" 
11:26:23 ; 275953627485339 ; 98263450 ;"SM: BootState <DATA_CONNECTED> reached ; HNFHLP.o" 
11:26:25 ; 275959425458313 ; 98265514 ;"SM: BootState <WAIT_FOR_SYNC> reached ; CabCtrl.o" 
11:26:25 ; 275959519210216 ; 98265548 ;"SM: BootState <RUNNING> reached ; HNFHLP.o" 
