"Uhrzeit (hh:mm:ss)" ; "Timestamp" ; "Tick" ; "Logging Info" 
13:20:00 ; 49476891830184 ; 17580483 ;"SM: Starting from <RUNNING>" 
13:20:01 ; 49480048089576 ; 17581607 ;"SM: BootState <WAIT_FOR_SYNC (on DESYNCHRONIZE)> reached ; HNFHLP.o" 
13:20:02 ; 49483848027481 ; 17582960 ;"SM: BootState <DATA_CONNECTED (on STOP)> reached ; CabCtrl.o" 
13:20:05 ; 49489930067144 ; 17585127 ;"SM: BootState <DATA_ATTACHED (on DISCONNECT_DATA)> reached ; NextGen.o" 
13:20:05 ; 49491457105910 ; 17585671 ;"SM: BootState <DATA_REGISTERED (on DETACH_DATA)> reached ; Histogram.o" 
13:20:08 ; 49500845119212 ; 17589014 ;"SM: BootState <SERVICES_STARTED (on UNREGISTER_DATA)> reached ; Trace.o" 
13:20:10 ; 49506178821271 ; 17590914 ;"SM: BootState <APPLICATION_CREATED (on STOP_SERVICES)> reached ; OSBaseAgent.o" 
13:20:10 ; 49506178823308 ; 17590914 ;"SM: calling <kukaRdiskReconfigProcess()>" 
13:20:11 ; 49507899999048 ; 17591527 ;"SM: <kukaRdiskReconfigProcess()> finished" 
13:20:14 ; 49517661999388 ; 17595004 ;"SM: BootState <SERVICES_STARTED> reached ; ISGNC.o" 
13:20:17 ; 49523919474681 ; 17597233 ;"SM: BootState <DATA_REGISTERED> reached ; EtherCATWrapper.o" 
13:20:37 ; 49580842966379 ; 17617506 ;"SM: BootState <DATA_ATTACHED> reached ; EIPIODriver.o" 
13:20:40 ; 49588135249243 ; 17620103 ;"SM: BootState <DATA_CONNECTED> reached ; HNFHLP.o" 
13:20:42 ; 49593877271908 ; 17622148 ;"SM: BootState <WAIT_FOR_SYNC> reached ; CabCtrl.o" 
13:20:42 ; 49594011723801 ; 17622195 ;"SM: BootState <RUNNING> reached ; ProConOS.o" 
