"Uhrzeit (hh:mm:ss)" ; "Timestamp" ; "Tick" ; "Logging Info" 
10:29:34 ; 20762703494026 ; 7354389 ;"SM: Starting from <RUNNING>" 
10:29:35 ; 20765876234960 ; 7355519 ;"SM: BootState <WAIT_FOR_SYNC (on DESYNCHRONIZE)> reached ; HNFHLP.o" 
10:29:37 ; 20770193755711 ; 7357057 ;"SM: BootState <DATA_CONNECTED (on STOP)> reached ; CabCtrl.o" 
10:29:39 ; 20776717846597 ; 7359380 ;"SM: BootState <DATA_ATTACHED (on DISCONNECT_DATA)> reached ; NextGen.o" 
10:29:39 ; 20778234436437 ; 7359921 ;"SM: BootState <DATA_REGISTERED (on DETACH_DATA)> reached ; Histogram.o" 
10:29:42 ; 20786354223241 ; 7362813 ;"SM: BootState <SERVICES_STARTED (on UNREGISTER_DATA)> reached ; EtherCATWrapper.o" 
10:29:44 ; 20792130426921 ; 7364870 ;"SM: BootState <APPLICATION_CREATED (on STOP_SERVICES)> reached ; OSBaseAgent.o" 
10:29:44 ; 20792130428894 ; 7364870 ;"SM: calling <kukaRdiskReconfigProcess()>" 
10:29:45 ; 20793928923250 ; 7365510 ;"SM: <kukaRdiskReconfigProcess()> finished" 
10:29:48 ; 20803478926389 ; 7368912 ;"SM: BootState <SERVICES_STARTED> reached ; ISGNC.o" 
10:29:51 ; 20809837475438 ; 7371177 ;"SM: BootState <DATA_REGISTERED> reached ; EtherCATWrapper.o" 
10:30:11 ; 20866819934004 ; 7391471 ;"SM: BootState <DATA_ATTACHED> reached ; EIPIODriver.o" 
10:30:13 ; 20873949224229 ; 7394010 ;"SM: BootState <DATA_CONNECTED> reached ; HNFHLP.o" 
10:30:16 ; 20879934228657 ; 7396141 ;"SM: BootState <WAIT_FOR_SYNC> reached ; CabCtrl.o" 
10:30:22 ; 20897430580084 ; 7402372 ;"SM: BootState <RUNNING> reached ; HNFHLP.o" 
