"Uhrzeit (hh:mm:ss)" ; "Timestamp" ; "Tick" ; "Logging Info" 
00:00:00 ; 35493649009 ; 0 ;"BSP: Entering kukaHwInit()" 
00:00:00 ; 35553214603 ; 0 ;"BSP: gei0-Reset after [10:240487000] secs" 
00:00:00 ; 35585453749 ; 0 ;"BSP: gei1-Reset after [10:252253000] secs" 
00:00:03 ; 45229588806 ; 3219 ;"OSBase: StartLogging()" 
09:02:08 ; 45379867108 ; 3272 ;"OSBase: StartFSLogging()" 
09:02:14 ; 64062459285 ; 9925 ;"OSBase: tickGuardInit()" 
09:02:15 ; 65342064949 ; 10381 ;"SM: setupMyServer()..." 
09:02:15 ; 65442409491 ; 10417 ;"SM: Start load modules..." 
09:02:16 ; 67658293153 ; 11206 ;"SM: Finished load modules..." 
09:02:16 ; 67861992471 ; 11279 ;"SM: BootState <PREINIT_DHGSTL_DONE> reached ; Histogram.o" 
09:02:18 ; 75227746853 ; 13902 ;"SM: BootState <APPLICATION_CREATED> reached ; KRC.o" 
09:02:19 ; 77907806897 ; 14856 ;"SM: BootState <SERVICES_STARTED> reached ; ProConOS.o" 
09:02:22 ; 84700185307 ; 17276 ;"SM: BootState <DATA_REGISTERED> reached ; EtherCATWrapper.o" 
09:02:42 ; 141634185822 ; 37553 ;"SM: BootState <DATA_ATTACHED> reached ; EIPIODriver.o" 
09:02:45 ; 148858959981 ; 40126 ;"SM: BootState <DATA_CONNECTED> reached ; HNFHLP.o" 
09:02:50 ; 165010306822 ; 45878 ;"SM: BootState <WAIT_FOR_SYNC> reached ; KRC.o" 
09:02:50 ; 165131224255 ; 45921 ;"SM: BootState <RUNNING> reached ; HNFHLP.o" 
