"Uhrzeit (hh:mm:ss)" ; "Timestamp" ; "Tick" ; "Logging Info" 
00:00:00 ; 35881507555 ; 0 ;"BSP: Entering kukaHwInit()" 
00:00:00 ; 35941074024 ; 0 ;"BSP: gei0-Reset after [10:376117000] secs" 
00:00:00 ; 35973295364 ; 0 ;"BSP: gei1-Reset after [10:387877000] secs" 
00:00:03 ; 45617446706 ; 3219 ;"OSBase: StartLogging()" 
08:03:45 ; 45767585046 ; 3272 ;"OSBase: StartFSLogging()" 
08:03:51 ; 63552028504 ; 9605 ;"OSBase: tickGuardInit()" 
08:03:52 ; 64778000522 ; 10042 ;"SM: setupMyServer()..." 
08:03:52 ; 64878790295 ; 10078 ;"SM: Start load modules..." 
08:03:52 ; 67099964534 ; 10869 ;"SM: Finished load modules..." 
08:03:53 ; 67300808868 ; 10941 ;"SM: BootState <PREINIT_DHGSTL_DONE> reached ; Histogram.o" 
08:03:57 ; 79423198308 ; 15258 ;"SM: BootState <APPLICATION_CREATED> reached ; KRC.o" 
08:03:58 ; 82324682593 ; 16291 ;"SM: BootState <SERVICES_STARTED> reached ; ProConOS.o" 
08:04:00 ; 88624944732 ; 18536 ;"SM: BootState <DATA_REGISTERED> reached ; EtherCATWrapper.o" 
08:04:20 ; 145562749413 ; 38814 ;"SM: BootState <DATA_ATTACHED> reached ; EIPIODriver.o" 
08:04:23 ; 153270668753 ; 41559 ;"SM: BootState <DATA_CONNECTED> reached ; HNFHLP.o" 
08:04:29 ; 168635634582 ; 47031 ;"SM: BootState <WAIT_FOR_SYNC> reached ; KRC.o" 
08:04:29 ; 168756519139 ; 47074 ;"SM: BootState <RUNNING> reached ; HNFHLP.o" 
