"Uhrzeit (hh:mm:ss)" ; "Timestamp" ; "Tick" ; "Logging Info" 
00:00:00 ; 35522533929 ; 0 ;"BSP: Entering kukaHwInit()" 
00:00:00 ; 35582098451 ; 0 ;"BSP: gei0-Reset after [10:227529000] secs" 
00:00:00 ; 35614083374 ; 0 ;"BSP: gei1-Reset after [10:239205000] secs" 
00:00:03 ; 45258474274 ; 3219 ;"OSBase: StartLogging()" 
08:08:43 ; 45408559120 ; 3272 ;"OSBase: StartFSLogging()" 
08:08:49 ; 64146575289 ; 9945 ;"OSBase: tickGuardInit()" 
08:08:50 ; 65421460562 ; 10399 ;"SM: setupMyServer()..." 
08:08:50 ; 65521978823 ; 10435 ;"SM: Start load modules..." 
08:08:51 ; 67737644611 ; 11224 ;"SM: Finished load modules..." 
08:08:51 ; 67947066411 ; 11299 ;"SM: BootState <PREINIT_DHGSTL_DONE> reached ; Histogram.o" 
08:08:55 ; 80642436552 ; 15820 ;"SM: BootState <APPLICATION_CREATED> reached ; KRC.o" 
08:08:56 ; 83382494521 ; 16795 ;"SM: BootState <SERVICES_STARTED> reached ; ProConOS.o" 
08:08:58 ; 89800757883 ; 19081 ;"SM: BootState <DATA_REGISTERED> reached ; EtherCATWrapper.o" 
08:09:19 ; 146480097289 ; 39267 ;"SM: BootState <DATA_ATTACHED> reached ; EIPIODriver.o" 
08:09:21 ; 153828607152 ; 41884 ;"SM: BootState <DATA_CONNECTED> reached ; HNFHLP.o" 
08:09:27 ; 169011074211 ; 47291 ;"SM: BootState <WAIT_FOR_SYNC> reached ; KRC.o" 
08:09:27 ; 169131972165 ; 47334 ;"SM: BootState <RUNNING> reached ; HNFHLP.o" 
