"Uhrzeit (hh:mm:ss)" ; "Timestamp" ; "Tick" ; "Logging Info" 
00:00:00 ; 111383837599 ; 0 ;"BSP: Entering kukaHwInit()" 
00:00:00 ; 111443401368 ; 0 ;"BSP: gei0-Reset after [37:266275000] secs" 
00:00:00 ; 111475592588 ; 0 ;"BSP: gei1-Reset after [37:278021000] secs" 
00:00:03 ; 121119751013 ; 3219 ;"OSBase: StartLogging()" 
08:27:07 ; 133122286266 ; 7493 ;"OSBase: StartFSLogging()" 
08:27:07 ; 133221028553 ; 7528 ;"OSBase: tickGuardInit()" 
08:27:07 ; 134445279720 ; 7964 ;"SM: setupMyServer()..." 
08:27:07 ; 134545505910 ; 8000 ;"SM: Start load modules..." 
08:27:08 ; 136752722804 ; 8786 ;"SM: Finished load modules..." 
08:27:08 ; 136962143275 ; 8860 ;"SM: BootState <PREINIT_DHGSTL_DONE> reached ; Histogram.o" 
08:27:12 ; 148587838624 ; 13001 ;"SM: BootState <APPLICATION_CREATED> reached ; KRC.o" 
08:27:13 ; 151315537544 ; 13972 ;"SM: BootState <SERVICES_STARTED> reached ; ProConOS.o" 
08:27:16 ; 157493714754 ; 16173 ;"SM: BootState <DATA_REGISTERED> reached ; EtherCATWrapper.o" 
08:27:36 ; 214413016980 ; 36445 ;"SM: BootState <DATA_ATTACHED> reached ; EIPIODriver.o" 
08:27:38 ; 221334680431 ; 38910 ;"SM: BootState <DATA_CONNECTED> reached ; HNFHLP.o" 
08:27:44 ; 237806022605 ; 44776 ;"SM: BootState <WAIT_FOR_SYNC> reached ; KRC.o" 
08:27:44 ; 237926823149 ; 44819 ;"SM: BootState <RUNNING> reached ; HNFHLP.o" 
