"Uhrzeit (hh:mm:ss)" ; "Timestamp" ; "Tick" ; "Logging Info" 
00:00:00 ; 36360678828 ; 0 ;"BSP: Entering kukaHwInit()" 
00:00:00 ; 36420264483 ; 0 ;"BSP: gei0-Reset after [10:542256000] secs" 
00:00:00 ; 36452779090 ; 0 ;"BSP: gei1-Reset after [10:554120000] secs" 
00:00:03 ; 46096601392 ; 3219 ;"OSBase: StartLogging()" 
13:31:09 ; 46246728259 ; 3272 ;"OSBase: StartFSLogging()" 
13:31:18 ; 72333190180 ; 12562 ;"OSBase: tickGuardInit()" 
13:31:19 ; 73543621671 ; 12993 ;"SM: setupMyServer()..." 
13:31:19 ; 73644039398 ; 13029 ;"SM: Start load modules..." 
13:31:20 ; 75862617356 ; 13819 ;"SM: Finished load modules..." 
13:31:20 ; 76069281190 ; 13893 ;"SM: BootState <PREINIT_DHGSTL_DONE> reached ; Histogram.o" 
13:31:24 ; 88449998626 ; 18302 ;"SM: BootState <APPLICATION_CREATED> reached ; KRC.o" 
13:31:25 ; 91122094720 ; 19254 ;"SM: BootState <SERVICES_STARTED> reached ; ISGNC.o" 
13:31:27 ; 97510601292 ; 21529 ;"SM: BootState <DATA_REGISTERED> reached ; EtherCATWrapper.o" 
13:31:47 ; 154241411512 ; 41734 ;"SM: BootState <DATA_ATTACHED> reached ; EIPIODriver.o" 
13:31:50 ; 161662853155 ; 44377 ;"SM: BootState <DATA_CONNECTED> reached ; HNFHLP.o" 
13:31:56 ; 178165100571 ; 50254 ;"SM: BootState <WAIT_FOR_SYNC> reached ; KRC.o" 
13:31:56 ; 178297108209 ; 50301 ;"SM: BootState <RUNNING> reached ; HNFHLP.o" 
