"Uhrzeit (hh:mm:ss)" ; "Timestamp" ; "Tick" ; "Logging Info" 
00:00:00 ; 36512153298 ; 0 ;"BSP: Entering kukaHwInit()" 
00:00:00 ; 36571718559 ; 0 ;"BSP: gei0-Reset after [10:614591000] secs" 
00:00:00 ; 36603987120 ; 0 ;"BSP: gei1-Reset after [10:626367000] secs" 
00:00:03 ; 46248062886 ; 3219 ;"OSBase: StartLogging()" 
08:38:03 ; 46398371461 ; 3272 ;"OSBase: StartFSLogging()" 
08:38:12 ; 72636543175 ; 12616 ;"OSBase: tickGuardInit()" 
08:38:13 ; 73846704908 ; 13047 ;"SM: setupMyServer()..." 
08:38:13 ; 73947047950 ; 13083 ;"SM: Start load modules..." 
08:38:14 ; 76165768835 ; 13873 ;"SM: Finished load modules..." 
08:38:14 ; 76369516082 ; 13946 ;"SM: BootState <PREINIT_DHGSTL_DONE> reached ; Histogram.o" 
08:38:16 ; 83751912126 ; 16575 ;"SM: BootState <APPLICATION_CREATED> reached ; KRC.o" 
08:38:17 ; 86430705198 ; 17529 ;"SM: BootState <SERVICES_STARTED> reached ; ProConOS.o" 
08:38:20 ; 92747485386 ; 19779 ;"SM: BootState <DATA_REGISTERED> reached ; EtherCATWrapper.o" 
08:38:40 ; 149537938240 ; 40005 ;"SM: BootState <DATA_ATTACHED> reached ; EIPIODriver.o" 
08:38:43 ; 157144816051 ; 42714 ;"SM: BootState <DATA_CONNECTED> reached ; HNFHLP.o" 
08:38:48 ; 172737243220 ; 48267 ;"SM: BootState <WAIT_FOR_SYNC> reached ; KRC.o" 
08:38:48 ; 172869297648 ; 48314 ;"SM: BootState <RUNNING> reached ; HNFHLP.o" 
