"Uhrzeit (hh:mm:ss)" ; "Timestamp" ; "Tick" ; "Logging Info" 
00:00:00 ; 36527662261 ; 0 ;"BSP: Entering kukaHwInit()" 
00:00:00 ; 36587255541 ; 0 ;"BSP: gei0-Reset after [10:609841000] secs" 
00:00:00 ; 36619556518 ; 0 ;"BSP: gei1-Reset after [10:621628000] secs" 
00:00:03 ; 46263592323 ; 3219 ;"OSBase: StartLogging()" 
11:12:04 ; 46416476208 ; 3273 ;"OSBase: StartFSLogging()" 
11:12:14 ; 75154280027 ; 13507 ;"OSBase: tickGuardInit()" 
11:12:15 ; 76381013329 ; 13944 ;"SM: setupMyServer()..." 
11:12:15 ; 76481533895 ; 13980 ;"SM: Start load modules..." 
11:12:16 ; 78700468099 ; 14770 ;"SM: Finished load modules..." 
11:12:16 ; 78909392641 ; 14845 ;"SM: BootState <PREINIT_DHGSTL_DONE> reached ; Histogram.o" 
11:12:20 ; 90433628156 ; 18949 ;"SM: BootState <APPLICATION_CREATED> reached ; KRC.o" 
11:12:21 ; 93094665045 ; 19897 ;"SM: BootState <SERVICES_STARTED> reached ; ISGNC.o" 
11:12:23 ; 99374849730 ; 22134 ;"SM: BootState <DATA_REGISTERED> reached ; EtherCATWrapper.o" 
11:12:43 ; 156320689682 ; 42415 ;"SM: BootState <DATA_ATTACHED> reached ; EIPIODriver.o" 
11:12:46 ; 163688622523 ; 45039 ;"SM: BootState <DATA_CONNECTED> reached ; HNFHLP.o" 
11:12:52 ; 179980362916 ; 50841 ;"SM: BootState <WAIT_FOR_SYNC> reached ; KRC.o" 
11:12:52 ; 180112396457 ; 50888 ;"SM: BootState <RUNNING> reached ; HNFHLP.o" 
