"Uhrzeit (hh:mm:ss)" ; "Timestamp" ; "Tick" ; "Logging Info" 
00:00:00 ; 120957499534 ; 0 ;"BSP: Entering kukaHwInit()" 
00:00:00 ; 121017045831 ; 0 ;"BSP: gei0-Reset after [40:675531000] secs" 
00:00:00 ; 121049260881 ; 0 ;"BSP: gei1-Reset after [40:687289000] secs" 
00:00:03 ; 130693391421 ; 3219 ;"OSBase: StartLogging()" 
13:54:22 ; 143352966711 ; 7727 ;"OSBase: StartFSLogging()" 
13:54:22 ; 143451631873 ; 7762 ;"OSBase: tickGuardInit()" 
13:54:22 ; 144664790208 ; 8194 ;"SM: setupMyServer()..." 
13:54:22 ; 144765067961 ; 8230 ;"SM: Start load modules..." 
13:54:23 ; 146975011039 ; 9017 ;"SM: Finished load modules..." 
13:54:23 ; 147182022227 ; 9091 ;"SM: BootState <PREINIT_DHGSTL_DONE> reached ; Histogram.o" 
13:54:27 ; 159211673703 ; 13375 ;"SM: BootState <APPLICATION_CREATED> reached ; KRC.o" 
13:54:28 ; 161908546258 ; 14335 ;"SM: BootState <SERVICES_STARTED> reached ; ProConOS.o" 
13:54:30 ; 168100021704 ; 16541 ;"SM: BootState <DATA_REGISTERED> reached ; EtherCATWrapper.o" 
13:54:51 ; 225039684710 ; 36820 ;"SM: BootState <DATA_ATTACHED> reached ; EIPIODriver.o" 
13:54:53 ; 232458241930 ; 39462 ;"SM: BootState <DATA_CONNECTED> reached ; HNFHLP.o" 
13:54:59 ; 248873590971 ; 45308 ;"SM: BootState <WAIT_FOR_SYNC> reached ; KRC.o" 
13:54:59 ; 248994498807 ; 45351 ;"SM: BootState <RUNNING> reached ; HNFHLP.o" 
