"Uhrzeit (hh:mm:ss)" ; "Timestamp" ; "Tick" ; "Logging Info" 
00:00:00 ; 36297701722 ; 0 ;"BSP: Entering kukaHwInit()" 
00:00:00 ; 36357294972 ; 0 ;"BSP: gei0-Reset after [10:517414000] secs" 
00:00:00 ; 36389745324 ; 0 ;"BSP: gei1-Reset after [10:529255000] secs" 
00:00:03 ; 46033636244 ; 3219 ;"OSBase: StartLogging()" 
13:32:16 ; 46183748579 ; 3272 ;"OSBase: StartFSLogging()" 
13:32:25 ; 72383388588 ; 12602 ;"OSBase: tickGuardInit()" 
13:32:26 ; 73609797111 ; 13039 ;"SM: setupMyServer()..." 
13:32:26 ; 73710485826 ; 13075 ;"SM: Start load modules..." 
13:32:27 ; 75925900440 ; 13864 ;"SM: Finished load modules..." 
13:32:27 ; 76141474140 ; 13941 ;"SM: BootState <PREINIT_DHGSTL_DONE> reached ; Histogram.o" 
13:32:31 ; 88521907818 ; 18350 ;"SM: BootState <APPLICATION_CREATED> reached ; KRC.o" 
13:32:32 ; 91195844046 ; 19302 ;"SM: BootState <SERVICES_STARTED> reached ; ProConOS.o" 
13:32:34 ; 97502142826 ; 21549 ;"SM: BootState <DATA_REGISTERED> reached ; EtherCATWrapper.o" 
13:32:55 ; 154456374769 ; 41833 ;"SM: BootState <DATA_ATTACHED> reached ; EIPIODriver.o" 
13:32:57 ; 161633505517 ; 44389 ;"SM: BootState <DATA_CONNECTED> reached ; HNFHLP.o" 
13:33:03 ; 178026288795 ; 50227 ;"SM: BootState <WAIT_FOR_SYNC> reached ; KRC.o" 
13:33:03 ; 178169640826 ; 50278 ;"SM: BootState <RUNNING> reached ; HNFHLP.o" 
