"Uhrzeit (hh:mm:ss)" ; "Timestamp" ; "Tick" ; "Logging Info" 
00:00:00 ; 35990126533 ; 0 ;"BSP: Entering kukaHwInit()" 
00:00:00 ; 36049686704 ; 0 ;"BSP: gei0-Reset after [10:398171000] secs" 
00:00:00 ; 36082308852 ; 0 ;"BSP: gei1-Reset after [10:410073000] secs" 
00:00:03 ; 45726059430 ; 3219 ;"OSBase: StartLogging()" 
13:22:31 ; 45876116784 ; 3272 ;"OSBase: StartFSLogging()" 
13:22:39 ; 67674816777 ; 11035 ;"OSBase: tickGuardInit()" 
13:22:39 ; 68952603804 ; 11490 ;"SM: setupMyServer()..." 
13:22:39 ; 69053110864 ; 11526 ;"SM: Start load modules..." 
13:22:40 ; 71271714089 ; 12316 ;"SM: Finished load modules..." 
13:22:40 ; 71481060422 ; 12391 ;"SM: BootState <PREINIT_DHGSTL_DONE> reached ; Histogram.o" 
13:22:44 ; 83634180864 ; 16719 ;"SM: BootState <APPLICATION_CREATED> reached ; KRC.o" 
13:22:45 ; 86289801807 ; 17665 ;"SM: BootState <SERVICES_STARTED> reached ; ProConOS.o" 
13:22:47 ; 92556377856 ; 19897 ;"SM: BootState <DATA_REGISTERED> reached ; EtherCATWrapper.o" 
13:23:08 ; 149296601172 ; 40105 ;"SM: BootState <DATA_ATTACHED> reached ; EIPIODriver.o" 
13:23:10 ; 156229396569 ; 42574 ;"SM: BootState <DATA_CONNECTED> reached ; HNFHLP.o" 
13:23:16 ; 172692360134 ; 48437 ;"SM: BootState <WAIT_FOR_SYNC> reached ; KRC.o" 
13:23:16 ; 172813208439 ; 48480 ;"SM: BootState <RUNNING> reached ; HNFHLP.o" 
