<?xml version="1.0" encoding="UTF-8"?>
<EncoderMastering xmlns:xsi="http://www.w3.org/2001/XMLSchema-instance" xsi:noNamespaceSchemaLocation="../../../System/Common/Schemes/EncoderMastering.xsd">
   <Version Label="">
      <Info Version="Any"/>
      <Schema Version="2"/>
   </Version>
   <EncoderMasteringEntries>
      <EncoderMasteringEntry DevID="0" DevPos="0" ID="-1" Mastered="0" Pos="0"/>
      <EncoderMasteringEntry DevID="0" DevPos="0" ID="-1" Mastered="0" Pos="0"/>
      <EncoderMasteringEntry DevID="0" DevPos="0" ID="-1" Mastered="0" Pos="0"/>
      <EncoderMasteringEntry DevID="0" DevPos="0" ID="-1" Mastered="0" Pos="0"/>
      <EncoderMasteringEntry DevID="0" DevPos="0" ID="-1" Mastered="0" Pos="0"/>
      <EncoderMasteringEntry DevID="0" DevPos="0" ID="-1" Mastered="0" Pos="0"/>
      <EncoderMasteringEntry DevID="0" DevPos="0" ID="-1" Mastered="0" Pos="0"/>
      <EncoderMasteringEntry DevID="0" DevPos="0" ID="-1" Mastered="0" Pos="0"/>
      <EncoderMasteringEntry DevID="0" DevPos="0" ID="-1" Mastered="0" Pos="0"/>
      <EncoderMasteringEntry DevID="0" DevPos="0" ID="-1" Mastered="0" Pos="0"/>
      <EncoderMasteringEntry DevID="0" DevPos="0" ID="-1" Mastered="0" Pos="0"/>
      <EncoderMasteringEntry DevID="0" DevPos="0" ID="-1" Mastered="0" Pos="0"/>
      <EncoderMasteringEntry DevID="0" DevPos="0" ID="-1" Mastered="0" Pos="0"/>
      <EncoderMasteringEntry DevID="0" DevPos="0" ID="-1" Mastered="0" Pos="0"/>
      <EncoderMasteringEntry DevID="0" DevPos="0" ID="-1" Mastered="0" Pos="0"/>
      <EncoderMasteringEntry DevID="0" DevPos="0" ID="-1" Mastered="0" Pos="0"/>
      <EncoderMasteringEntry DevID="0" DevPos="0" ID="-1" Mastered="0" Pos="0"/>
      <EncoderMasteringEntry DevID="0" DevPos="0" ID="-1" Mastered="0" Pos="0"/>
      <EncoderMasteringEntry DevID="0" DevPos="0" ID="-1" Mastered="0" Pos="0"/>
      <EncoderMasteringEntry DevID="0" DevPos="0" ID="-1" Mastered="0" Pos="0"/>
      <EncoderMasteringEntry DevID="0" DevPos="0" ID="-1" Mastered="0" Pos="0"/>
      <EncoderMasteringEntry DevID="0" DevPos="0" ID="-1" Mastered="0" Pos="0"/>
      <EncoderMasteringEntry DevID="0" DevPos="0" ID="-1" Mastered="0" Pos="0"/>
      <EncoderMasteringEntry DevID="0" DevPos="0" ID="-1" Mastered="0" Pos="0"/>
      <EncoderMasteringEntry DevID="0" DevPos="0" ID="-1" Mastered="0" Pos="0"/>
      <EncoderMasteringEntry DevID="0" DevPos="0" ID="-1" Mastered="0" Pos="0"/>
      <EncoderMasteringEntry DevID="0" DevPos="0" ID="-1" Mastered="0" Pos="0"/>
      <EncoderMasteringEntry DevID="0" DevPos="0" ID="-1" Mastered="0" Pos="0"/>
      <EncoderMasteringEntry DevID="0" DevPos="0" ID="-1" Mastered="0" Pos="0"/>
      <EncoderMasteringEntry DevID="0" DevPos="0" ID="-1" Mastered="0" Pos="0"/>
      <EncoderMasteringEntry DevID="0" DevPos="0" ID="-1" Mastered="0" Pos="0"/>
      <EncoderMasteringEntry DevID="0" DevPos="0" ID="-1" Mastered="0" Pos="0"/>
   </EncoderMasteringEntries>
</EncoderMastering>
