<?xml version="1.0" encoding="UTF-8"?>
<RobRuntimeLog xsi:noNamespaceSchemaLocation="/Roboter/Config/System/Common/Schemes/RobRuntimeLog.xsd" xmlns:xsi="http://www.w3.org/2001/XMLSchema-instance">
   <RobRuntime Date="2021-10-26 08:40" SerialNo="1074578" Runtime="9" />
   <RobRuntime Date="2021-11-11 12:57" SerialNo="1074578" Runtime="10" />
   <RobRuntime Date="2021-11-12 12:06" SerialNo="1074578" Runtime="11" />
   <RobRuntime Date="2022-01-04 13:20" SerialNo="1074578" Runtime="12" />
   <RobRuntime Date="2022-01-11 13:27" SerialNo="1074578" Runtime="13" />
   <RobRuntime Date="2022-01-18 10:17" SerialNo="1074578" Runtime="14" />
   <RobRuntime Date="2022-01-21 10:09" SerialNo="1074578" Runtime="15" />
   <RobRuntime Date="2022-01-25 07:30" SerialNo="1074578" Runtime="16" />
   <RobRuntime Date="2022-01-27 11:35" SerialNo="1074578" Runtime="17" />
   <RobRuntime Date="2022-02-03 13:40" SerialNo="1074578" Runtime="18" />
</RobRuntimeLog>