﻿<?xml version="1.0" encoding="utf-8"?>
<!--XML file automatically generated by WorkVisual V6.0.21_Build1094.-->
<!--DO NOT EDIT-->
<Axis xsi:noNamespaceSchemaLocation="../../../../System/Common/Schemes/NGAxis.xsd" xmlns:xsi="http://www.w3.org/2001/XMLSchema-instance">
  <Version Label="">
    <Info Version="KUKA V8.6" />
    <Schema Version="1" />
  </Version>
  <Machine Name="#KR250R2700_2 C4 FLR" />
  <AxisData Simulation="Off" Type="Rotator" Mode="StandAlone" MessageDisable="0" />
  <ToolMotor RampStopTime="1079.52768" MaximalEnergy="2320" ExtTorqueOfInertia="0.000381485641680217" RampUpTimeUnderLoad="2439.13995163743" MotorFile="Motor\M_LE-M320-KM190-W0_KSP40_400V_V1.xml" ServoFile="ServoFile\S_LE-M320-KM190-W0_KSP40_400V_V1.xml" ParameterFile="Mada\NGAxis\CtrlA2.xml" AdditionalFunctionFile="Mada\NGAxis\CtrlA2AddFct.xml" kTCharacteristic="true">
    <Monitoring PositionLag="538.352941176471" PositionLagSoft="2153.41176470588" Speed="6503.52" SpeedLag="0" />
    <Limit Current="0" Speed="0" />
  </ToolMotor>
  <Inversion Position="false" Velocity="false" Torque="false" />
  <Delay ActValue="2" CmdValue="24" />
  <Mastering ChannelName="EMD-Data" Type="EMD" />
  <BrakeTest AxisVel="2" SafetyFactor="1.01" />
</Axis>