﻿<?xml version="1.0" encoding="utf-8"?>
<!--XML file automatically generated by WorkVisual V6.0.21_Build1094.-->
<!--DO NOT EDIT-->
<Axis xsi:noNamespaceSchemaLocation="../../../../System/Common/Schemes/NGAxis.xsd" xmlns:xsi="http://www.w3.org/2001/XMLSchema-instance">
  <Version Label="">
    <Info Version="KUKA V8.6" />
    <Schema Version="1" />
  </Version>
  <Machine Name="#KR250R2700_2 C4 FLR" />
  <AxisData Simulation="Off" Type="Rotator" Mode="StandAlone" MessageDisable="0" />
  <ToolMotor RampStopTime="946" MaximalEnergy="6371" ExtTorqueOfInertia="0.000281099694643598" RampUpTimeUnderLoad="1821.46561521217" MotorFile="Motor\M_LE-M320-KM190-W0redM260_KSP40_400V_V1.xml" ServoFile="ServoFile\S_LE-M320-KM190-W0redM260_KSP40_400V_V1.xml" ParameterFile="Mada\NGAxis\CtrlA3.xml" AdditionalFunctionFile="Mada\NGAxis\CtrlA3AddFct.xml" kTCharacteristic="true">
    <Monitoring PositionLag="502.666666666667" PositionLagSoft="2010.66666666667" Speed="6095.67111111111" SpeedLag="0" />
    <Limit Current="0" Speed="0" />
  </ToolMotor>
  <Inversion Position="false" Velocity="false" Torque="false" />
  <Delay ActValue="2" CmdValue="24" />
  <Mastering ChannelName="EMD-Data" Type="EMD" />
  <BrakeTest AxisVel="2" SafetyFactor="1.01" />
</Axis>