﻿<?xml version="1.0" encoding="utf-8"?>
<!--XML file automatically generated by WorkVisual V6.0.21_Build1094.-->
<!--DO NOT EDIT-->
<Axis xsi:noNamespaceSchemaLocation="../../../../System/Common/Schemes/NGAxis.xsd" xmlns:xsi="http://www.w3.org/2001/XMLSchema-instance">
  <Version Label="">
    <Info Version="KUKA V8.6" />
    <Schema Version="1" />
  </Version>
  <Machine Name="#KR250R2700_2 C4 FLR" />
  <AxisData Simulation="Off" Type="Rotator" Mode="StandAlone" MessageDisable="0" />
  <ToolMotor RampStopTime="853.6" MaximalEnergy="570" ExtTorqueOfInertia="0.000760348778698" RampUpTimeUnderLoad="624.094222715654" MotorFile="Motor\M_LE-M110-KM120-W0_KSP20_400V_V1.xml" ServoFile="ServoFile\S_LE-M110-KM120-W0_KSP20_400V_V1.xml" ParameterFile="Mada\NGAxis\CtrlA6.xml" AdditionalFunctionFile="Mada\NGAxis\CtrlA6AddFct.xml" kTCharacteristic="true">
    <Monitoring PositionLag="329.305991902834" PositionLagSoft="1317.22396761134" Speed="7688.1972242915" SpeedLag="0" />
    <Limit Current="0" Speed="0" />
  </ToolMotor>
  <Inversion Position="false" Velocity="false" Torque="false" />
  <Delay ActValue="2" CmdValue="24" />
  <Mastering ChannelName="EMD-Data" Type="EMD" />
  <BrakeTest AxisVel="2" SafetyFactor="1.01" />
</Axis>