﻿<?xml version="1.0" encoding="utf-8"?>
<!--XML file automatically generated by WorkVisual V6.0.21_Build1094.-->
<!--DO NOT EDIT-->
<AdditionalFunctions xsi:noNamespaceSchemaLocation="../../../../System/Common/Schemes/NGCtrlAdditionalFunctions.xsd" xmlns:xsi="http://www.w3.org/2001/XMLSchema-instance">
  <Version Label="">
    <Info Version="KUKA V8.6" />
    <Schema Version="1" />
  </Version>
  <AdditionalCtrlFiles>
    <AdditionalCtrlFile FileName="Ctrl_MDL_DAT.xml" isActive="true" />
    <AdditionalCtrlFile FileName="Ctrl_MDL_A23456.xml" isActive="true" />
  </AdditionalCtrlFiles>
</AdditionalFunctions>