<?xml version="1.0" encoding="UTF-8"?>
<!-- (C) KUKA Roboter GMBH 2009 -->
<Trace xmlns:xsi="http://www.w3.org/2001/XMLSchema-instance" xsi:noNamespaceSchemaLocation="/Roboter/Config/System/Common/Schemes/TraceFeatures.xsd">
   <Name>CabCtrlProcessSafetySignals</Name>
   <Version>2</Version>
   <Format>i16</Format>
   <Rates>
      <Rate>12000</Rate>
   </Rates>
   <Channels>
      <Channel>
         <Name>Operation LifeBit</Name>
         <ID>1</ID>
         <Type>Toggle-Bit</Type>
      </Channel>
      <Channel>
         <Name>Operation Mode In</Name>
         <ID>3</ID>
         <Type>Input</Type>
      </Channel>
      <Channel>
         <Name>Valid Operation Modes</Name>
         <ID>4</ID>
         <Type>Input</Type>
      </Channel>
      <Channel>
         <Name>Operation Mode Out</Name>
         <ID>6</ID>
         <Type>Output</Type>
      </Channel>
      <Channel>
         <Name>Safety Init State</Name>
         <ID>7</ID>
         <Type>Internal</Type>
      </Channel>
   </Channels>
   <Triggers>
      <Trigger0>
        <Name>Puffer voll</Name>
        <ID>0</ID>
      </Trigger0>
   </Triggers>
</Trace>