<?xml version="1.0" encoding="UTF-8"?>
<!-- edited with XMLSpy v2006 rel. 3 U (http://www.altova.com) by kuka (KUKA Deutschland GmbH) -->
<Trace xmlns:xsi="http://www.w3.org/2001/XMLSchema-instance" xsi:noNamespaceSchemaLocation="../Schemes/TraceFeatures.xsd">
   <Name>CFControlGroupChannel</Name>
   <Version>1</Version>
   <Format>r64</Format>
   <Rates>
      <Rate>125</Rate>
      <Rate>250</Rate>
      <Rate>500</Rate>
      <Rate>1000</Rate>
      <Rate>2000</Rate>
      <Rate>4000</Rate>
      <Rate>12000</Rate>
   </Rates>
   <Channels>
      <Channel>
         <Name>Disabled Channel Mask</Name>
         <ID>1</ID>
         <Type>Flags</Type>
      </Channel>
      <Channel>
         <Name>KSB Channel Mask</Name>
         <ID>2</ID>
         <Type>Flags</Type>
      </Channel>
      <Channel>
         <Name>Standard Control Channel Mask</Name>
         <ID>3</ID>
         <Type>Flags</Type>
      </Channel>
      <Channel>
         <Name>Cyclic Data Invalid Channel Mask</Name>
         <ID>4</ID>
         <Type>Flags</Type>
      </Channel>
   </Channels>
   <Triggers>
      <Trigger0>
         <Name>Puffer voll</Name>
         <ID>0</ID>
      </Trigger0>
      <Trigger>
         <!--
            Trigger auf System-Trace-Daten.
            Param1: System Trace Item ID wie oben unter Channels spezifiziert
            Param2: Triggerfunktionstyp:
               0 = trigger never
               1 = trigger always
               2 = trigger if value changes
               3 = trigger if value equals absolut value
               4 = trigger if value isn't equal absolut value
               5 = trigger if value is greater than absolut value
               6 = trigger if value is less than absolut value
               7 = trigger if value goes up
               8 = trigger if value goes down
               9 = trigger if value & absolute value
               10 = trigger if (value & absolute value) != absolute value
            Param3: Vergleichswert fuer Triggerfunktion (soweit anwendbar)
         -->
         <Name>Daten Trigger</Name>
         <ID>1</ID>
         <Param1 Name="Channel-ID"/>
         <Param2 Name="Triggerfunktionstyp"/>
         <Param3 Name="Vergleichswert"/>
      </Trigger>
   </Triggers>
</Trace>
