<?xml version="1.0" encoding="UTF-8"?>
<!-- Mit XMLSpy v2007 sp1 bearbeitet (http://www.altova.com) von Franz Pecher (KUKA Deutschland GmbH) -->
<Trace xmlns:xsi="http://www.w3.org/2001/XMLSchema-instance" xsi:noNamespaceSchemaLocation="../Schemes/TraceFeatures.xsd">
   <Name>CFEA</Name>
   <Version>4</Version>
   <Format>r64</Format>
   <Rates>
      <Rate>125</Rate>
      <Rate>250</Rate>
      <Rate>500</Rate>
      <Rate>1000</Rate>
      <Rate>2000</Rate>
      <Rate>4000</Rate>
      <Rate>12000</Rate>
   </Rates>
   <Channels>
      <!-- Generische Daten -->
      <Channel><Name>Generic00</Name><ID>10</ID><Type>double</Type></Channel>
      <Channel><Name>Generic01</Name><ID>11</ID><Type>double</Type></Channel>
      <Channel><Name>Generic02</Name><ID>12</ID><Type>double</Type></Channel>
      <Channel><Name>Generic03</Name><ID>13</ID><Type>double</Type></Channel>
      <Channel><Name>Generic04</Name><ID>14</ID><Type>double</Type></Channel>
      <Channel><Name>Generic05</Name><ID>15</ID><Type>double</Type></Channel>
      <Channel><Name>Generic06</Name><ID>16</ID><Type>double</Type></Channel>
      <Channel><Name>Generic07</Name><ID>17</ID><Type>double</Type></Channel>
      <Channel><Name>Generic08</Name><ID>18</ID><Type>double</Type></Channel>
      <Channel><Name>Generic09</Name><ID>19</ID><Type>double</Type></Channel>
      <Channel><Name>Generic10</Name><ID>20</ID><Type>double</Type></Channel>
      <Channel><Name>Generic11</Name><ID>21</ID><Type>double</Type></Channel>
      <Channel><Name>Generic12</Name><ID>22</ID><Type>double</Type></Channel>
      <Channel><Name>Generic13</Name><ID>23</ID><Type>double</Type></Channel>
      <Channel><Name>Generic14</Name><ID>24</ID><Type>double</Type></Channel>
      <Channel><Name>Generic15</Name><ID>25</ID><Type>double</Type></Channel>
      <Channel><Name>Generic16</Name><ID>26</ID><Type>double</Type></Channel>
      <Channel><Name>Generic17</Name><ID>27</ID><Type>double</Type></Channel>
      <Channel><Name>Generic18</Name><ID>28</ID><Type>double</Type></Channel>
      <Channel><Name>Generic19</Name><ID>29</ID><Type>double</Type></Channel>
      <Channel><Name>Generic20</Name><ID>30</ID><Type>double</Type></Channel>
      <Channel><Name>Generic21</Name><ID>31</ID><Type>double</Type></Channel>
      <Channel><Name>Generic22</Name><ID>32</ID><Type>double</Type></Channel>
      <Channel><Name>Generic23</Name><ID>33</ID><Type>double</Type></Channel>
      <Channel><Name>Generic24</Name><ID>34</ID><Type>double</Type></Channel>
      <Channel><Name>Generic25</Name><ID>35</ID><Type>double</Type></Channel>
      <Channel><Name>Generic26</Name><ID>36</ID><Type>double</Type></Channel>
      <Channel><Name>Generic27</Name><ID>37</ID><Type>double</Type></Channel>
      <Channel><Name>Generic28</Name><ID>38</ID><Type>double</Type></Channel>
      <Channel><Name>Generic29</Name><ID>39</ID><Type>double</Type></Channel>
      <Channel><Name>Generic30</Name><ID>40</ID><Type>double</Type></Channel>
      <Channel><Name>Generic31</Name><ID>41</ID><Type>double</Type></Channel>

      <!-- Multiplexer 1 Bit -->
      <Channel><Name>Mux1-00</Name><ID>100</ID><Type>char</Type></Channel>
      <Channel><Name>Mux1-01</Name><ID>101</ID><Type>char</Type></Channel>
      <Channel><Name>Mux1-02</Name><ID>102</ID><Type>char</Type></Channel>
      <Channel><Name>Mux1-03</Name><ID>103</ID><Type>char</Type></Channel>
      <Channel><Name>Mux1-04</Name><ID>104</ID><Type>char</Type></Channel>
      <Channel><Name>Mux1-05</Name><ID>105</ID><Type>char</Type></Channel>
      <Channel><Name>Mux1-06</Name><ID>106</ID><Type>char</Type></Channel>
      <Channel><Name>Mux1-07</Name><ID>107</ID><Type>char</Type></Channel>
      <Channel><Name>Mux1-08</Name><ID>108</ID><Type>char</Type></Channel>
      <Channel><Name>Mux1-09</Name><ID>109</ID><Type>char</Type></Channel>
      <Channel><Name>Mux1-10</Name><ID>110</ID><Type>char</Type></Channel>
      <Channel><Name>Mux1-11</Name><ID>111</ID><Type>char</Type></Channel>
      <Channel><Name>Mux1-12</Name><ID>112</ID><Type>char</Type></Channel>
      <Channel><Name>Mux1-13</Name><ID>113</ID><Type>char</Type></Channel>
      <Channel><Name>Mux1-14</Name><ID>114</ID><Type>char</Type></Channel>
      <Channel><Name>Mux1-15</Name><ID>115</ID><Type>char</Type></Channel>

      <!-- Multiplexer 8 Bit -->
      <Channel><Name>Mux8-00</Name><ID>800</ID><Type>char</Type></Channel>
      <Channel><Name>Mux8-01</Name><ID>801</ID><Type>char</Type></Channel>
      <Channel><Name>Mux8-02</Name><ID>802</ID><Type>char</Type></Channel>
      <Channel><Name>Mux8-03</Name><ID>803</ID><Type>char</Type></Channel>
      <Channel><Name>Mux8-04</Name><ID>804</ID><Type>char</Type></Channel>
      <Channel><Name>Mux8-05</Name><ID>805</ID><Type>char</Type></Channel>
      <Channel><Name>Mux8-06</Name><ID>806</ID><Type>char</Type></Channel>
      <Channel><Name>Mux8-07</Name><ID>807</ID><Type>char</Type></Channel>
      <Channel><Name>Mux8-08</Name><ID>808</ID><Type>char</Type></Channel>
      <Channel><Name>Mux8-09</Name><ID>809</ID><Type>char</Type></Channel>
      <Channel><Name>Mux8-10</Name><ID>810</ID><Type>char</Type></Channel>
      <Channel><Name>Mux8-11</Name><ID>811</ID><Type>char</Type></Channel>
      <Channel><Name>Mux8-12</Name><ID>812</ID><Type>char</Type></Channel>
      <Channel><Name>Mux8-13</Name><ID>813</ID><Type>char</Type></Channel>
      <Channel><Name>Mux8-14</Name><ID>814</ID><Type>char</Type></Channel>
      <Channel><Name>Mux8-15</Name><ID>815</ID><Type>char</Type></Channel>

      <!-- Multiplexer 16 Bit -->
      <Channel><Name>Mux16-00</Name><ID>1600</ID><Type>short</Type></Channel>
      <Channel><Name>Mux16-01</Name><ID>1601</ID><Type>short</Type></Channel>
      <Channel><Name>Mux16-02</Name><ID>1602</ID><Type>short</Type></Channel>
      <Channel><Name>Mux16-03</Name><ID>1603</ID><Type>short</Type></Channel>
      <Channel><Name>Mux16-04</Name><ID>1604</ID><Type>short</Type></Channel>
      <Channel><Name>Mux16-05</Name><ID>1605</ID><Type>short</Type></Channel>
      <Channel><Name>Mux16-06</Name><ID>1606</ID><Type>short</Type></Channel>
      <Channel><Name>Mux16-07</Name><ID>1607</ID><Type>short</Type></Channel>
      <Channel><Name>Mux16-08</Name><ID>1608</ID><Type>short</Type></Channel>
      <Channel><Name>Mux16-09</Name><ID>1609</ID><Type>short</Type></Channel>
      <Channel><Name>Mux16-10</Name><ID>1610</ID><Type>short</Type></Channel>
      <Channel><Name>Mux16-11</Name><ID>1611</ID><Type>short</Type></Channel>
      <Channel><Name>Mux16-12</Name><ID>1612</ID><Type>short</Type></Channel>
      <Channel><Name>Mux16-13</Name><ID>1613</ID><Type>short</Type></Channel>
      <Channel><Name>Mux16-14</Name><ID>1614</ID><Type>short</Type></Channel>
      <Channel><Name>Mux16-15</Name><ID>1615</ID><Type>short</Type></Channel>

      <!-- Multiplexer 32 Bit -->
      <Channel><Name>Mux32-00</Name><ID>3200</ID><Type>long</Type></Channel>
      <Channel><Name>Mux32-01</Name><ID>3201</ID><Type>long</Type></Channel>
      <Channel><Name>Mux32-02</Name><ID>3202</ID><Type>long</Type></Channel>
      <Channel><Name>Mux32-03</Name><ID>3203</ID><Type>long</Type></Channel>
      <Channel><Name>Mux32-04</Name><ID>3204</ID><Type>long</Type></Channel>
      <Channel><Name>Mux32-05</Name><ID>3205</ID><Type>long</Type></Channel>
      <Channel><Name>Mux32-06</Name><ID>3206</ID><Type>long</Type></Channel>
      <Channel><Name>Mux32-07</Name><ID>3207</ID><Type>long</Type></Channel>
      <Channel><Name>Mux32-08</Name><ID>3208</ID><Type>long</Type></Channel>
      <Channel><Name>Mux32-09</Name><ID>3209</ID><Type>long</Type></Channel>
      <Channel><Name>Mux32-10</Name><ID>3210</ID><Type>long</Type></Channel>
      <Channel><Name>Mux32-11</Name><ID>3211</ID><Type>long</Type></Channel>
      <Channel><Name>Mux32-12</Name><ID>3212</ID><Type>long</Type></Channel>
      <Channel><Name>Mux32-13</Name><ID>3213</ID><Type>long</Type></Channel>
      <Channel><Name>Mux32-14</Name><ID>3214</ID><Type>long</Type></Channel>
      <Channel><Name>Mux32-15</Name><ID>3215</ID><Type>long</Type></Channel>

      <!--  Fast measurement (32 Bit) -->
      <ChannelArray>
         <Name>MuxFm_</Name>
         <StartCount>1</StartCount>
         <NumChannels>16</NumChannels>
         <StartID>4000</StartID>
         <Type>long</Type>
      </ChannelArray>

      <!-- Resolver Diagnose -->
      <Channel><Name>Sinus Kanal_1 RDC_1</Name><ID>10000</ID><Type>double</Type></Channel>
      <Channel><Name>Cosinus Kanal_1 RDC_1</Name><ID>10001</ID><Type>double</Type></Channel>
      <Channel><Name>Sinus Kanal_2 RDC_1</Name><ID>10002</ID><Type>double</Type></Channel>
      <Channel><Name>Cosinus Kanal_2 RDC_1</Name><ID>10003</ID><Type>double</Type></Channel>
      <Channel><Name>Sinus Kanal_3 RDC_1</Name><ID>10004</ID><Type>double</Type></Channel>
      <Channel><Name>Cosinus Kanal_3 RDC_1</Name><ID>10005</ID><Type>double</Type></Channel>
      <Channel><Name>Sinus Kanal_4 RDC_1</Name><ID>10006</ID><Type>double</Type></Channel>
      <Channel><Name>Cosinus Kanal_4 RDC_1</Name><ID>10007</ID><Type>double</Type></Channel>
      <Channel><Name>Sinus Kanal_5 RDC_1</Name><ID>10008</ID><Type>double</Type></Channel>
      <Channel><Name>Cosinus Kanal_5 RDC_1</Name><ID>10009</ID><Type>double</Type></Channel>
      <Channel><Name>Sinus Kanal_6 RDC_1</Name><ID>10010</ID><Type>double</Type></Channel>
      <Channel><Name>Cosinus Kanal_6 RDC_1</Name><ID>10011</ID><Type>double</Type></Channel>
      <Channel><Name>Sinus Kanal_7 RDC_1</Name><ID>10012</ID><Type>double</Type></Channel>
      <Channel><Name>Cosinus Kanal_7 RDC_1</Name><ID>10013</ID><Type>double</Type></Channel>
      <Channel><Name>Sinus Kanal_8 RDC_1</Name><ID>10014</ID><Type>double</Type></Channel>
      <Channel><Name>Cosinus Kanal_8 RDC_1</Name><ID>10015</ID><Type>double</Type></Channel>
      <Channel><Name>Sinus Kanal_1 RDC_2</Name><ID>10016</ID><Type>double</Type></Channel>
      <Channel><Name>Cosinus Kanal_1 RDC_2</Name><ID>10017</ID><Type>double</Type></Channel>
      <Channel><Name>Sinus Kanal_2 RDC_2</Name><ID>10018</ID><Type>double</Type></Channel>
      <Channel><Name>Cosinus Kanal_2 RDC_2</Name><ID>10019</ID><Type>double</Type></Channel>
      <Channel><Name>Sinus Kanal_3 RDC_2</Name><ID>10020</ID><Type>double</Type></Channel>
      <Channel><Name>Cosinus Kanal_3 RDC_2</Name><ID>10021</ID><Type>double</Type></Channel>
      <Channel><Name>Sinus Kanal_4 RDC_2</Name><ID>10022</ID><Type>double</Type></Channel>
      <Channel><Name>Cosinus Kanal_4 RDC_2</Name><ID>10023</ID><Type>double</Type></Channel>
      <Channel><Name>Sinus Kanal_5 RDC_2</Name><ID>10024</ID><Type>double</Type></Channel>
      <Channel><Name>Cosinus Kanal_5 RDC_2</Name><ID>10025</ID><Type>double</Type></Channel>
      <Channel><Name>Sinus Kanal_6 RDC_2</Name><ID>10026</ID><Type>double</Type></Channel>
      <Channel><Name>Cosinus Kanal_6 RDC_2</Name><ID>10027</ID><Type>double</Type></Channel>
      <Channel><Name>Sinus Kanal_7 RDC_2</Name><ID>10028</ID><Type>double</Type></Channel>
      <Channel><Name>Cosinus Kanal_7 RDC_2</Name><ID>10029</ID><Type>double</Type></Channel>
      <Channel><Name>Sinus Kanal_8 RDC_2</Name><ID>10030</ID><Type>double</Type></Channel>
      <Channel><Name>Cosinus Kanal_8 RDC_2</Name><ID>10031</ID><Type>double</Type></Channel>
      <Channel><Name>Sinus Kanal_1 RDC_3</Name><ID>10032</ID><Type>double</Type></Channel>
      <Channel><Name>Cosinus Kanal_1 RDC_3</Name><ID>10033</ID><Type>double</Type></Channel>
      <Channel><Name>Sinus Kanal_2 RDC_3</Name><ID>10034</ID><Type>double</Type></Channel>
      <Channel><Name>Cosinus Kanal_2 RDC_3</Name><ID>10035</ID><Type>double</Type></Channel>
      <Channel><Name>Sinus Kanal_3 RDC_3</Name><ID>10036</ID><Type>double</Type></Channel>
      <Channel><Name>Cosinus Kanal_3 RDC_3</Name><ID>10037</ID><Type>double</Type></Channel>
      <Channel><Name>Sinus Kanal_4 RDC_3</Name><ID>10038</ID><Type>double</Type></Channel>
      <Channel><Name>Cosinus Kanal_4 RDC_3</Name><ID>10039</ID><Type>double</Type></Channel>
      <Channel><Name>Sinus Kanal_5 RDC_3</Name><ID>10040</ID><Type>double</Type></Channel>
      <Channel><Name>Cosinus Kanal_5 RDC_3</Name><ID>10041</ID><Type>double</Type></Channel>
      <Channel><Name>Sinus Kanal_6 RDC_3</Name><ID>10042</ID><Type>double</Type></Channel>
      <Channel><Name>Cosinus Kanal_6 RDC_3</Name><ID>10043</ID><Type>double</Type></Channel>
      <Channel><Name>Sinus Kanal_7 RDC_3</Name><ID>10044</ID><Type>double</Type></Channel>
      <Channel><Name>Cosinus Kanal_7 RDC_3</Name><ID>10045</ID><Type>double</Type></Channel>
      <Channel><Name>Sinus Kanal_8 RDC_3</Name><ID>10046</ID><Type>double</Type></Channel>
      <Channel><Name>Cosinus Kanal_8 RDC_3</Name><ID>10047</ID><Type>double</Type></Channel>
      <Channel><Name>Sinus Kanal_1 RDC_4</Name><ID>10048</ID><Type>double</Type></Channel>
      <Channel><Name>Cosinus Kanal_1 RDC_4</Name><ID>10049</ID><Type>double</Type></Channel>
      <Channel><Name>Sinus Kanal_2 RDC_4</Name><ID>10050</ID><Type>double</Type></Channel>
      <Channel><Name>Cosinus Kanal_2 RDC_4</Name><ID>10051</ID><Type>double</Type></Channel>
      <Channel><Name>Sinus Kanal_3 RDC_4</Name><ID>10052</ID><Type>double</Type></Channel>
      <Channel><Name>Cosinus Kanal_3 RDC_4</Name><ID>10053</ID><Type>double</Type></Channel>
      <Channel><Name>Sinus Kanal_4 RDC_4</Name><ID>10054</ID><Type>double</Type></Channel>
      <Channel><Name>Cosinus Kanal_4 RDC_4</Name><ID>10055</ID><Type>double</Type></Channel>
      <Channel><Name>Sinus Kanal_5 RDC_4</Name><ID>10056</ID><Type>double</Type></Channel>
      <Channel><Name>Cosinus Kanal_5 RDC_4</Name><ID>10057</ID><Type>double</Type></Channel>
      <Channel><Name>Sinus Kanal_6 RDC_4</Name><ID>10058</ID><Type>double</Type></Channel>
      <Channel><Name>Cosinus Kanal_6 RDC_4</Name><ID>10059</ID><Type>double</Type></Channel>
      <Channel><Name>Sinus Kanal_7 RDC_4</Name><ID>10060</ID><Type>double</Type></Channel>
      <Channel><Name>Cosinus Kanal_7 RDC_4</Name><ID>10061</ID><Type>double</Type></Channel>
      <Channel><Name>Sinus Kanal_8 RDC_4</Name><ID>10062</ID><Type>double</Type></Channel>
      <Channel><Name>Cosinus Kanal_8 RDC_4</Name><ID>10063</ID><Type>double</Type></Channel>
   </Channels>
   <Triggers>
      <Trigger0>
         <Name>Puffer voll</Name>
         <ID>0</ID>
      </Trigger0>
      <Trigger>
         <!--
            Trigger auf System-Trace-Daten.
            Param1: System Trace Item ID wie oben unter Channels spezifiziert
            Param2: Triggerfunktionstyp:
               0 = trigger never
               1 = trigger always
               2 = trigger if value changes
               3 = trigger if value equals absolut value
               4 = trigger if value isn't equal absolut value
               5 = trigger if value is greater than absolut value
               6 = trigger if value is less than absolut value
               7 = trigger if value goes up
               8 = trigger if value goes down
               9 = trigger if value & absolute value
               10 = trigger if (value & absolute value) != absolute value
            Param3: Vergleichswert fuer Triggerfunktion (soweit anwendbar)
         -->
         <Name>Daten Trigger</Name>
         <ID>1</ID>
         <Param1 Name="Channel-ID"/>
         <Param2 Name="Triggerfunktionstyp"/>
         <Param3 Name="Vergleichswert"/>
      </Trigger>
   </Triggers>
</Trace>
