<?xml version="1.0" encoding="UTF-8"?>
<!-- Mit XMLSpy v2007 sp1 bearbeitet (http://www.altova.com) von Franz Pecher (KUKA Deutschland GmbH) -->
<Trace xmlns:xsi="http://www.w3.org/2001/XMLSchema-instance" xsi:noNamespaceSchemaLocation="../Schemes/TraceFeatures.xsd">
   <Name>CF</Name>
   <Version>11</Version>
   <Format>r64</Format>
   <Rates>
      <Rate>125</Rate>
      <Rate>250</Rate>
      <Rate>500</Rate>
      <Rate>1000</Rate>
      <Rate>2000</Rate>
      <Rate>4000</Rate>
      <Rate>12000</Rate>
   </Rates>
   <Channels>
      <Channel>
         <Name>CycleCount Controller Framework</Name>
         <ID>1</ID>
         <Type>CF_Common</Type>
      </Channel>
      <Channel>
         <Name>CycleCount AT</Name>
         <ID>2</ID>
         <Type>CF_Common</Type>
      </Channel>
      <Channel>
         <Name>CycleCount Scheduler</Name>
         <ID>3</ID>
         <Type>CF_Common</Type>
      </Channel>
      <Channel>
         <Name>CycleCount AT-Offset</Name>
         <ID>4</ID>
         <Type>CF_Common</Type>
      </Channel>
      <Channel>
         <Name>Error Flags</Name>
         <!--
            ERR_GLOBAL_ECAT_RECEIVE_T1_FAIL            //! Ecat Receive (T1) fehlgeschlagen
            ERR_GLOBAL_TICK_DROP_COMPENSATION          //! Kompensation eines zyklischen Tickausfalls
            ERR_GLOBAL_NO_NEW_AT_DATA_AT_COMM_CYCLE    //! Zum AT Kommunikationszyklus liegen keine neuen Daten vom AT vor.
            ERR_GLOBAL_TICK_DROP_EXTRAPOLATION         //! Extrapolation wegen Kompensation eines zyklischen Tickausfalls
          -->
         <ID>15</ID>
         <Type>Flags</Type>
      </Channel>
      <Channel>
         <Name>Info Flags</Name>
         <!--
            INFO_GLOBAL_FROM_AT_COMM_CYCLE             //! Kommunikationszyklus fuer die Daten vom AT.
            INFO_GLOBAL_NEW_DATA_FROM_AT               //! Es liegen neue Daten vom AT vor.
            INFO_GLOBAL_TO_AT_COMM_CYCLE               //! Kommunikationszyklus fuer die Daten zum AT.
          -->
         <ID>16</ID>
         <Type>Flags</Type>
      </Channel>
      <Channel>
         <Name>Is Control Cycle (Tick)</Name>
         <ID>20</ID>
         <Type>CF_Common</Type>
      </Channel>

      <Channel>
         <Name>Arbitrary Wd In Valid</Name>
         <ID>600</ID>
         <Type>Flags</Type>
      </Channel>
      <Channel>
         <Name>Arbitrary Wd In 01</Name>
         <ID>601</ID>
         <Type>double</Type>
      </Channel>
      <Channel>
         <Name>Arbitrary Wd In 02</Name>
         <ID>602</ID>
         <Type>double</Type>
      </Channel>
      <Channel>
         <Name>Arbitrary Wd In 03</Name>
         <ID>603</ID>
         <Type>double</Type>
      </Channel>
      <Channel>
         <Name>Arbitrary Wd In 04</Name>
         <ID>604</ID>
         <Type>double</Type>
      </Channel>
      <Channel>
         <Name>Arbitrary Wd In 05</Name>
         <ID>605</ID>
         <Type>double</Type>
      </Channel>
      <Channel>
         <Name>Arbitrary Wd In 06</Name>
         <ID>606</ID>
         <Type>double</Type>
      </Channel>
      <Channel>
         <Name>Arbitrary Wd In 07</Name>
         <ID>607</ID>
         <Type>double</Type>
      </Channel>
      <Channel>
         <Name>Arbitrary Wd In 08</Name>
         <ID>608</ID>
         <Type>double</Type>
      </Channel>
      <Channel>
         <Name>Arbitrary Wd In 09</Name>
         <ID>609</ID>
         <Type>double</Type>
      </Channel>
      <Channel>
         <Name>Arbitrary Wd In 10</Name>
         <ID>610</ID>
         <Type>double</Type>
      </Channel>
      <Channel>
         <Name>Arbitrary Wd In 11</Name>
         <ID>611</ID>
         <Type>double</Type>
      </Channel>
      <Channel>
         <Name>Arbitrary Wd In 12</Name>
         <ID>612</ID>
         <Type>double</Type>
      </Channel>
      <Channel>
         <Name>Arbitrary Wd In 13</Name>
         <ID>613</ID>
         <Type>double</Type>
      </Channel>
      <Channel>
         <Name>Arbitrary Wd In 14</Name>
         <ID>614</ID>
         <Type>double</Type>
      </Channel>
      <Channel>
         <Name>Arbitrary Wd In 15</Name>
         <ID>615</ID>
         <Type>double</Type>
      </Channel>
      <Channel>
         <Name>Arbitrary Wd In 16</Name>
         <ID>616</ID>
         <Type>double</Type>
      </Channel>
      <Channel>
         <Name>Arbitrary Wd In 17</Name>
         <ID>617</ID>
         <Type>double</Type>
      </Channel>
      <Channel>
         <Name>Arbitrary Wd In 18</Name>
         <ID>618</ID>
         <Type>double</Type>
      </Channel>
      <Channel>
         <Name>Arbitrary Wd In 19</Name>
         <ID>619</ID>
         <Type>double</Type>
      </Channel>
      <Channel>
         <Name>Arbitrary Wd In 20</Name>
         <ID>620</ID>
         <Type>double</Type>
      </Channel>
      <Channel>
         <Name>Arbitrary Wd In 21</Name>
         <ID>621</ID>
         <Type>double</Type>
      </Channel>
      <Channel>
         <Name>Arbitrary Wd In 22</Name>
         <ID>622</ID>
         <Type>double</Type>
      </Channel>
      <Channel>
         <Name>Arbitrary Wd In 23</Name>
         <ID>623</ID>
         <Type>double</Type>
      </Channel>
      <Channel>
         <Name>Arbitrary Wd In 24</Name>
         <ID>624</ID>
         <Type>double</Type>
      </Channel>
      <Channel>
         <Name>Arbitrary Wd In 25</Name>
         <ID>625</ID>
         <Type>double</Type>
      </Channel>
      <Channel>
         <Name>Arbitrary Wd In 26</Name>
         <ID>626</ID>
         <Type>double</Type>
      </Channel>
      <Channel>
         <Name>Arbitrary Wd In 27</Name>
         <ID>627</ID>
         <Type>double</Type>
      </Channel>
      <Channel>
         <Name>Arbitrary Wd In 28</Name>
         <ID>628</ID>
         <Type>double</Type>
      </Channel>
      <Channel>
         <Name>Arbitrary Wd In 29</Name>
         <ID>629</ID>
         <Type>double</Type>
      </Channel>
      <Channel>
         <Name>Arbitrary Wd In 30</Name>
         <ID>630</ID>
         <Type>double</Type>
      </Channel>
      <Channel>
         <Name>Arbitrary Wd In 31</Name>
         <ID>631</ID>
         <Type>double</Type>
      </Channel>
      <Channel>
         <Name>Arbitrary Wd In 32</Name>
         <ID>632</ID>
         <Type>double</Type>
      </Channel>
   </Channels>
   <Triggers>
      <!--
         Auswertfunktionen koennen die folgenden Werte annehmen:
         0:  Defaultauswertfunktion (haengt von trigger-ID ab)
         1:  trigger always
         2:  trigger if value changes
         3:  trigger if value equals absolut value
         4:  trigger if value isn't equal absolut value
         5:  trigger if value is greater than absolut value
         6:  trigger if value is less than absolut value
         7:  trigger if value goes up
         8:  trigger if value goes down
         9:  trigger if value &amp; absolute value
         10: trigger if (value &amp; absolute value) != absolute value
      -->
      <Trigger0>
         <Name>Puffer voll</Name>
         <ID>0</ID>
      </Trigger0>
      <Trigger>
         <!--
            Trigger auf AT-Kommunikationsereignisse
            Param1: Ereignis (ICFTriggereable::ETriggerEventExATCommunication)
               0: Kommunikationsverlust (default)
               1: Kommunikation wieder hergestellt
               2: Dropout Beginn
               3: Dropout Ende
            Param2: Auswertfunktion (Default ist: trigger equal)
         -->
         <Name>TRIGGER_MONITOR_AT_COMMUNICATION</Name>
         <ID>1</ID>
        <Param1 Name="Ereignis"/>
         <Param2 Name="Auswertfunktion"/>
      </Trigger>
      <Trigger>
         <Name>TRIGGER_MONITOR_AT_SCSCOMMAND</Name>
         <ID>2</ID>
         <Param1 Name="Stoppreaktion"/>
         <Param2 Name="Auswertfunktion"/>
      </Trigger>
      <Trigger>
         <!--
            Trigger auf ECAT-Kommunikationsverlust.
            Keine Parameter.
         -->
         <Name>TRIGGER_MONITOR_ECAT_COMMUNICATION</Name>
         <ID>3</ID>
      </Trigger>
      <Trigger>
         <!--
            Trigger auf CF-Fehler.
            Param1: Fehler-ID (CFErrors::EErrorCode)
            Param2: Auswertfunktion (Default ist: trigger always)
         -->
         <Name>TRIGGER_ERROR</Name>
         <ID>4</ID>
         <Param1 Name="Fehler-ID"/>
         <Param2 Name="Auswertfunktion"/>
      </Trigger>
      <Trigger>
         <!--
            Trigger auf CF-Core-Trace-Daten (Nicht notwendigerweise Teil des System Trace).
            Param1: Reglerkanalnummer (soweit anwendbar)
            Param2: CF-Core-Trace-Item-ID
            Param3: Triggerfunktionstyp (Default ist: trigger equal)
            Param4: Vergleichswert fuer Triggerfunktion (soweit anwendbar)
         -->
         <Name>TRIGGER_TRACE_DATA_INTERNAL</Name>
         <ID>7</ID>
         <Param1 Name="Reglerkanalnummer"/>
         <Param2 Name="CF-Core-Trace-Item-ID"/>
         <Param3 Name="Triggerfunktionstyp"/>
         <Param4 Name="Vergleichswert"/>
      </Trigger>
      <Trigger>
         <!--
            Trigger auf System-Trace-Daten.
            Param1: System Trace Item ID wie oben unter Channels spezifiziert
            Param2: Triggerfunktionstyp:
               0 = trigger never
               1 = trigger always
               2 = trigger if value changes
               3 = trigger if value equals absolut value
               4 = trigger if value isn't equal absolut value
               5 = trigger if value is greater than absolut value
               6 = trigger if value is less than absolut value
               7 = trigger if value goes up
               8 = trigger if value goes down
               9 = trigger if value & absolute value
               10 = trigger if (value & absolute value) != absolute value
            Param3: Vergleichswert fuer Triggerfunktion (soweit anwendbar)
         -->
         <Name>TRIGGER_TRACE_DATA</Name>
         <ID>8</ID>
         <Param1 Name="Channel-ID"/>
         <Param2 Name="Triggerfunktionstyp"/>
         <Param3 Name="Vergleichswert"/>
      </Trigger>
   </Triggers>
</Trace>
