<?xml version="1.0" encoding="UTF-8"?>
<!-- Ohne XMLSpy v2007 sp1 bearbeitet (http://www.altova.com) von Holger Tronnier (KUKA Roboter GMBH) -->
<Trace xmlns:xsi="http://www.w3.org/2001/XMLSchema-instance" xsi:noNamespaceSchemaLocation="/Roboter/Config/System/Common/Schemes/TraceFeatures.xsd">
   <Name>CNC</Name>
   <Version>1</Version>
   <Format>r64</Format>
   <Rates>
      <Rate>4000</Rate>
   </Rates>
   <Channels>
      <!-- Channel data -->
      <Channel>
         <Name>Moved Path</Name>
         <ID>2</ID>
         <Type>Distance</Type>
      </Channel>
      <Channel>
         <Name>Actual distance in Slope</Name>
         <ID>3</ID>
         <Type>Distance</Type>
      </Channel>
      <Channel>
         <Name>Level of Slope buffer</Name>
         <ID>4</ID>
         <Type>Level</Type>
      </Channel>
      <Channel>
         <Name>Number of IPO blocks to read</Name>
         <ID>5</ID>
         <Type>Quantity</Type>
      </Channel>
      <Channel>
         <Name>Remaining path to move</Name>
         <ID>8</ID>
         <Type>Distance</Type>
      </Channel>
      <Channel>
         <Name>Block end active</Name>
         <ID>9</ID>
         <Type>Flag</Type>
      </Channel>
      <Channel>
         <Name>Actual interpolator state</Name>
         <ID>10</ID>
         <Type>State</Type>
      </Channel>
      <Channel>
         <Name>Maximum velocity on path (vb_max)</Name>
         <ID>15</ID>
         <Type>Velocity</Type>
      </Channel>
      <Channel>
         <Name>Maximum velocity on path at block end (vb_ueber_max)</Name>
         <ID>16</ID>
         <Type>Velocity</Type>
      </Channel>
      <Channel>
         <Name>Actual velocity on path (vb_akt)</Name>
         <ID>21</ID>
         <Type>Velocity</Type>
      </Channel>
      <Channel>
         <Name>Programmed velocity on path (vb_prog)</Name>
         <ID>22</ID>
         <Type>Velocity</Type>
      </Channel>
      <Channel>
         <Name>Covered distance</Name>
         <ID>27</ID>
         <Type>Distance</Type>
      </Channel>
      <!-- Axis data 1 -->
      <Channel>
         <Name>Start position 1</Name>
         <ID>101</ID>
         <Type>Position</Type>
      </Channel>
      <Channel>
         <Name>End position 1</Name>
         <ID>102</ID>
         <Type>Position</Type>
      </Channel>
      <Channel>
         <Name>Actual position 1 (akt_sollwert)</Name>
         <ID>107</ID>
         <Type>Position</Type>
      </Channel>
      <Channel>
         <Name>Current position 1 (akt_istwert)</Name>
         <ID>108</ID>
         <Type>Level</Type>
      </Channel>
      <Channel>
         <Name>Total position offset 1</Name>
         <ID>109</ID>
         <Type>Position</Type>
      </Channel>
      <Channel>
         <Name>Additional Offset 1 (ipo_zus_sollw)</Name>
         <ID>110</ID>
         <Type>Position</Type>
      </Channel>
      <Channel>
         <Name>Homing state 1 (rpf_zstd)</Name>
         <ID>114</ID>
         <Type>State</Type>
      </Channel>
      <Channel>
         <Name>Actual velocity 1 (v_act)</Name>
         <ID>115</ID>
         <Type>Velocity</Type>
      </Channel>
      <Channel>
         <Name>Actual acceleration 1 (a_act)</Name>
         <ID>116</ID>
         <Type>Acceleration</Type>
      </Channel>
      <!-- Axis data 2 -->
      <Channel>
         <Name>Start position 2</Name>
         <ID>201</ID>
         <Type>Position</Type>
      </Channel>
      <Channel>
         <Name>End position 2</Name>
         <ID>202</ID>
         <Type>Position</Type>
      </Channel>
      <Channel>
         <Name>Actual position 2 (akt_sollwert)</Name>
         <ID>207</ID>
         <Type>Position</Type>
      </Channel>
      <Channel>
         <Name>Current position 2 (akt_istwert)</Name>
         <ID>208</ID>
         <Type>Level</Type>
      </Channel>
      <Channel>
         <Name>Total position offset 2</Name>
         <ID>209</ID>
         <Type>Position</Type>
      </Channel>
      <Channel>
         <Name>Additional Offset 2 (ipo_zus_sollw)</Name>
         <ID>210</ID>
         <Type>Position</Type>
      </Channel>
      <Channel>
         <Name>Homing state 2 (rpf_zstd)</Name>
         <ID>214</ID>
         <Type>State</Type>
      </Channel>
      <Channel>
         <Name>Actual velocity 2 (v_act)</Name>
         <ID>215</ID>
         <Type>Velocity</Type>
      </Channel>
      <Channel>
         <Name>Actual acceleration 2 (a_act)</Name>
         <ID>216</ID>
         <Type>Acceleration</Type>
      </Channel>
      <!-- Axis data 3 -->
      <Channel>
         <Name>Start position 3</Name>
         <ID>301</ID>
         <Type>Position</Type>
      </Channel>
      <Channel>
         <Name>End position 3</Name>
         <ID>302</ID>
         <Type>Position</Type>
      </Channel>
      <Channel>
         <Name>Actual position 3 (akt_sollwert)</Name>
         <ID>307</ID>
         <Type>Position</Type>
      </Channel>
      <Channel>
         <Name>Current position 3 (akt_istwert)</Name>
         <ID>308</ID>
         <Type>Level</Type>
      </Channel>
      <Channel>
         <Name>Total position offset 3</Name>
         <ID>309</ID>
         <Type>Position</Type>
      </Channel>
      <Channel>
         <Name>Additional Offset 3 (ipo_zus_sollw)</Name>
         <ID>310</ID>
         <Type>Position</Type>
      </Channel>
      <Channel>
         <Name>Homing state 3 (rpf_zstd)</Name>
         <ID>314</ID>
         <Type>State</Type>
      </Channel>
      <Channel>
         <Name>Actual velocity 3 (v_act)</Name>
         <ID>315</ID>
         <Type>Velocity</Type>
      </Channel>
      <Channel>
         <Name>Actual acceleration 3 (a_act)</Name>
         <ID>316</ID>
         <Type>Acceleration</Type>
      </Channel>   
      <!-- Axis data 4 -->
      <Channel>
         <Name>Start position 4</Name>
         <ID>401</ID>
         <Type>Position</Type>
      </Channel>
      <Channel>
         <Name>End position 4</Name>
         <ID>402</ID>
         <Type>Position</Type>
      </Channel>
      <Channel>
         <Name>Actual position 4 (akt_sollwert)</Name>
         <ID>407</ID>
         <Type>Position</Type>
      </Channel>
      <Channel>
         <Name>Current position 4 (akt_istwert)</Name>
         <ID>408</ID>
         <Type>Level</Type>
      </Channel>
      <Channel>
         <Name>Total position offset 4</Name>
         <ID>409</ID>
         <Type>Position</Type>
      </Channel>
      <Channel>
         <Name>Additional Offset 4 (ipo_zus_sollw)</Name>
         <ID>410</ID>
         <Type>Position</Type>
      </Channel>
      <Channel>
         <Name>Homing state 4 (rpf_zstd)</Name>
         <ID>414</ID>
         <Type>State</Type>
      </Channel>
      <Channel>
         <Name>Actual velocity 4 (v_act)</Name>
         <ID>415</ID>
         <Type>Velocity</Type>
      </Channel>
      <Channel>
         <Name>Actual acceleration 4 (a_act)</Name>
         <ID>416</ID>
         <Type>Acceleration</Type>
      </Channel>   
      <!-- Axis data 5 -->
      <Channel>
         <Name>Start position 5</Name>
         <ID>501</ID>
         <Type>Position</Type>
      </Channel>
      <Channel>
         <Name>End position 5</Name>
         <ID>502</ID>
         <Type>Position</Type>
      </Channel>
      <Channel>
         <Name>Actual position 5 (akt_sollwert)</Name>
         <ID>507</ID>
         <Type>Position</Type>
      </Channel>
      <Channel>
         <Name>Current position 5 (akt_istwert)</Name>
         <ID>508</ID>
         <Type>Level</Type>
      </Channel>
      <Channel>
         <Name>Total position offset 5</Name>
         <ID>509</ID>
         <Type>Position</Type>
      </Channel>
      <Channel>
         <Name>Additional Offset 5 (ipo_zus_sollw)</Name>
         <ID>510</ID>
         <Type>Position</Type>
      </Channel>
      <Channel>
         <Name>Homing state 5 (rpf_zstd)</Name>
         <ID>514</ID>
         <Type>State</Type>
      </Channel>
      <Channel>
         <Name>Actual velocity 5 (v_act)</Name>
         <ID>515</ID>
         <Type>Velocity</Type>
      </Channel>
      <Channel>
         <Name>Actual acceleration 5 (a_act)</Name>
         <ID>516</ID>
         <Type>Acceleration</Type>
      </Channel>   
      <!-- Axis data 6 -->
      <Channel>
         <Name>Start position 6</Name>
         <ID>601</ID>
         <Type>Position</Type>
      </Channel>
      <Channel>
         <Name>End position 6</Name>
         <ID>602</ID>
         <Type>Position</Type>
      </Channel>
      <Channel>
         <Name>Actual position 6 (akt_sollwert)</Name>
         <ID>607</ID>
         <Type>Position</Type>
      </Channel>
      <Channel>
         <Name>Current position 6 (akt_istwert)</Name>
         <ID>608</ID>
         <Type>Level</Type>
      </Channel>
      <Channel>
         <Name>Total position offset 6</Name>
         <ID>609</ID>
         <Type>Position</Type>
      </Channel>
      <Channel>
         <Name>Additional Offset 6 (ipo_zus_sollw)</Name>
         <ID>610</ID>
         <Type>Position</Type>
      </Channel>
      <Channel>
         <Name>Homing state 6 (rpf_zstd)</Name>
         <ID>614</ID>
         <Type>State</Type>
      </Channel>
      <Channel>
         <Name>Actual velocity 6 (v_act)</Name>
         <ID>615</ID>
         <Type>Velocity</Type>
      </Channel>
      <Channel>
         <Name>Actual acceleration 6 (a_act)</Name>
         <ID>616</ID>
         <Type>Acceleration</Type>
      </Channel>   
   </Channels>  
   <Triggers>
      <Trigger0>
         <Name>Puffer voll</Name>
         <ID>0</ID>
      </Trigger0>
   </Triggers>
</Trace>