<?xml version="1.0" encoding="UTF-8"?>
<!-- Ohne XMLSpy v2007 sp1 bearbeitet (http://www.altova.com) von Holger Tronnier (KUKA Roboter GMBH) -->
<Trace xmlns:xsi="http://www.w3.org/2001/XMLSchema-instance" xsi:noNamespaceSchemaLocation="/Roboter/Config/System/Common/Schemes/TraceFeatures.xsd">
   <Name>CEmilyDevice</Name>
   <Version>2</Version>
   <Format>r64</Format>
   <Rates>
      <Rate>12000</Rate>
   </Rates>
   <Channels>
      <Channel>
         <Name>Pos_X</Name>
         <ID>1</ID>
         <Type>EmilyData</Type>
      </Channel>
      <Channel>
         <Name>Pos_Y</Name>
         <ID>2</ID>
         <Type>EmilyData</Type>
      </Channel>
      <Channel>
         <Name>Pos_Z</Name>
         <ID>3</ID>
         <Type>EmilyData</Type>
      </Channel>
      <Channel>
         <Name>Pos_A</Name>
         <ID>4</ID>
         <Type>EmilyData</Type>
      </Channel>
      <Channel>
         <Name>Pos_B</Name>
         <ID>5</ID>
         <Type>EmilyData</Type>
      </Channel>
      <Channel>
         <Name>Pos_C</Name>
         <ID>6</ID>
         <Type>EmilyData</Type>
      </Channel>
      <Channel>
         <Name>Pos_E1</Name>
         <ID>7</ID>
         <Type>EmilyData</Type>
      </Channel>
      <Channel>
         <Name>Pos_E2</Name>
         <ID>8</ID>
         <Type>EmilyData</Type>
      </Channel>
      <Channel>
         <Name>Pos_E3</Name>
         <ID>9</ID>
         <Type>EmilyData</Type>
      </Channel>
      <Channel>
         <Name>Pos_E4</Name>
         <ID>10</ID>
         <Type>EmilyData</Type>
      </Channel>
      <Channel>
         <Name>Pos_E5</Name>
         <ID>11</ID>
         <Type>EmilyData</Type>
      </Channel>
      <Channel>
         <Name>Pos_E6</Name>
         <ID>12</ID>
         <Type>EmilyData</Type>
      </Channel>
      <Channel>
         <Name>Joint_A1</Name>
         <ID>13</ID>
         <Type>EmilyData</Type>
      </Channel>
      <Channel>
         <Name>Joint_A2</Name>
         <ID>14</ID>
         <Type>EmilyData</Type>
      </Channel>
      <Channel>
         <Name>Joint_A3</Name>
         <ID>15</ID>
         <Type>EmilyData</Type>
      </Channel>
      <Channel>
         <Name>Joint_A4</Name>
         <ID>16</ID>
         <Type>EmilyData</Type>
      </Channel>
      <Channel>
         <Name>Joint_A5</Name>
         <ID>17</ID>
         <Type>EmilyData</Type>
      </Channel>
      <Channel>
         <Name>Joint_A6</Name>
         <ID>18</ID>
         <Type>EmilyData</Type>
      </Channel>
      <Channel>
         <Name>Joint_E1</Name>
         <ID>19</ID>
         <Type>EmilyData</Type>
      </Channel>
      <Channel>
         <Name>Joint_E2</Name>
         <ID>20</ID>
         <Type>EmilyData</Type>
      </Channel>
      <Channel>
         <Name>Joint_E3</Name>
         <ID>21</ID>
         <Type>EmilyData</Type>
      </Channel>
      <Channel>
         <Name>Joint_E4</Name>
         <ID>22</ID>
         <Type>EmilyData</Type>
      </Channel>
      <Channel>
         <Name>Joint_E5</Name>
         <ID>23</ID>
         <Type>EmilyData</Type>
      </Channel>
      <Channel>
         <Name>Joint_E6</Name>
         <ID>24</ID>
         <Type>EmilyData</Type>
      </Channel>
      <Channel>
         <Name>GearValue_Cmd</Name>
         <ID>25</ID>
         <Type>EmilyData</Type>
      </Channel>
      <Channel>
         <Name>GearValue_Raw</Name>
         <ID>26</ID>
         <Type>EmilyData</Type>
      </Channel>
      <Channel>
         <Name>GearValue_d1</Name>
         <ID>27</ID>
         <Type>EmilyData</Type>
      </Channel>
      <Channel>
         <Name>GearValue_d2</Name>
         <ID>28</ID>
         <Type>EmilyData</Type>
      </Channel>
      <Channel>
         <Name>GearValue_d3</Name>
         <ID>29</ID>
         <Type>EmilyData</Type>
      </Channel>
      <Channel>
         <Name>READY_TO_FOLLOW</Name>
         <ID>30</ID>
         <Type>EmilyData</Type>
      </Channel>
      <Channel>
         <Name>RAMP_STOP_REQUEST</Name>
         <ID>31</ID>
         <Type>EmilyData</Type>
      </Channel>
      <Channel>
         <Name>EM_STOP_REQUEST</Name>
         <ID>32</ID>
         <Type>EmilyData</Type>
      </Channel>
      <Channel>
         <Name>DRIVE_RAMP_STOP</Name>
         <ID>33</ID>
         <Type>EmilyData</Type>
      </Channel>
      <Channel>
         <Name>ACK_REQUEST</Name>
         <ID>34</ID>
         <Type>EmilyData</Type>
      </Channel>
      <Channel>
         <Name>STOP_EXECUTED</Name>
         <ID>35</ID>
         <Type>EmilyData</Type>
      </Channel>
      <Channel>
         <Name>GEAR_RELEASED</Name>
         <ID>36</ID>
         <Type>EmilyData</Type>
      </Channel>
      <Channel>
         <Name>GearConnState</Name>
         <ID>37</ID>
         <Type>EmilyData</Type>
      </Channel>
      <Channel>
         <Name>#Buffered</Name>
         <ID>38</ID>
         <Type>EmilyData</Type>
      </Channel>
      <Channel>
         <Name>TimeDiff</Name>
         <ID>39</ID>
         <Type>EmilyData</Type>
      </Channel>
      <Channel>
         <Name>#Valid</Name>
         <ID>40</ID>
         <Type>EmilyData</Type>
      </Channel>
      <Channel>
         <Name>#Equal</Name>
         <ID>41</ID>
         <Type>EmilyData</Type>
      </Channel>
      <Channel>
         <Name>#Invalid</Name>
         <ID>42</ID>
         <Type>EmilyData</Type>
      </Channel>
      <Channel>
         <Name>GearValue(I/O)</Name>
         <ID>43</ID>
         <Type>EmilyData</Type>
      </Channel>
      <Channel>
         <Name>GearValuePrev</Name>
         <ID>44</ID>
         <Type>EmilyData</Type>
      </Channel>
      <Channel>
         <Name>SimuOvFac</Name>
         <ID>45</ID>
         <Type>EmilyData</Type>
      </Channel>      
      <Channel>
         <Name>OvComm</Name>
         <ID>46</ID>
         <Type>EmilyData</Type>
      </Channel>
      <Channel>
         <Name>OvAct</Name>
         <ID>47</ID>
         <Type>EmilyData</Type>
      </Channel>
      <Channel>
         <Name>OvFlt</Name>
         <ID>48</ID>
         <Type>EmilyData</Type>
      </Channel>                  
   </Channels>
   <Triggers>
      <Trigger0>
         <Name>Puffer voll</Name>
         <ID>0</ID>
      </Trigger0>
   </Triggers>
</Trace>