<?xml version="1.0" encoding="UTF-8"?>
<Trace xmlns:xsi="http://www.w3.org/2001/XMLSchema-instance" xsi:noNamespaceSchemaLocation="/Roboter/Config/System/Common/Schemes/TraceFeatures.xsd">
   <Name>KRCFineIpo</Name>
   <Version>23</Version>
   <Format>r64</Format>
   <Rates>
      <Rate>4000</Rate>
   </Rates>
   <Channels>
      <ChannelArray>
         <Name>GearPos_CmdFineIpo</Name>
         <StartCount>1</StartCount>
         <NumChannels>12</NumChannels>
         <StartID>1</StartID>
         <Type>EKO</Type>
      </ChannelArray>
      <ChannelArray>
         <Name>GearVel_CmdFineIpo</Name>
         <StartCount>1</StartCount>
         <NumChannels>12</NumChannels>
         <StartID>25</StartID>
         <Type>EKO</Type>
      </ChannelArray>
      <ChannelArray>
         <Name>GearAcc_CmdFineIpo</Name>
         <StartCount>1</StartCount>
         <NumChannels>12</NumChannels>
         <StartID>49</StartID>
         <Type>EKO</Type>
      </ChannelArray>
      <ChannelArray>
         <Name>GearPos_CmdFirFilter</Name>
         <StartCount>1</StartCount>
         <NumChannels>12</NumChannels>
         <StartID>73</StartID>
         <Type>EKO</Type>
      </ChannelArray>
      <ChannelArray>
         <Name>GearPos_CmdEko</Name>
         <StartCount>1</StartCount>
         <NumChannels>12</NumChannels>
         <StartID>97</StartID>
         <Type>EKO</Type>
      </ChannelArray>
      <ChannelArray>
         <Name>GearPos_CmdEkoFlt</Name>
         <StartCount>1</StartCount>
         <NumChannels>12</NumChannels>
         <StartID>121</StartID>
         <Type>EKO</Type>
      </ChannelArray>
      <ChannelArray>
         <Name>GearVel_CmdEkoFlt</Name>
         <StartCount>1</StartCount>
         <NumChannels>12</NumChannels>
         <StartID>145</StartID>
         <Type>EKO</Type>
      </ChannelArray>
      <ChannelArray>
         <Name>GearAcc_CmdEkoFlt</Name>
         <StartCount>1</StartCount>
         <NumChannels>12</NumChannels>
         <StartID>169</StartID>
         <Type>EKO</Type>
      </ChannelArray>
      <ChannelArray>
         <Name>GearVel_CmdEko</Name>
         <StartCount>1</StartCount>
         <NumChannels>12</NumChannels>
         <StartID>193</StartID>
         <Type>EKO</Type>
      </ChannelArray>
      <ChannelArray>
         <Name>GearAcc_CmdEko</Name>
         <StartCount>1</StartCount>
         <NumChannels>12</NumChannels>
         <StartID>217</StartID>
         <Type>EKO</Type>
      </ChannelArray>
      <ChannelArray>
         <Name>DriveMotorTorq_CmdEko</Name>
         <StartCount>1</StartCount>
         <NumChannels>12</NumChannels>
         <StartID>241</StartID>
         <Type>EKO</Type>
      </ChannelArray>
      <ChannelArray>
         <Name>GearTorq_CmdEko</Name>
         <StartCount>1</StartCount>
         <NumChannels>12</NumChannels>
         <StartID>265</StartID>
         <Type>EKO</Type>
      </ChannelArray>
      <ChannelArray>
         <Name>GearVelLimitInit_Eko</Name>
         <StartCount>1</StartCount>
         <NumChannels>12</NumChannels>
         <StartID>289</StartID>
         <Type>EKO</Type>
      </ChannelArray>
      <ChannelArray>
         <Name>GearAccLimitInit_Eko</Name>
         <StartCount>1</StartCount>
         <NumChannels>12</NumChannels>
         <StartID>313</StartID>
         <Type>EKO</Type>
      </ChannelArray>
      <Channel>
         <Name>LaghpUltimateIpoFeed</Name>
         <ID>337</ID>
         <Type>EKO</Type>
      </Channel>
      <Channel>
         <Name>LaghpSendingFeeds</Name>
         <ID>338</ID>
         <Type>EKO</Type>
      </Channel>
      <Channel>
         <Name>LaghpTaskState</Name>
         <ID>339</ID>
         <Type>EKO</Type>
      </Channel>
      <Channel>
         <Name>LaghpFeedRequested</Name>
         <ID>340</ID>
         <Type>EKO</Type>
      </Channel>
      <Channel>
         <Name>LaghpIpoAchsStart</Name>
         <ID>341</ID>
         <Type>EKO</Type>
      </Channel>
      <Channel>
         <Name>LaghpPostProcessing</Name>
         <ID>342</ID>
         <Type>EKO</Type>
      </Channel>          
      <Channel>
         <Name>EkoActive</Name>
         <ID>343</ID>
         <Type>EKO</Type>
      </Channel>          
      <ChannelArray>
         <Name>DriveMotorPos_CmdDrive</Name>
         <StartCount>1</StartCount>
         <NumChannels>12</NumChannels>
         <StartID>501</StartID>
         <Type>DriveInterface</Type>
      </ChannelArray>
      <ChannelArray>
         <Name>DriveMotorPos_ActDrive</Name>
         <StartCount>1</StartCount>
         <NumChannels>12</NumChannels>
         <StartID>525</StartID>
         <Type>DriveInterface</Type>
      </ChannelArray>
      <ChannelArray>
         <Name>DriveMotorVel_CmdDrive</Name>
         <StartCount>1</StartCount>
         <NumChannels>12</NumChannels>
         <StartID>549</StartID>
         <Type>DriveInterface</Type>
      </ChannelArray>
      <ChannelArray>
         <Name>DriveMotorVel_ActDrive</Name>
         <StartCount>1</StartCount>
         <NumChannels>12</NumChannels>
         <StartID>573</StartID>
         <Type>DriveInterface</Type>
      </ChannelArray>
      <ChannelArray>
         <Name>DriveMotorAcc_CmdDrive</Name>
         <StartCount>1</StartCount>
         <NumChannels>12</NumChannels>
         <StartID>597</StartID>
         <Type>DriveInterface</Type>
      </ChannelArray>
      <ChannelArray>
         <Name>DriveMotorAcc_ActDrive</Name>
         <StartCount>1</StartCount>
         <NumChannels>12</NumChannels>
         <StartID>621</StartID>
         <Type>DriveInterface</Type>
      </ChannelArray>
      <ChannelArray>
         <Name>DriveMotorPosError_ActDrive</Name>
         <StartCount>1</StartCount>
         <NumChannels>12</NumChannels>
         <StartID>645</StartID>
         <Type>DriveInterface</Type>
      </ChannelArray>
      <ChannelArray>
         <Name>DriveMotorTorq_ActDrive</Name>
         <StartCount>1</StartCount>
         <NumChannels>12</NumChannels>
         <StartID>669</StartID>
         <Type>DriveInterface</Type>
      </ChannelArray>
      <ChannelArray>
         <Name>DriveMotorCurrent_ActDrive</Name>
         <StartCount>1</StartCount>
         <NumChannels>12</NumChannels>
         <StartID>693</StartID>
         <Type>DriveInterface</Type>
      </ChannelArray>
      <ChannelArray>
         <Name>GearPos_CmdIpo</Name>
         <StartCount>1</StartCount>
         <NumChannels>12</NumChannels>
         <StartID>717</StartID>
         <Type>EKO</Type>
      </ChannelArray>      
      <ChannelArray>
         <Name>CollisionCollMonMaxInput</Name>
         <StartCount>1</StartCount>
         <NumChannels>12</NumChannels>
         <StartID>853</StartID>
         <Type>CollisionDetection</Type>
      </ChannelArray>      
      <ChannelArray>
         <Name>CollisionStatus</Name>
         <StartCount>1</StartCount>
         <NumChannels>12</NumChannels>
         <StartID>865</StartID>
         <Type>CollisionDetection</Type>
      </ChannelArray>      
      <ChannelArray>
         <Name>CollisionCollDetected</Name>
         <StartCount>1</StartCount>
         <NumChannels>12</NumChannels>
         <StartID>877</StartID>
         <Type>CollisionDetection</Type>
      </ChannelArray>
      <ChannelArray>
         <Name>CollisionCmdTorqFactor</Name>
         <StartCount>1</StartCount>
         <NumChannels>12</NumChannels>
         <StartID>889</StartID>
         <Type>CollisionDetection</Type>
      </ChannelArray>
      <ChannelArray>
         <Name>CollisionDriveMotorTorqOld_Cmd</Name>
         <StartCount>1</StartCount>
         <NumChannels>12</NumChannels>
         <StartID>901</StartID>
         <Type>CollisionDetection</Type>
      </ChannelArray>
      <ChannelArray>
         <Name>CollisionDriveMotorTorqCmd_new</Name>
         <StartCount>1</StartCount>
         <NumChannels>12</NumChannels>
         <StartID>913</StartID>
         <Type>CollisionDetection</Type>
      </ChannelArray>
      <ChannelArray>
         <Name>CollisionDriveMotorTorq_Act</Name>
         <StartCount>1</StartCount>
         <NumChannels>12</NumChannels>
         <StartID>925</StartID>
         <Type>CollisionDetection</Type>
      </ChannelArray>
      <ChannelArray>
         <Name>CollisionDriveMotorTorq_Flt</Name>
         <StartCount>1</StartCount>
         <NumChannels>12</NumChannels>
         <StartID>937</StartID>
         <Type>CollisionDetection</Type>
      </ChannelArray>
      <ChannelArray>
         <Name>CollisionTorqWindow</Name>
         <StartCount>1</StartCount>
         <NumChannels>12</NumChannels>
         <StartID>949</StartID>
         <Type>CollisionDetection</Type>
      </ChannelArray>
      <ChannelArray>
         <Name>CollisionTorqWindowUp</Name>
         <StartCount>1</StartCount>
         <NumChannels>12</NumChannels>
         <StartID>961</StartID>
         <Type>CollisionDetection</Type>
      </ChannelArray>
      <ChannelArray>
         <Name>CollisionTorqTimer</Name>
         <StartCount>1</StartCount>
         <NumChannels>12</NumChannels>
         <StartID>973</StartID>
         <Type>CollisionDetection</Type>
      </ChannelArray>
      <ChannelArray>
         <Name>CollisionTorqWindowDown</Name>
         <StartCount>1</StartCount>
         <NumChannels>12</NumChannels>
         <StartID>985</StartID>
         <Type>CollisionDetection</Type>
      </ChannelArray>
      <ChannelArray>
         <Name>A1ControlParameter</Name>
         <StartCount>1</StartCount>
         <NumChannels>35</NumChannels>
         <StartID>1001</StartID>
         <Type>ControlParameter</Type>
      </ChannelArray>
      <ChannelArray>
         <Name>A2ControlParameter</Name>
         <StartCount>1</StartCount>
         <NumChannels>35</NumChannels>
         <StartID>1101</StartID>
         <Type>ControlParameter</Type>
      </ChannelArray>
      <ChannelArray>
         <Name>A3ControlParameter</Name>
         <StartCount>1</StartCount>
         <NumChannels>35</NumChannels>
         <StartID>1201</StartID>
         <Type>ControlParameter</Type>
      </ChannelArray>
      <ChannelArray>
         <Name>A4ControlParameter</Name>
         <StartCount>1</StartCount>
         <NumChannels>35</NumChannels>
         <StartID>1301</StartID>
         <Type>ControlParameter</Type>
      </ChannelArray>
      <ChannelArray>
         <Name>A5ControlParameter</Name>
         <StartCount>1</StartCount>
         <NumChannels>35</NumChannels>
         <StartID>1401</StartID>
         <Type>ControlParameter</Type>
      </ChannelArray>
      <ChannelArray>
         <Name>A6ControlParameter</Name>
         <StartCount>1</StartCount>
         <NumChannels>35</NumChannels>
         <StartID>1501</StartID>
         <Type>ControlParameter</Type>
      </ChannelArray>
      <ChannelArray>
         <Name>DriveMotorSlaveTorq_CmdEko</Name>
         <StartCount>1</StartCount>
         <NumChannels>12</NumChannels>
         <StartID>1601</StartID>
         <Type>EKO</Type>
      </ChannelArray>
      <ChannelArray>
         <Name>GearPosSlave_CmdEko</Name>
         <StartCount>1</StartCount>
         <NumChannels>12</NumChannels>
         <StartID>1613</StartID>
         <Type>EKO</Type>
      </ChannelArray>
      <Channel>
         <Name>Stiffness_CmdEko1</Name>
         <ID>1625</ID>
         <Type>EKO</Type>
      </Channel>
      <Channel>
         <Name>GearDamping_CmdEko1</Name>
         <ID>1637</ID>
         <Type>EKO</Type>
      </Channel>
      <ChannelArray>
         <Name>CollisionTorqAxisSlow</Name>
         <StartCount>1</StartCount>
         <NumChannels>12</NumChannels>
         <StartID>1688</StartID>
         <Type>CollisionDetection</Type>
      </ChannelArray>
      <ChannelArray>
         <Name>CollisionTorqDiff</Name>
         <StartCount>1</StartCount>
         <NumChannels>12</NumChannels>
         <StartID>1700</StartID>
         <Type>CollisionDetection</Type>
      </ChannelArray>
      <ChannelArray>
         <Name>CollisionTorqdiff_new</Name>
         <StartCount>1</StartCount>
         <NumChannels>12</NumChannels>
         <StartID>1712</StartID>
         <Type>CollisionDetection</Type>
      </ChannelArray>
      <ChannelArray>
         <Name>CollisionTorq2Diff</Name>
         <StartCount>1</StartCount>
         <NumChannels>12</NumChannels>
         <StartID>1724</StartID>
         <Type>CollisionDetection</Type>
      </ChannelArray>
   </Channels>
   <Triggers>
      <Trigger0>
        <Name>Puffer voll</Name>
        <ID>0</ID>
      </Trigger0>
      <Trigger>
         <Name>Variablenwert</Name>
         <ID>1</ID>
         <Param1 Name="Channel ID"><!-- Operator Type:
         0 for Channelwert >  Vergleichswert1
         1 for Channelwert <  Vergleichswert1
         2 for Channelwert >= Vergleichswert1
         3 for Channelwert <= Vergleichswert1
         4 for Channelwert == Vergleichswert1
         5 for Channelwert != Vergleichswert1
         6 for Vergleichswert1 < Channelwert < Vergleichswert2 --></Param1>
         <Param2 Name="Operator Type"/>
         <Param3 Name="Vergleichswert1"/>
         <Param4 Name="Vergleichswert2"/>
      </Trigger>
   </Triggers>
</Trace>