<?xml version="1.0" encoding="UTF-8"?>
<!-- Mit XMLSpy v2007 sp1 bearbeitet (http://www.altova.com) von Dominik Wenger (KUKA Roboter GMBH) -->
<Trace xmlns:xsi="http://www.w3.org/2001/XMLSchema-instance" xsi:noNamespaceSchemaLocation="/Roboter/Config/System/Common/Schemes/TraceFeatures.xsd">
   <Name>KRCIpo</Name>
   <Version>40</Version>
   <Format>r64</Format>
   <Rates>
      <Rate>12000</Rate>
   </Rates>
   <Channels>
      <Channel>
         <Name>X_CmdIpo</Name>
         <ID>1</ID>
         <Type>IpoCommanded</Type>
      </Channel>
      <Channel>
         <Name>Y_CmdIpo</Name>
         <ID>2</ID>
         <Type>IpoCommanded</Type>
      </Channel>
      <Channel>
         <Name>Z_CmdIpo</Name>
         <ID>3</ID>
         <Type>IpoCommanded</Type>
      </Channel>
      <Channel>
         <Name>A_CmdIpo</Name>
         <ID>4</ID>
         <Type>IpoCommanded</Type>
      </Channel>
      <Channel>
         <Name>B_CmdIpo</Name>
         <ID>5</ID>
         <Type>IpoCommanded</Type>
      </Channel>
      <Channel>
         <Name>C_CmdIpo</Name>
         <ID>6</ID>
         <Type>IpoCommanded</Type>
      </Channel>
      <ChannelArray>
         <Name>AxisPos_CmdIpo</Name>
         <StartCount>1</StartCount>
         <NumChannels>12</NumChannels>
         <StartID>7</StartID>
         <Type>IpoCommanded</Type>
      </ChannelArray>
      <Channel>
         <Name>X_Act</Name>
         <ID>37</ID>
         <Type>IpoActual</Type>
      </Channel>
      <Channel>
         <Name>Y_Act</Name>
         <ID>38</ID>
         <Type>IpoActual</Type>
      </Channel>
      <Channel>
         <Name>Z_Act</Name>
         <ID>39</ID>
         <Type>IpoActual</Type>
      </Channel>
      <Channel>
         <Name>A_Act</Name>
         <ID>40</ID>
         <Type>IpoActual</Type>
      </Channel>
      <Channel>
         <Name>B_Act</Name>
         <ID>41</ID>
         <Type>IpoActual</Type>
      </Channel>
      <Channel>
         <Name>C_Act</Name>
         <ID>42</ID>
         <Type>IpoActual</Type>
      </Channel>
      <ChannelArray>
         <Name>AxisPos_Act</Name>
         <StartCount>1</StartCount>
         <NumChannels>12</NumChannels>
         <StartID>43</StartID>
         <Type>IpoActual</Type>
      </ChannelArray>
      <Channel>
         <Name>X_CmdIpoAfterFilterAndBeforeDelay</Name>
         <ID>73</ID>
         <Type>IpoAfterFilterAndBeforeDelay</Type>
      </Channel>
      <Channel>
         <Name>Y_CmdIpoAfterFilterAndBeforeDelay</Name>
         <ID>74</ID>
         <Type>IpoAfterFilterAndBeforeDelay</Type>
      </Channel>
      <Channel>
         <Name>Z_CmdIpoAfterFilterAndBeforeDelay</Name>
         <ID>75</ID>
         <Type>IpoAfterFilterAndBeforeDelay</Type>
      </Channel>
      <Channel>
         <Name>A_CmdIpoAfterFilterAndBeforeDelay</Name>
         <ID>76</ID>
         <Type>IpoAfterFilterAndBeforeDelay</Type>
      </Channel>
      <Channel>
         <Name>B_CmdIpoAfterFilterAndBeforeDelay</Name>
         <ID>77</ID>
         <Type>IpoAfterFilterAndBeforeDelay</Type>
      </Channel>
      <Channel>
         <Name>C_CmdIpoAfterFilterAndBeforeDelay</Name>
         <ID>78</ID>
         <Type>IpoAfterFilterAndBeforeDelay</Type>
      </Channel>
      <ChannelArray>
         <Name>AxisPos_CmdIpoAfterFilterAndBeforeDelay</Name>
         <StartCount>1</StartCount>
         <NumChannels>12</NumChannels>
         <StartID>79</StartID>
         <Type>IpoAfterFilterAndBeforeDelay</Type>
      </ChannelArray>
      <Channel>
         <Name>X_CmdIpoBeforeFilterAndDelay</Name>
         <ID>109</ID>
         <Type>IpoBeforeFilterAndDelay</Type>
      </Channel>
      <Channel>
         <Name>Y_CmdIpoBeforeFilterAndDelay</Name>
         <ID>110</ID>
         <Type>IpoBeforeFilterAndDelay</Type>
      </Channel>
      <Channel>
         <Name>Z_CmdIpoBeforeFilterAndDelay</Name>
         <ID>111</ID>
         <Type>IpoBeforeFilterAndDelay</Type>
      </Channel>
      <Channel>
         <Name>A_CmdIpoBeforeFilterAndDelay</Name>
         <ID>112</ID>
         <Type>IpoBeforeFilterAndDelay</Type>
      </Channel>
      <Channel>
         <Name>B_CmdIpoBeforeFilterAndDelay</Name>
         <ID>113</ID>
         <Type>IpoBeforeFilterAndDelay</Type>
      </Channel>
      <Channel>
         <Name>C_CmdIpoBeforeFilterAndDelay</Name>
         <ID>114</ID>
         <Type>IpoBeforeFilterAndDelay</Type>
      </Channel>
      <ChannelArray>
         <Name>AxisPos_CmdIpoBeforeFilterAndDelay</Name>
         <StartCount>1</StartCount>
         <NumChannels>12</NumChannels>
         <StartID>115</StartID>
         <Type>IpoBeforeFilterAndDelay</Type>
      </ChannelArray>
      <ChannelArray>
         <Name>TestData</Name>
         <StartCount>1</StartCount>
         <NumChannels>32</NumChannels>
         <StartID>145</StartID>
         <Type>Test</Type>
      </ChannelArray>
      <ChannelArray>
         <Name>ConveyorData</Name>
         <StartCount>1</StartCount>
         <NumChannels>32</NumChannels>
         <StartID>177</StartID>
         <Type>Conveyor</Type>
      </ChannelArray>
      <ChannelArray>
         <Name>DriveMotorPos_CmdIpo</Name>
         <StartCount>1</StartCount>
         <NumChannels>12</NumChannels>
         <StartID>209</StartID>
         <Type>TorqueCalculation</Type>
      </ChannelArray>
      <ChannelArray>
         <Name>DriveMotorVel_CmdIpo</Name>
         <StartCount>1</StartCount>
         <NumChannels>12</NumChannels>
         <StartID>233</StartID>
         <Type>TorqueCalculation</Type>
      </ChannelArray>
      <ChannelArray>
         <Name>DriveMotorTorq_CmdIpo</Name>
         <StartCount>1</StartCount>
         <NumChannels>12</NumChannels>
         <StartID>257</StartID>
         <Type>TorqueCalculation</Type>
      </ChannelArray>
      <ChannelArray>
         <Name>DriveMotorTorq_CmdMax</Name>
         <StartCount>1</StartCount>
         <NumChannels>12</NumChannels>
         <StartID>269</StartID>
         <Type>Model</Type>
      </ChannelArray>
      <ChannelArray>
         <Name>DriveMotorVel_ActGearTorqCalc</Name>
         <StartCount>1</StartCount>
         <NumChannels>12</NumChannels>
         <StartID>329</StartID>
         <Type>GearTorqueMonitoring</Type>
      </ChannelArray>
      <ChannelArray>
         <Name>DriveMotorAcc_ActGearTorqCalc</Name>
         <StartCount>1</StartCount>
         <NumChannels>12</NumChannels>
         <StartID>353</StartID>
         <Type>GearTorqueMonitoring</Type>
      </ChannelArray>
      <ChannelArray>
         <Name>GearTorq_Act</Name>
         <StartCount>1</StartCount>
         <NumChannels>12</NumChannels>
         <StartID>377</StartID>
         <Type>GearTorqueMonitoring</Type>
      </ChannelArray>
      <ChannelArray>
         <Name>GearTorq_CmdIpo</Name>
         <StartCount>1</StartCount>
         <NumChannels>12</NumChannels>
         <StartID>401</StartID>
         <Type>GearTorqueMonitoring</Type>
      </ChannelArray>
      <Channel>
         <Name>EmergencyStopWithBrake</Name>
         <ID>448</ID>
         <Type>DriveStates</Type>
      </Channel>
      <Channel>
         <Name>RobotState</Name>
         <ID>449</ID>
         <Type>DriveStates</Type>
      </Channel>
      <Channel>
         <Name>GeneratorStop</Name>
         <ID>450</ID>
         <Type>DriveStates</Type>
      </Channel>
      <Channel>
         <Name>PathStop</Name>
         <ID>451</ID>
         <Type>DriveStates</Type>
      </Channel>
      <Channel>
         <Name>RampStop</Name>
         <ID>452</ID>
         <Type>DriveStates</Type>
      </Channel>
      <Channel>
         <Name>DriveOffStop</Name>
         <ID>453</ID>
         <Type>DriveStates</Type>
      </Channel>
      <Channel>
         <Name>AxesStanding</Name>
         <ID>454</ID>
         <Type>DriveStates</Type>
      </Channel>
      <Channel>
         <Name>AxesStopFinished</Name>
         <ID>455</ID>
         <Type>DriveStates</Type>
      </Channel>
      <Channel>
         <Name>AxesMoving</Name>
         <ID>456</ID>
         <Type>DriveStates</Type>
      </Channel>
      <Channel>
         <Name>AxesInPosition</Name>
         <ID>457</ID>
         <Type>DriveStates</Type>
      </Channel>
      <Channel>
         <Name>$ROB_STOPPED</Name>
         <ID>458</ID>
         <Type>DriveStates</Type>
      </Channel>
      <Channel>
         <Name>DriveEnergized</Name>
         <ID>459</ID>
         <Type>DriveStates</Type>
      </Channel>
      <Channel>
         <Name>SwitchOffTorqModeCommanded</Name>
         <ID>460</ID>
         <Type>DriveStates</Type>
      </Channel>
      <Channel>
         <Name>SwitchOffTorqModeActive</Name>
         <ID>461</ID>
         <Type>DriveStates</Type>
      </Channel>
            <ChannelArray>
         <Name>PowerBrakeState</Name>
         <StartCount>1</StartCount>
         <NumChannels>12</NumChannels>
         <StartID>462</StartID>
         <Type>DriveStates</Type>
      </ChannelArray>
      <ChannelArray>
         <Name>AnalogOut</Name>
         <StartCount>1</StartCount>
         <NumChannels>32</NumChannels>
         <StartID>500</StartID>
         <Type>AnalogIO</Type>
      </ChannelArray>
      <ChannelArray>
         <Name>AnalogIn</Name>
         <StartCount>1</StartCount>
         <NumChannels>32</NumChannels>
         <StartID>532</StartID>
         <Type>AnalogIO</Type>
      </ChannelArray>
      <Channel>
         <Name>TrackSpeed_CmdIpoBeforeFilterAndDelay</Name>
         <ID>564</ID>
         <Type>AnalogIO</Type>
      </Channel>
      <Channel>
         <Name>TrackSpeed_CmdIpoAfterFilterAndBeforeDelay</Name>
         <ID>565</ID>
         <Type>AnalogIO</Type>
      </Channel>
      <ChannelArray>
         <Name>DriveMotorPos_CmdIpoBeforeFilterAndDelayUnreduced</Name>
         <StartCount>1</StartCount>
         <NumChannels>12</NumChannels>
         <StartID>570</StartID>
         <Type>CPVelocityReduction</Type>
      </ChannelArray>
      <ChannelArray>
         <Name>LastDriveMotorPos_CmdIpoBeforeFilterAndDelayUnreduced</Name>
         <StartCount>1</StartCount>
         <NumChannels>12</NumChannels>
         <StartID>594</StartID>
         <Type>CPVelocityReduction</Type>
      </ChannelArray>
      <ChannelArray>
         <Name>NextDriveMotorPos_CmdIpoBeforeFilterAndDelayUnreduced</Name>
         <StartCount>1</StartCount>
         <NumChannels>12</NumChannels>
         <StartID>618</StartID>
         <Type>CPVelocityReduction</Type>
      </ChannelArray>
      <Channel>
         <Name>CalculatedCPVelRedFactor</Name>
         <ID>642</ID>
         <Type>CPVelocityReduction</Type>
      </Channel>
      <Channel>
         <Name>IpoState_BeforeCPVelRed</Name>
         <ID>643</ID>
         <Type>CPVelocityReduction</Type>
      </Channel>
      <ChannelArray>
         <Name>DriveMotorFeed_CmdIpoBeforeFilterAndDelay</Name>
         <StartCount>1</StartCount>
         <NumChannels>12</NumChannels>
         <StartID>644</StartID>
         <Type>CPVelocityReduction</Type>
      </ChannelArray>
      <Channel>
         <Name>CPVelRedFactor_UpperLimit</Name>
         <ID>668</ID>
         <Type>CPVelocityReduction</Type>
      </Channel>
      <Channel>
         <Name>CPVelRedFactor_LowerLimit</Name>
         <ID>669</ID>
         <Type>CPVelocityReduction</Type>
      </Channel>
      <ChannelArray>
         <Name>CPVelRed_AccelMinInit</Name>
         <StartCount>1</StartCount>
         <NumChannels>12</NumChannels>
         <StartID>670</StartID>
         <Type>CPVelocityReduction</Type>
      </ChannelArray>
      <ChannelArray>
         <Name>CPVelRed_AccelMaxInit</Name>
         <StartCount>1</StartCount>
         <NumChannels>12</NumChannels>
         <StartID>694</StartID>
         <Type>CPVelocityReduction</Type>
      </ChannelArray>
      <Channel>
         <Name>EffectiveCPVelRedFactor</Name>
         <ID>718</ID>
         <Type>CPVelocityReduction</Type>
      </Channel>
      <Channel>
         <Name>IpoState_AfterCPVelRed</Name>
         <ID>719</ID>
         <Type>CPVelocityReduction</Type>
      </Channel>
      <Channel>
         <Name>DominatingAxis</Name>
         <ID>720</ID>
         <Type>CPVelocityReduction</Type>
      </Channel>
      <Channel>
         <Name>CPDistReducedByCPVelRed</Name>
         <ID>721</ID>
         <Type>CPVelocityReduction</Type>
      </Channel>
      <Channel>
         <Name>CPVelRed_AccMinAx</Name>
         <ID>722</ID>
         <Type>CPVelocityReduction</Type>
      </Channel>
      <Channel>
         <Name>CPVelRed_AccMaxAx</Name>
         <ID>723</ID>
         <Type>CPVelocityReduction</Type>
      </Channel>
      <Channel>
         <Name>CPVelRed_VelMaxAx</Name>
         <ID>724</ID>
         <Type>CPVelocityReduction</Type>
      </Channel>
      <ChannelArray>
         <Name>CPVelRed_MgAct</Name>
         <StartCount>1</StartCount>
         <NumChannels>12</NumChannels>
         <StartID>730</StartID>
         <Type>CPVelocityReduction_AccelLimits</Type>
      </ChannelArray>
      <ChannelArray>
         <Name>CPVelRed_MaAct</Name>
         <StartCount>1</StartCount>
         <NumChannels>12</NumChannels>
         <StartID>754</StartID>
         <Type>CPVelocityReduction_AccelLimits</Type>
      </ChannelArray>
      <ChannelArray>
         <Name>CPVelRed_AccelOld</Name>
         <StartCount>1</StartCount>
         <NumChannels>12</NumChannels>
         <StartID>778</StartID>
         <Type>CPVelocityReduction_AccelLimits</Type>
      </ChannelArray>
      <ChannelArray>
         <Name>CPVelRed_AccelMinGear</Name>
         <StartCount>1</StartCount>
         <NumChannels>12</NumChannels>
         <StartID>802</StartID>
         <Type>CPVelocityReduction_AccelLimits</Type>
      </ChannelArray>
      <ChannelArray>
         <Name>CPVelRed_AccelMaxGear</Name>
         <StartCount>1</StartCount>
         <NumChannels>12</NumChannels>
         <StartID>826</StartID>
         <Type>CPVelocityReduction_AccelLimits</Type>
      </ChannelArray>
      <ChannelArray>
         <Name>CPVelRed_AccelMinMot</Name>
         <StartCount>1</StartCount>
         <NumChannels>12</NumChannels>
         <StartID>850</StartID>
         <Type>CPVelocityReduction_AccelLimits</Type>
      </ChannelArray>
      <ChannelArray>
         <Name>CPVelRed_AccelMaxMot</Name>
         <StartCount>1</StartCount>
         <NumChannels>12</NumChannels>
         <StartID>874</StartID>
         <Type>CPVelocityReduction_AccelLimits</Type>
      </ChannelArray>
      <ChannelArray>
         <Name>CPVelRed_AccelMinMom</Name>
         <StartCount>1</StartCount>
         <NumChannels>12</NumChannels>
         <StartID>898</StartID>
         <Type>CPVelocityReduction_AccelLimits</Type>
      </ChannelArray>
      <ChannelArray>
         <Name>CPVelRed_AccelMaxMom</Name>
         <StartCount>1</StartCount>
         <NumChannels>12</NumChannels>
         <StartID>922</StartID>
         <Type>CPVelocityReduction_AccelLimits</Type>
      </ChannelArray>
      <Channel>
         <Name>CPVelRed_VelIsNegative</Name>
         <ID>946</ID>
         <Type>CPVelocityReduction_AccelLimits</Type>
      </Channel>
      <Channel>
         <Name>CPVelRed_GearMinMaxHaveSameSign</Name>
         <ID>947</ID>
         <Type>CPVelocityReduction_AccelLimits</Type>
      </Channel>
      <Channel>
         <Name>CPVelRed_MotMinMaxHaveSameSign</Name>
         <ID>948</ID>
         <Type>CPVelocityReduction_AccelLimits</Type>
      </Channel>
      <ChannelArray>
         <Name>GearMotorPos_CmdModel</Name>
         <StartCount>1</StartCount>
         <NumChannels>12</NumChannels>
         <StartID>960</StartID>
         <Type>Model</Type>
      </ChannelArray>
      <ChannelArray>
         <Name>GearMotorVel_CmdModel</Name>
         <StartCount>1</StartCount>
         <NumChannels>12</NumChannels>
         <StartID>984</StartID>
         <Type>Model</Type>
      </ChannelArray>
      <ChannelArray>
         <Name>GearMotorAcc_CmdModel</Name>
         <StartCount>1</StartCount>
         <NumChannels>12</NumChannels>
         <StartID>1008</StartID>
         <Type>Model</Type>
      </ChannelArray>
      <ChannelArray>
         <Name>GearMotorTorq_CmdModel</Name>
         <StartCount>1</StartCount>
         <NumChannels>12</NumChannels>
         <StartID>1032</StartID>
         <Type>Model</Type>
      </ChannelArray>
      <ChannelArray>
         <Name>GearTorq_CmdModel</Name>
         <StartCount>1</StartCount>
         <NumChannels>12</NumChannels>
         <StartID>1056</StartID>
         <Type>Model</Type>
      </ChannelArray>
      <ChannelArray>
         <Name>GearTorq_CmdMax</Name>
         <StartCount>1</StartCount>
         <NumChannels>12</NumChannels>
         <StartID>1068</StartID>
         <Type>Model</Type>
      </ChannelArray>
      <ChannelArray>
         <Name>Energy_CmdModel</Name>
         <StartCount>1</StartCount>
         <NumChannels>12</NumChannels>
         <StartID>1080</StartID>
         <Type>Model</Type>
      </ChannelArray>
      <ChannelArray>
         <Name>CurrRedUpperLimit</Name>
         <StartCount>1</StartCount>
         <NumChannels>12</NumChannels>
         <StartID>1104</StartID>
         <Type>CurrentReduction</Type>
      </ChannelArray>
      <ChannelArray>
         <Name>CurrRedLowerLimit</Name>
         <StartCount>1</StartCount>
         <NumChannels>12</NumChannels>
         <StartID>1128</StartID>
         <Type>CurrentReduction</Type>
      </ChannelArray>
      <Channel>
         <Name>TorqueControlledAxes</Name>
         <ID>1152</ID>
         <Type>CurrentReduction</Type>
      </Channel>
      <Channel>
         <Name>MoveState</Name>
         <ID>1153</ID>
         <Type>CurrentReduction</Type>
      </Channel>
      <ChannelArray>
         <Name>TargetPose</Name>
         <StartCount>1</StartCount>
         <NumChannels>12</NumChannels>
         <StartID>1160</StartID>
         <Type>StiffnessA1</Type>
      </ChannelArray>
      <Channel>
         <Name>InertiaA1</Name>
         <ID>1184</ID>
         <Type>StiffnessA1</Type>
      </Channel>
      <Channel>
         <Name>StiffnessA1</Name>
         <ID>1185</ID>
         <Type>StiffnessA1</Type>
      </Channel>
      <Channel>
         <Name>NaturalFrequencyA1</Name>
         <ID>1186</ID>
         <Type>StiffnessA1</Type>
      </Channel>
      <ChannelArray>
         <Name>DriveMotorPos_Act</Name>
         <StartCount>1</StartCount>
         <NumChannels>12</NumChannels>
         <StartID>1194</StartID>
         <Type>AxisValAtMMInterface</Type>
      </ChannelArray>
      <ChannelArray>
         <Name>DriveMotorVel_Act</Name>
         <StartCount>1</StartCount>
         <NumChannels>12</NumChannels>
         <StartID>1218</StartID>
         <Type>AxisValAtMMInterface</Type>
      </ChannelArray>
      <ChannelArray>
         <Name>DriveMotorTorq_Cmd</Name>
         <StartCount>1</StartCount>
         <NumChannels>12</NumChannels>
         <StartID>1242</StartID>
         <Type>AxisValAtMMInterface</Type>
      </ChannelArray>
      <ChannelArray>
         <Name>DriveMotorTorq_Act</Name>
         <StartCount>1</StartCount>
         <NumChannels>12</NumChannels>
         <StartID>1266</StartID>
         <Type>AxisValAtMMInterface</Type>
      </ChannelArray>
      <ChannelArray>
         <Name>DriveMotorCurr_Act</Name>
         <StartCount>1</StartCount>
         <NumChannels>12</NumChannels>
         <StartID>1290</StartID>
         <Type>AxisValAtMMInterface</Type>
      </ChannelArray>
      <ChannelArray>
         <Name>AxisPos_ActRDCSim</Name>
         <StartCount>1</StartCount>
         <NumChannels>12</NumChannels>
         <StartID>1338</StartID>
         <Type>SafeRobotRDCSim</Type>
      </ChannelArray>
      <ChannelArray>
         <Name>AxisVel_ActRDCSim</Name>
         <StartCount>1</StartCount>
         <NumChannels>12</NumChannels>
         <StartID>1350</StartID>
         <Type>SafeRobotRDCSim</Type>
      </ChannelArray>
      <ChannelArray>
         <Name>AxisPos_StopRDCSim</Name>
         <StartCount>1</StartCount>
         <NumChannels>12</NumChannels>
         <StartID>1362</StartID>
         <Type>SafeRobotRDCSim</Type>
      </ChannelArray>
      <Channel>
         <Name>FlangeInWorldX_ActRDCSim</Name>
         <ID>1386</ID>
         <Type>SafeRobotRDCSim</Type>
      </Channel>
      <Channel>
         <Name>FlangeInWorldY_ActRDCSim</Name>
         <ID>1387</ID>
         <Type>SafeRobotRDCSim</Type>
      </Channel>
      <Channel>
         <Name>FlangeInWorldZ_ActRDCSim</Name>
         <ID>1388</ID>
         <Type>SafeRobotRDCSim</Type>
      </Channel>
      <Channel>
         <Name>FlangeInWorldX_StopRDCSim</Name>
         <ID>1389</ID>
         <Type>SafeRobotRDCSim</Type>
      </Channel>
      <Channel>
         <Name>FlangeInWorldY_StopRDCSim</Name>
         <ID>1390</ID>
         <Type>SafeRobotRDCSim</Type>
      </Channel>
      <Channel>
         <Name>FlangeInWorldZ_StopRDCSim</Name>
         <ID>1391</ID>
         <Type>SafeRobotRDCSim</Type>
      </Channel>
      <Channel>
         <Name>FlangeInWorldA_ActRDCSim</Name>
         <ID>1392</ID>
         <Type>SafeRobotRDCSim</Type>
      </Channel>
      <Channel>
         <Name>FlangeInWorldB_ActRDCSim</Name>
         <ID>1393</ID>
         <Type>SafeRobotRDCSim</Type>
      </Channel>
      <Channel>
         <Name>FlangeInWorldC_ActRDCSim</Name>
         <ID>1394</ID>
         <Type>SafeRobotRDCSim</Type>
      </Channel>
      <Channel>
         <Name>FlangeInWorldA_StopRDCSim</Name>
         <ID>1395</ID>
         <Type>SafeRobotRDCSim</Type>
      </Channel>
      <Channel>
         <Name>FlangeInWorldB_StopRDCSim</Name>
         <ID>1396</ID>
         <Type>SafeRobotRDCSim</Type>
      </Channel>
      <Channel>
         <Name>FlangeInWorldC_StopRDCSim</Name>
         <ID>1397</ID>
         <Type>SafeRobotRDCSim</Type>
      </Channel>
      <Channel>
         <Name>FlangeInRobRootX_CmdSRAdaptedBeforeFilterAndDelay</Name>
         <ID>1448</ID>
         <Type>SafeRobotOverrideAdap</Type>
      </Channel>
      <Channel>
         <Name>FlangeInRobRootY_CmdSRAdaptedBeforeFilterAndDelay</Name>
         <ID>1449</ID>
         <Type>SafeRobotOverrideAdap</Type>
      </Channel>
      <Channel>
         <Name>FlangeInRobRootZ_CmdSRAdaptedBeforeFilterAndDelay</Name>
         <ID>1450</ID>
         <Type>SafeRobotOverrideAdap</Type>
      </Channel>
      <Channel>
         <Name>Override_CmdSRAdapted</Name>
         <ID>1456</ID>
         <Type>SafeRobotOverrideAdap</Type>
      </Channel>
      <Channel>
         <Name>CartVelTool_CmdSRAdaptedBeforeFilterAndDelay</Name>
         <ID>1457</ID>
         <Type>SafeRobotOverrideAdap</Type>
      </Channel>
      <ChannelArray>
         <Name>CartVelToolSphere_CmdSRAdaptedBeforeFilterAndDelay</Name>
         <StartCount>1</StartCount>
         <NumChannels>12</NumChannels>
         <StartID>1458</StartID>
         <Type>SafeRobotOverrideAdap</Type>
      </ChannelArray>
      <Channel>
         <Name>CartVelFlange_CmdSRAdaptedBeforeFilterAndDelay</Name>
         <ID>1470</ID>
         <Type>SafeRobotOverrideAdap</Type>
      </Channel>
      <Channel>
         <Name>FlangeInWorldX_CmdIpoBeforeFilterAndDelay</Name>
         <ID>1570</ID>
         <Type>SpeedLimitTeachMode</Type>
      </Channel>
      <Channel>
         <Name>FlangeInWorldY_CmdIpoBeforeFilterAndDelay</Name>
         <ID>1571</ID>
         <Type>SpeedLimitTeachMode</Type>
      </Channel>
      <Channel>
         <Name>FlangeInWorldZ_CmdIpoBeforeFilterAndDelay</Name>
         <ID>1572</ID>
         <Type>SpeedLimitTeachMode</Type>
      </Channel>
      <Channel>
         <Name>FlangeInWorldA_CmdIpoBeforeFilterAndDelay</Name>
         <ID>1573</ID>
         <Type>SpeedLimitTeachMode</Type>
      </Channel>
      <Channel>
         <Name>FlangeInWorldB_CmdIpoBeforeFilterAndDelay</Name>
         <ID>1574</ID>
         <Type>SpeedLimitTeachMode</Type>
      </Channel>
      <Channel>
         <Name>FlangeInWorldC_CmdIpoBeforeFilterAndDelay</Name>
         <ID>1575</ID>
         <Type>SpeedLimitTeachMode</Type>
      </Channel>
      <Channel>
         <Name>VelInWorldTCP_CmdIpoBeforeFilterAndDelay</Name>
         <ID>1576</ID>
         <Type>SpeedLimitTeachMode</Type>
      </Channel>
      <Channel>
         <Name>VelInWorldFlange_CmdIpoBeforeFilterAndDelay</Name>
         <ID>1577</ID>
         <Type>SpeedLimitTeachMode</Type>
      </Channel>
      <Channel>
         <Name>Override_CmdKooIpo</Name>
         <ID>1578</ID>
         <Type>SpeedLimitTeachMode</Type>
      </Channel>
      <Channel>
         <Name>Override_ActKooIpo</Name>
         <ID>1579</ID>
         <Type>SpeedLimitTeachMode</Type>
      </Channel>
      <ChannelArray>
         <Name>Override_CmdUnkoIpo</Name>
         <StartCount>1</StartCount>
         <NumChannels>12</NumChannels>
         <StartID>1580</StartID>
         <Type>SpeedLimitTeachMode</Type>
      </ChannelArray>
      <ChannelArray>
         <Name>Override_ActUnkoIpo</Name>
         <StartCount>1</StartCount>
         <NumChannels>12</NumChannels>
         <StartID>1604</StartID>
         <Type>SpeedLimitTeachMode</Type>
      </ChannelArray>
      <Channel>
         <Name>MotionElement</Name>
         <ID>1628</ID>
         <Type>SpeedLimitTeachMode</Type>
      </Channel>
      <Channel>
         <Name>IpoStueState</Name>
         <ID>1629</ID>
         <Type>SpeedLimitTeachMode</Type>
      </Channel>
      <Channel>
         <Name>VelRedFac_UnkoIpo</Name>
         <ID>1630</ID>
         <Type>SpeedLimitTeachMode</Type>
      </Channel>
      <Channel>
         <Name>VelRedFac_KooIpo</Name>
         <ID>1631</ID>
         <Type>SpeedLimitTeachMode</Type>
      </Channel>
      <Channel>
         <Name>VelRedFac_Feed</Name>
         <ID>1632</ID>
         <Type>SpeedLimitTeachMode</Type>
      </Channel>
      <Channel>
         <Name>OverrideRedFactor_ActUnkLin</Name>
         <ID>1633</ID>
         <Type>SpeedLimitTeachMode</Type>
      </Channel>
      <Channel>
         <Name>OverrideRedFactor_CmdUnkLin</Name>
         <ID>1634</ID>
         <Type>SpeedLimitTeachMode</Type>
      </Channel>
      <Channel>
         <Name>VelFlange_ActUnkLin</Name>
         <ID>1635</ID>
         <Type>SpeedLimitTeachMode</Type>
      </Channel>
      <Channel>
         <Name>OverrideRedFactor_ActUnkHand</Name>
         <ID>1636</ID>
         <Type>SpeedLimitTeachMode</Type>
      </Channel>
      <Channel>
         <Name>VelTCP_ActUnkHand</Name>
         <ID>1637</ID>
         <Type>SpeedLimitTeachMode</Type>
      </Channel>
      <Channel>
         <Name>VelFlange_ActUnkHand</Name>
         <ID>1638</ID>
         <Type>SpeedLimitTeachMode</Type>
      </Channel>
      <Channel>
         <Name>OverrideTCP_CmdKooT1</Name>
         <ID>1639</ID>
         <Type>SpeedLimitTeachMode</Type>
      </Channel>
      <Channel>
         <Name>OverrideFlange_CmdKooT1</Name>
         <ID>1640</ID>
         <Type>SpeedLimitTeachMode</Type>
      </Channel>
      <Channel>
         <Name>OverrideCP_CmdKooT1</Name>
         <ID>1641</ID>
         <Type>SpeedLimitTeachMode</Type>
      </Channel>
      <Channel>
         <Name>VelInWorldTCP_ActT1</Name>
         <ID>1642</ID>
         <Type>SpeedLimitTeachMode</Type>
      </Channel>
      <Channel>
         <Name>VelInWorldFlange_ActT1</Name>
         <ID>1643</ID>
         <Type>SpeedLimitTeachMode</Type>
      </Channel>
      <Channel>
         <Name>VelInWorldTCP_ActFilteredT1</Name>
         <ID>1644</ID>
         <Type>SpeedLimitTeachMode</Type>
      </Channel>
      <Channel>
         <Name>VelInWorldFlange_ActFilteredT1</Name>
         <ID>1645</ID>
         <Type>SpeedLimitTeachMode</Type>
      </Channel>
      <Channel>
         <Name>eOverrideAx_CmdKooT1</Name>
         <ID>1646</ID>
         <Type>SpeedLimitTeachMode</Type>
      </Channel>
      <Channel>
         <Name>eOverrideAxIdx_CmdKooT1</Name>
         <ID>1647</ID>
         <Type>SpeedLimitTeachMode</Type>
      </Channel>
      <Channel>
         <Name>OverrideLKfac_CmdKooT1</Name>
         <ID>1648</ID>
         <Type>SpeedLimitTeachMode</Type>
      </Channel>
      <Channel>
         <Name>FilterCounter</Name>
         <ID>1649</ID>
         <Type>IpoCommanded</Type>
      </Channel>
      <Channel>
         <Name>ApxBlendingDistance</Name>
         <ID>1650</ID>
         <Type>IpoCommanded</Type>
      </Channel>
      <Channel>
         <Name>OverrideVelAppl_CmdKoo</Name>
         <ID>1651</ID>
         <Type>IpoCommanded</Type>
      </Channel>
      <ChannelArray>
         <Name>MDR1Data</Name>
         <StartCount>1</StartCount>
         <NumChannels>32</NumChannels>
         <StartID>1750</StartID>
         <Type>MDR1</Type>
      </ChannelArray>
      <ChannelArray>
         <Name>MDR2Data</Name>
         <StartCount>1</StartCount>
         <NumChannels>32</NumChannels>
         <StartID>1782</StartID>
         <Type>MDR2</Type>
      </ChannelArray>
      <ChannelArray>
         <Name>MDR3Data</Name>
         <StartCount>1</StartCount>
         <NumChannels>32</NumChannels>
         <StartID>1814</StartID>
         <Type>MDR3</Type>
      </ChannelArray>
      <Channel>
         <Name>EMISysTime</Name>
         <ID>1846</ID>
         <Type>EMI</Type>
      </Channel>
      <Channel>
         <Name>EMILastSysTime</Name>
         <ID>1847</ID>
         <Type>EMI</Type>
      </Channel>
      <Channel>
         <Name>EMINextSysTime</Name>
         <ID>1848</ID>
         <Type>EMI</Type>
      </Channel>
      <Channel>
         <Name>Status_EMINextPosTime</Name>
         <ID>1849</ID>
         <Type>EMI</Type>
      </Channel>
      <Channel>
         <Name>Status_EMINextNegTime</Name>
         <ID>1850</ID>
         <Type>EMI</Type>
      </Channel>
      <ChannelArray>
         <Name>AxisPos_EMINextNegTime</Name>
         <StartCount>1</StartCount>
         <NumChannels>12</NumChannels>
         <StartID>1851</StartID>
         <Type>EMI</Type>
      </ChannelArray>
      <Channel>
         <Name>X_EMINextNegTime</Name>
         <ID>1875</ID>
         <Type>EMI</Type>
      </Channel>
      <Channel>
         <Name>Y_EMINextNegTime</Name>
         <ID>1876</ID>
         <Type>EMI</Type>
      </Channel>
      <Channel>
         <Name>Z_EMINextNegTime</Name>
         <ID>1877</ID>
         <Type>EMI</Type>
      </Channel>
      <Channel>
         <Name>A_EMINextNegTime</Name>
         <ID>1878</ID>
         <Type>EMI</Type>
      </Channel>
      <Channel>
         <Name>B_EMINextNegTime</Name>
         <ID>1879</ID>
         <Type>EMI</Type>
      </Channel>
      <Channel>
         <Name>C_EMINextNegTime</Name>
         <ID>1880</ID>
         <Type>EMI</Type>
      </Channel>
      <ChannelArray>
         <Name>AxisPos_EMINextPosTime</Name>
         <StartCount>1</StartCount>
         <NumChannels>12</NumChannels>
         <StartID>1881</StartID>
         <Type>EMI</Type>
      </ChannelArray>
      <Channel>
         <Name>X_EMINextPosTime</Name>
         <ID>1905</ID>
         <Type>EMI</Type>
      </Channel>
      <Channel>
         <Name>Y_EMINextPosTime</Name>
         <ID>1906</ID>
         <Type>EMI</Type>
      </Channel>
      <Channel>
         <Name>Z_EMINextPosTime</Name>
         <ID>1907</ID>
         <Type>EMI</Type>
      </Channel>
      <Channel>
         <Name>A_EMINextPosTime</Name>
         <ID>1908</ID>
         <Type>EMI</Type>
      </Channel>
      <Channel>
         <Name>B_EMINextPosTime</Name>
         <ID>1909</ID>
         <Type>EMI</Type>
      </Channel>
      <Channel>
         <Name>C_EMINextPosTime</Name>
         <ID>1910</ID>
         <Type>EMI</Type>
      </Channel>
      <Channel>
         <Name>MotionElementWarmUp</Name>
         <ID>1980</ID>
         <Type>WarmUp</Type>
      </Channel>
      <Channel>
         <Name>Override_CmdTechWarmUp</Name>
         <ID>1981</ID>
         <Type>WarmUp</Type>
      </Channel>
      <Channel>
         <Name>Override_CmdProgWarmUp</Name>
         <ID>1982</ID>
         <Type>WarmUp</Type>
      </Channel>
      <Channel>
         <Name>Override_ActWarmUp</Name>
         <ID>1983</ID>
         <Type>WarmUp</Type>
      </Channel>
      <Channel>
         <Name>WarmUpState</Name>
         <ID>1984</ID>
         <Type>WarmUp</Type>
      </Channel>
      <Channel>
         <Name>WarmUpRiseTime</Name>
         <ID>1985</ID>
         <Type>WarmUp</Type>
      </Channel>
      <Channel>
         <Name>WarmUpRunTime</Name>
         <ID>1986</ID>
         <Type>WarmUp</Type>
      </Channel>
      <Channel>
         <Name>WarmUpRobotCold</Name>
         <ID>1987</ID>
         <Type>WarmUp</Type>
      </Channel>
      <Channel>
         <Name>SplinePathParameter</Name>
         <ID>2000</ID>
         <Type>SplineInterpolator</Type>
      </Channel>
      <Channel>
         <Name>X_CmdSpl</Name>
         <ID>2001</ID>
         <Type>SplineInterpolator</Type>
      </Channel>
      <Channel>
         <Name>Y_CmdSpl</Name>
         <ID>2002</ID>
         <Type>SplineInterpolator</Type>
      </Channel>
      <Channel>
         <Name>Z_CmdSpl</Name>
         <ID>2003</ID>
         <Type>SplineInterpolator</Type>
      </Channel>
      <Channel>
         <Name>A_CmdSpl</Name>
         <ID>2004</ID>
         <Type>SplineInterpolator</Type>
      </Channel>
      <Channel>
         <Name>B_CmdSpl</Name>
         <ID>2005</ID>
         <Type>SplineInterpolator</Type>
      </Channel>
      <Channel>
         <Name>C_CmdSpl</Name>
         <ID>2006</ID>
         <Type>SplineInterpolator</Type>
      </Channel>
      <ChannelArray>
         <Name>AxisPos_CmdSpl</Name>
         <StartCount>1</StartCount>
         <NumChannels>12</NumChannels>
         <StartID>2007</StartID>
         <Type>SplineInterpolator</Type>
      </ChannelArray>
      <ChannelArray>
         <Name>AxisVel_CmdSpl</Name>
         <StartCount>1</StartCount>
         <NumChannels>12</NumChannels>
         <StartID>2019</StartID>
         <Type>SplineInterpolator</Type>
      </ChannelArray>
      <ChannelArray>
         <Name>DriveMotorTorq_CmdSpl</Name>
         <StartCount>1</StartCount>
         <NumChannels>12</NumChannels>
         <StartID>2031</StartID>
         <Type>SplineInterpolator</Type>
      </ChannelArray>
      <ChannelArray>
         <Name>AxisAcc_CmdSpl</Name>
         <StartCount>1</StartCount>
         <NumChannels>12</NumChannels>
         <StartID>2043</StartID>
         <Type>SplineInterpolator</Type>
      </ChannelArray>
      <ChannelArray>
         <Name>GearTorq_CmdSpl</Name>
         <StartCount>1</StartCount>
         <NumChannels>12</NumChannels>
         <StartID>2055</StartID>
         <Type>SplineInterpolator</Type>
      </ChannelArray>
      <Channel>
         <Name>SplineRedFac</Name>
         <ID>2079</ID>
         <Type>SplineInterpolator</Type>
      </Channel>
      <Channel>
         <Name>SplineArcLength</Name>
         <ID>2080</ID>
         <Type>SplineInterpolator</Type>
      </Channel>
      <Channel>
         <Name>CartVel_CmdSpl</Name>
         <ID>2081</ID>
         <Type>SplineInterpolator</Type>
      </Channel>
      <Channel>
         <Name>SplineIpoState</Name>
         <ID>2082</ID>
         <Type>SplineInterpolator</Type>
      </Channel>
      <Channel>
         <Name>SplineBlendingState</Name>
         <ID>2083</ID>
         <Type>SplineInterpolator</Type>
      </Channel>
      <Channel>
         <Name>Override_CmdSpl</Name>
         <ID>2084</ID>
         <Type>SplineInterpolator</Type>
      </Channel>
      <Channel>
         <Name>Override_ActSpl</Name>
         <ID>2085</ID>
         <Type>SplineInterpolator</Type>
      </Channel>
      <Channel>
         <Name>SplinePathVelocity</Name>
         <ID>2086</ID>
         <Type>SplineInterpolator</Type>
      </Channel>
      <Channel>
         <Name>SplinePathAcceleration</Name>
         <ID>2087</ID>
         <Type>SplineInterpolator</Type>
      </Channel>
      <Channel>
         <Name>Override_CmdSplineDOvMax</Name>
         <ID>2098</ID>
         <Type>SplineInterpolator</Type>
      </Channel>
      <Channel>
         <Name>Override_CmdSplineDDOvMax</Name>
         <ID>2099</ID>
         <Type>SplineInterpolator</Type>
      </Channel>
      <Channel>
         <Name>Override_CmdSplineVelRed</Name>
         <ID>2100</ID>
         <Type>Spline_VelRed</Type>
      </Channel>
      <Channel>
         <Name>MaxOverride_ActSplineVelRed</Name>
         <ID>2101</ID>
         <Type>Spline_VelRed</Type>
      </Channel>
      <Channel>
         <Name>StatusGetOverride_SplineVelRed</Name>
         <ID>2102</ID>
         <Type>Spline_VelRed</Type>
      </Channel>
      <Channel>
         <Name>OnVelLimit_SplineVelRed</Name>
         <ID>2103</ID>
         <Type>Spline_VelRed</Type>
      </Channel>
      <Channel>
         <Name>OverVelLimit_SplineVelRed</Name>
         <ID>2104</ID>
         <Type>Spline_VelRed</Type>
      </Channel>
      <Channel>
         <Name>DiffOvLinQuad_SplineVelRed</Name>
         <ID>2105</ID>
         <Type>Spline_VelRed</Type>
      </Channel>
      <Channel>
         <Name>LimCurveOverride_ActSplineVelRed</Name>
         <ID>2106</ID>
         <Type>Spline_VelRed</Type>
      </Channel>
      <Channel>
         <Name>FlangeVelLimit_SplineVelRed</Name>
         <ID>2108</ID>
         <Type>Spline_VelRed</Type>
      </Channel>
      <Channel>
         <Name>TCPVelLimit_SplineVelRed</Name>
         <ID>2109</ID>
         <Type>Spline_VelRed</Type>
      </Channel>
      <ChannelArray>
         <Name>AxisVelLimit_SplineVelRed</Name>
         <StartCount>1</StartCount>
         <NumChannels>12</NumChannels>
         <StartID>2110</StartID>
         <Type>Spline_VelRed</Type>
      </ChannelArray>
      <Channel>
         <Name>SRCartFlangeVelLimit_SplineVelRed</Name>
         <ID>2134</ID>
         <Type>Spline_VelRed</Type>
      </Channel>
      <Channel>
         <Name>SRCartToolVelLimit_SplineVelRed</Name>
         <ID>2135</ID>
         <Type>Spline_VelRed</Type>
      </Channel>
      <ChannelArray>
         <Name>SRCartToolSphereVelLimit_SplineVelRed</Name>
         <StartCount>1</StartCount>
         <NumChannels>12</NumChannels>
         <StartID>2136</StartID>
         <Type>Spline_VelRed</Type>
      </ChannelArray>
      <ChannelArray>
         <Name>SRAxisVelLimit_SplineVelRed</Name>
         <StartCount>1</StartCount>
         <NumChannels>12</NumChannels>
         <StartID>2148</StartID>
         <Type>Spline_VelRed</Type>
      </ChannelArray>
      <Channel>
         <Name>SROvWorkspaceBBRA_SplineVelRed</Name>
         <ID>2160</ID>
         <Type>Spline_VelRed</Type>
      </Channel>
      <Channel>
         <Name>VelApplLimit_SplineVelRed</Name>
         <ID>2161</ID>
         <Type>Spline_VelRed</Type>
      </Channel>
      <Channel>
         <Name>Spline_CVA_Vel_InArea</Name>
         <ID>2196</ID>
         <Type>Spline_NewMotion</Type>
      </Channel>
      <Channel>
         <Name>Spline_CVA_Vel_InAreaProgrammed</Name>
         <ID>2197</ID>
         <Type>Spline_NewMotion</Type>
      </Channel>
      <ChannelArray>
         <Name>Spline_CondStopState</Name>
         <StartCount>1</StartCount>
         <NumChannels>10</NumChannels>
         <StartID>2201</StartID>
         <Type>Spline_NewMotion</Type>
      </ChannelArray>
      <ChannelArray>
         <Name>Spline_CondStopSatzNummer</Name>
         <StartCount>1</StartCount>
         <NumChannels>10</NumChannels>
         <StartID>2211</StartID>
         <Type>Spline_NewMotion</Type>
      </ChannelArray>
      <Channel>
         <Name>SplineTauSys</Name>
         <ID>2500</ID>
         <Type>Spline_FGen</Type>
      </Channel>
      <Channel>
         <Name>SplineTauSys_FGen</Name>
         <ID>2501</ID>
         <Type>Spline_FGen</Type>
      </Channel>
      <Channel>
         <Name>X_CmdSpl_DevFGen</Name>
         <ID>2502</ID>
         <Type>Spline_FGen</Type>
      </Channel>
      <Channel>
         <Name>Y_CmdSpl_DevFGen</Name>
         <ID>2503</ID>
         <Type>Spline_FGen</Type>
      </Channel>
      <Channel>
         <Name>Z_CmdSpl_DevFGen</Name>
         <ID>2504</ID>
         <Type>Spline_FGen</Type>
      </Channel>
      <Channel>
         <Name>A_SplFGen</Name>
         <ID>2505</ID>
         <Type>Spline_FGen</Type>
      </Channel>
      <Channel>
         <Name>B_SplFGen</Name>
         <ID>2506</ID>
         <Type>Spline_FGen</Type>
      </Channel>
      <Channel>
         <Name>C_SplFGen</Name>
         <ID>2507</ID>
         <Type>Spline_FGen</Type>
      </Channel>
      <Channel>
         <Name>SplineMasterArr_FGen</Name>
         <ID>2508</ID>
         <Type>Spline_FGen</Type>
      </Channel>
      <Channel>
         <Name>SplineDiscontArcLength_FGen</Name>
         <ID>2509</ID>
         <Type>Spline_FGen</Type>
      </Channel>
      <Channel>
         <Name>SplineDiscontTauSys_FGen</Name>
         <ID>2510</ID>
         <Type>Spline_FGen</Type>
      </Channel>
      <Channel>
         <Name>SplineDiscontSAct_FGen</Name>
         <ID>2511</ID>
         <Type>Spline_FGen</Type>
      </Channel>
      <Channel>
         <Name>SplineArcLengthMax_FGen</Name>
         <ID>2512</ID>
         <Type>Spline_FGen</Type>
      </Channel>
      <ChannelArray>
         <Name>SplineMultiDimArrLocDist_FGen</Name>
         <StartCount>1</StartCount>
         <NumChannels>6</NumChannels>
         <StartID>2513</StartID>
         <Type>Spline_FGen</Type>
      </ChannelArray>
      <ChannelArray>
         <Name>SplineMultiDimArrStatus_FGen</Name>
         <StartCount>1</StartCount>
         <NumChannels>6</NumChannels>
         <StartID>2531</StartID>
         <Type>Spline_FGen</Type>
      </ChannelArray>
      <ChannelArray>
         <Name>SplineMultiDimArrStopAct_FGen</Name>
         <StartCount>1</StartCount>
         <NumChannels>6</NumChannels>
         <StartID>2549</StartID>
         <Type>Spline_FGen</Type>
      </ChannelArray>
      <ChannelArray>
         <Name>SplineMultiDimArrState_FGen</Name>
         <StartCount>1</StartCount>
         <NumChannels>6</NumChannels>
         <StartID>2567</StartID>
         <Type>Spline_FGen</Type>
      </ChannelArray>
      <ChannelArray>
         <Name>SplineMultiDimArrNextDev_FGen</Name>
         <StartCount>1</StartCount>
         <NumChannels>6</NumChannels>
         <StartID>2585</StartID>
         <Type>Spline_FGen</Type>
      </ChannelArray>
      <ChannelArray>
         <Name>SplineMultiDimArrMaxPara_FGen</Name>
         <StartCount>1</StartCount>
         <NumChannels>6</NumChannels>
         <StartID>2603</StartID>
         <Type>Spline_FGen</Type>
      </ChannelArray>
      <ChannelArray>
         <Name>SplineTechVal_FGen</Name>
         <StartCount>1</StartCount>
         <NumChannels>6</NumChannels>
         <StartID>2621</StartID>
         <Type>Spline_FGen</Type>
      </ChannelArray>
      <ChannelArray>
         <Name>SplineMasterTechValFac_FGen</Name>
         <StartCount>1</StartCount>
         <NumChannels>6</NumChannels>
         <StartID>2639</StartID>
         <Type>Spline_FGen</Type>
      </ChannelArray>
      <Channel>
         <Name>SplineIpoState_TTS</Name>
         <ID>2657</ID>
         <Type>Spline_FGen</Type>
      </Channel>
      <Channel>
         <Name>A_SplTTS</Name>
         <ID>2658</ID>
         <Type>Spline_FGen</Type>
      </Channel>
      <Channel>
         <Name>B_SplTTS</Name>
         <ID>2659</ID>
         <Type>Spline_FGen</Type>
      </Channel>
      <Channel>
         <Name>C_SplTTS</Name>
         <ID>2660</ID>
         <Type>Spline_FGen</Type>
      </Channel>
      <Channel>
         <Name>SplineHAPBasePosPlusStandard_X</Name>
         <ID>2661</ID>
         <Type>Spline_FGen</Type>
      </Channel>
      <Channel>
         <Name>SplineHAPBasePosPlusStandard_Y</Name>
         <ID>2662</ID>
         <Type>Spline_FGen</Type>
      </Channel>
      <Channel>
         <Name>SplineHAPBasePosPlusStandard_Z</Name>
         <ID>2663</ID>
         <Type>Spline_FGen</Type>
      </Channel>
      <Channel>
         <Name>SplineHAPLengthHpWz</Name>
         <ID>2664</ID>
         <Type>Spline_FGen</Type>
      </Channel>
      <Channel>
         <Name>SplineHAPLengthAusl</Name>
         <ID>2665</ID>
         <Type>Spline_FGen</Type>
      </Channel>
      <Channel>
         <Name>SplineHAPBeta</Name>
         <ID>2666</ID>
         <Type>Spline_FGen</Type>
      </Channel>
      <Channel>
         <Name>SplineHAPGamma</Name>
         <ID>2667</ID>
         <Type>Spline_FGen</Type>
      </Channel>
      <Channel>
         <Name>SplineHAPKombiState</Name>
         <ID>2668</ID>
         <Type>Spline_FGen</Type>
      </Channel>
      <Channel>
         <Name>SplineHAPKombiFac</Name>
         <ID>2669</ID>
         <Type>Spline_FGen</Type>
      </Channel>
      <ChannelArray>
         <Name>AxisVel_CmdIpo</Name>
         <StartCount>1</StartCount>
         <NumChannels>12</NumChannels>
         <StartID>2800</StartID>
         <Type>IpoVelocities</Type>
      </ChannelArray>
      <ChannelArray>
         <Name>AxisVel_Act</Name>
         <StartCount>1</StartCount>
         <NumChannels>12</NumChannels>
         <StartID>2824</StartID>
         <Type>IpoVelocities</Type>
      </ChannelArray>
      <ChannelArray>
         <Name>AxisVel_CmdIpoAfterFilterAndBeforeDelay</Name>
         <StartCount>1</StartCount>
         <NumChannels>12</NumChannels>
         <StartID>2848</StartID>
         <Type>IpoVelocities</Type>
      </ChannelArray>
      <ChannelArray>
         <Name>AxisVel_CmdIpoBeforeFilterAndDelay</Name>
         <StartCount>1</StartCount>
         <NumChannels>12</NumChannels>
         <StartID>2872</StartID>
         <Type>IpoVelocities</Type>
      </ChannelArray>
      <Channel>
         <Name>CartVel_CmdIpo</Name>
         <ID>2896</ID>
         <Type>IpoVelocities</Type>
      </Channel>
      <Channel>
         <Name>CartVel_Act</Name>
         <ID>2897</ID>
         <Type>IpoVelocities</Type>
      </Channel>
      <Channel>
         <Name>CartVel_CmdIpoAfterFilterAndBeforeDelay</Name>
         <ID>2898</ID>
         <Type>IpoVelocities</Type>
      </Channel>
      <Channel>
         <Name>CartVel_CmdIpoBeforeFilterAndDelay</Name>
         <ID>2899</ID>
         <Type>IpoVelocities</Type>
      </Channel>
      <Channel>
         <Name>Override_Cmd</Name>
         <ID>2900</ID>
         <Type>IpoVelocities</Type>
      </Channel>
      <Channel>
         <Name>Override_Tech</Name>
         <ID>2901</ID>
         <Type>IpoVelocities</Type>
      </Channel>
      <Channel>
         <Name>Override_CmdxTech</Name>
         <ID>2902</ID>
         <Type>IpoVelocities</Type>
      </Channel>
      <Channel>
         <Name>Override_Act</Name>
         <ID>2903</ID>
         <Type>IpoVelocities</Type>
      </Channel>
      <Channel>
         <Name>Override_ActError</Name>
         <ID>2904</ID>
         <Type>IpoVelocities</Type>
      </Channel>
      <Channel>
         <Name>Override_Application</Name>
         <ID>2905</ID>
         <Type>IpoVelocities</Type>
      </Channel>
      <Channel>
         <Name>Override_ActLim</Name>
         <ID>2906</ID>
         <Type>IpoVelocities</Type>
      </Channel>
         <Channel>
         <Name>OriVel_CmdIpo</Name>
         <ID>2907</ID>
         <Type>IpoVelocities</Type>
      </Channel>
      <Channel>
         <Name>OriVel_Act</Name>
         <ID>2908</ID>
         <Type>IpoVelocities</Type>
      </Channel>
      <Channel>
         <Name>OriVel_CmdIpoAfterFilterAndBeforeDelay</Name>
         <ID>2909</ID>
         <Type>IpoVelocities</Type>
      </Channel>
      <Channel>
         <Name>OriVel_CmdIpoBeforeFilterAndDelay</Name>
         <ID>2910</ID>
         <Type>IpoVelocities</Type>
      </Channel>
      <ChannelArray>
         <Name>OverrideUnko_Act</Name>
         <StartCount>1</StartCount>
         <NumChannels>12</NumChannels>
         <StartID>2912</StartID>
         <Type>IpoVelocities</Type>
      </ChannelArray>
      <ChannelArray>
         <Name>OverrideUnko_ActError</Name>
         <StartCount>1</StartCount>
         <NumChannels>12</NumChannels>
         <StartID>2936</StartID>
         <Type>IpoVelocities</Type>
      </ChannelArray>
      <Channel>
         <Name>Override_RedVelProgram</Name>
         <ID>2960</ID>
         <Type>IpoVelocities</Type>
      </Channel>
      <Channel>
         <Name>Override_RedFacAct</Name>
         <ID>2961</ID>
         <Type>IpoVelocities</Type>
      </Channel>
      <Channel>
         <Name>Override_Display</Name>
         <ID>2962</ID>
         <Type>IpoVelocities</Type>
      </Channel>
      <Channel>
         <Name>Override_AsyncPTP</Name>
         <ID>2963</ID>
         <Type>IpoVelocities</Type>
      </Channel>
      <ChannelArray>
         <Name>Override_AsyncJOG_E</Name>
         <StartCount>1</StartCount>
         <NumChannels>6</NumChannels>
         <StartID>2964</StartID>
         <Type>IpoVelocities</Type>
      </ChannelArray>
      <Channel>
         <Name>AsyncExAxDecouple</Name>
         <ID>3000</ID>
         <Type>ForceControl</Type>
      </Channel>
      <Channel>
         <Name>ForceControlActive</Name>
         <ID>3001</ID>
         <Type>ForceControl</Type>
      </Channel>
      <Channel>
         <Name>ForceModeOff</Name>
         <ID>3002</ID>
         <Type>ForceControl</Type>
      </Channel>
      <Channel>
         <Name>ForceModeOn</Name>
         <ID>3003</ID>
         <Type>ForceControl</Type>
      </Channel>
      <Channel>
         <Name>ForceControlForProg</Name>
         <ID>3004</ID>
         <Type>ForceControl</Type>
      </Channel>
      <Channel>
         <Name>ForceControlledAxes</Name>
         <ID>3005</ID>
         <Type>ForceControl</Type>
      </Channel>
      <Channel>
         <Name>ForceControlMode</Name>
         <ID>3006</ID>
         <Type>ForceControl</Type>
      </Channel>
      <ChannelArray>
         <Name>ForceTarget</Name>
         <StartCount>1</StartCount>
         <NumChannels>6</NumChannels>
         <StartID>3013</StartID>
         <Type>ForceControl</Type>
      </ChannelArray>
      <ChannelArray>
         <Name>ForceLimit</Name>
         <StartCount>1</StartCount>
         <NumChannels>6</NumChannels>
         <StartID>3031</StartID>
         <Type>ForceControl</Type>
      </ChannelArray>
      <ChannelArray>
         <Name>ForceMax</Name>
         <StartCount>1</StartCount>
         <NumChannels>6</NumChannels>
         <StartID>3049</StartID>
         <Type>ForceControl</Type>
      </ChannelArray>
      <ChannelArray>
         <Name>ForceActVal</Name>
         <StartCount>1</StartCount>
         <NumChannels>6</NumChannels>
         <StartID>3067</StartID>
         <Type>ForceControl</Type>
      </ChannelArray>
      <ChannelArray>
         <Name>ForceActInc</Name>
         <StartCount>1</StartCount>
         <NumChannels>6</NumChannels>
         <StartID>3085</StartID>
         <Type>ForceControl</Type>
      </ChannelArray>
      <ChannelArray>
         <Name>ForceControlState</Name>
         <StartCount>1</StartCount>
         <NumChannels>6</NumChannels>
         <StartID>3103</StartID>
         <Type>ForceControl</Type>
      </ChannelArray>
      <ChannelArray>
         <Name>DecoupleState</Name>
         <StartCount>1</StartCount>
         <NumChannels>6</NumChannels>
         <StartID>3121</StartID>
         <Type>ForceControl</Type>
      </ChannelArray>
      <Channel>
         <Name>EnergyActPowerValue</Name>
         <ID>3200</ID>
         <Type>EnergyData</Type>
      </Channel>
      <Channel>
         <Name>EnergyActLostPowerValue</Name>
         <ID>3201</ID>
         <Type>EnergyData</Type>
      </Channel>
      <Channel>
         <Name>EnergyActPowerTime</Name>
         <ID>3202</ID>
         <Type>EnergyData</Type>
      </Channel>
      <Channel>
         <Name>EnergyMeasuringValue</Name>
         <ID>3203</ID>
         <Type>EnergyData</Type>
      </Channel>
      <Channel>
         <Name>LostEnergyMeasuringValue</Name>
         <ID>3204</ID>
         <Type>EnergyData</Type>
      </Channel>
      <Channel>
         <Name>EnergyMeasuringTime</Name>
         <ID>3205</ID>
         <Type>EnergyData</Type>
      </Channel>
      <Channel>
         <Name>EnergyPeriodValue</Name>
         <ID>3206</ID>
         <Type>EnergyData</Type>
      </Channel>
      <Channel>
         <Name>LostEnergyPeriodValue</Name>
         <ID>3207</ID>
         <Type>EnergyData</Type>
      </Channel>
      <Channel>
         <Name>EnergyPeriodTime</Name>
         <ID>3208</ID>
         <Type>EnergyData</Type>
      </Channel>
      <Channel>
         <Name>EnergyInterimValue</Name>
         <ID>3209</ID>
         <Type>EnergyData</Type>
      </Channel>
      <Channel>
         <Name>LostEnergyInterimValue</Name>
         <ID>3210</ID>
         <Type>EnergyData</Type>
      </Channel>
      <Channel>
         <Name>EnergyInterimTime</Name>
         <ID>3211</ID>
         <Type>EnergyData</Type>
      </Channel>
      <Channel>
         <Name>EnergyTotalValue</Name>
         <ID>3212</ID>
         <Type>EnergyData</Type>
      </Channel>
      <Channel>
         <Name>LostEnergyTotalValue</Name>
         <ID>3213</ID>
         <Type>EnergyData</Type>
      </Channel>
      <Channel>
         <Name>EnergyTotalTime</Name>
         <ID>3214</ID>
         <Type>EnergyData</Type>
      </Channel>
      <Channel>
         <Name>Utilization</Name>
         <ID>3230</ID>
         <Type>Monitoring</Type>
      </Channel>
      <Channel>
         <Name>UtilizationDrive</Name>
         <ID>3231</ID>
         <Type>Monitoring</Type>
      </Channel>
      <Channel>
         <Name>UtilizationGear</Name>
         <ID>3232</ID>
         <Type>Monitoring</Type>
      </Channel>
      <Channel>
         <Name>UtilizationGearFiltered</Name>
         <ID>3233</ID>
         <Type>Monitoring</Type>
      </Channel>
      <Channel>
         <Name>UtilizationTemp</Name>
         <ID>3234</ID>
         <Type>Monitoring</Type>
      </Channel>
      <Channel>
         <Name>UtilizationAxis</Name>
         <ID>3235</ID>
         <Type>Monitoring</Type>
      </Channel>
   </Channels>
   <Triggers>
      <Trigger0>
         <Name>Puffer voll</Name>
         <ID>0</ID>
      </Trigger0>
      <Trigger>
         <Name>Bewegungsstart</Name>
         <ID>1</ID>
      </Trigger>
      <Trigger>
         <Name>Fehler mit Stoppbedingung</Name>
         <ID>2</ID>
      </Trigger>
      <Trigger>
         <Name>IPO im Nachlauf</Name>
         <ID>3</ID>
      </Trigger>
      <Trigger>
         <Name>Fehlernummer</Name>
         <ID>4</ID>
         <Param1 Name="Fehlernummer"/>
      </Trigger>
      <Trigger>
         <Name>Variablenwert</Name>
         <ID>5</ID>
         <Param1 Name="Channel ID"><!-- Operator Type:
         0 for Channelwert >  Vergleichswert1
         1 for Channelwert <  Vergleichswert1
         2 for Channelwert >= Vergleichswert1
         3 for Channelwert <= Vergleichswert1
         4 for Channelwert == Vergleichswert1
         5 for Channelwert != Vergleichswert1
         6 for Vergleichswert1 < Channelwert < Vergleichswert2 --></Param1>
         <Param2 Name="Operator Type"/>
         <Param3 Name="Vergleichswert1"/>
         <Param4 Name="Vergleichswert2"/>
      </Trigger>
      <Trigger>
         <Name>PosLogTrigger</Name>
         <ID>6</ID>
      </Trigger>
   </Triggers>
</Trace>