<?xml version="1.0" encoding="UTF-8"?>
<Trace xmlns:xsi="http://www.w3.org/2001/XMLSchema-instance" xsi:noNamespaceSchemaLocation="/Roboter/Config/System/Common/Schemes/TraceFeatures.xsd">
   <Name>KRCSensor</Name>
   <Version>1</Version>
   <Format>r64</Format>
   <Rates>
      <Rate>4000</Rate>
   </Rates>
   <Channels>
      <ChannelArray>
         <Name>PTPosValid</Name>
         <StartCount>1</StartCount>
         <NumChannels>5</NumChannels>
         <StartID>1</StartID>
         <Type>Sensor</Type>
      </ChannelArray>
      <ChannelArray>
         <Name>PTCounter</Name>
         <StartCount>1</StartCount>
         <NumChannels>5</NumChannels>
         <StartID>6</StartID>
         <Type>Sensor</Type>
      </ChannelArray>
      <ChannelArray>
         <Name>PTActPosition</Name>
         <StartCount>1</StartCount>
         <NumChannels>5</NumChannels>
         <StartID>11</StartID>
         <Type>Sensor</Type>
      </ChannelArray>
      <ChannelArray>
         <Name>PTMeasuredPosition</Name>
         <StartCount>1</StartCount>
         <NumChannels>5</NumChannels>
         <StartID>16</StartID>
         <Type>Sensor</Type>
      </ChannelArray>
   </Channels>
   <Triggers>
      <Trigger0>
        <Name>Puffer voll</Name>
        <ID>0</ID>
      </Trigger0>
   </Triggers>
</Trace>