<?xml version="1.0" encoding="UTF-8"?>
<!-- Ohne XMLSpy v2007 sp1 bearbeitet (http://www.altova.com) von Holger Tronnier (KUKA Roboter GMBH) -->
<Trace xmlns:xsi="http://www.w3.org/2001/XMLSchema-instance" xsi:noNamespaceSchemaLocation="/Roboter/Config/System/Common/Schemes/TraceFeatures.xsd">
   <Name>MCAxes</Name>
   <Version>1</Version>
   <Format>r64</Format>
   <Rates>
      <Rate>4000</Rate>
   </Rates>
   <Channels>
      <!-- Axis data -->
      <Channel>
         <Name>Active position (active position acs)</Name>
         <ID>2</ID>
         <Type>Position</Type>
      </Channel>
      <Channel>
         <Name>Current position (current position acs)</Name>
         <ID>3</ID>
         <Type>Position</Type>
      </Channel>
      <Channel>
         <Name>End position (end position acs)</Name>
         <ID>4</ID>
         <Type>Position</Type>
      </Channel>
      <Channel>
         <Name>Active feedrate</Name>
         <ID>5</ID>
         <Type>Velocity</Type>
      </Channel>
      <Channel>
         <Name>Current feedrate</Name>
         <ID>6</ID>
         <Type>Velocity</Type>
      </Channel>
      <Channel>
         <Name>Feedrate Override (cmd feedrate override)</Name>
         <ID>13</ID>
         <Type>Level</Type>
      </Channel>
      <Channel>
         <Name>Position lag</Name>
         <ID>16</ID>
         <Type>Position</Type>
      </Channel>
   </Channels>
   <Triggers>
      <Trigger0>
         <Name>Puffer voll</Name>
         <ID>0</ID>
      </Trigger0>
   </Triggers>
</Trace>