<?xml version="1.0" encoding="UTF-8"?>
<!-- Mit XMLSpy v2007 sp1 bearbeitet (http://www.altova.com) von Franz Pecher (KUKA Deutschland GmbH) -->
<Trace xmlns:xsi="http://www.w3.org/2001/XMLSchema-instance" xsi:noNamespaceSchemaLocation="../Schemes/TraceFeatures.xsd">
   <Name>MSAxis</Name>
   <Version>1</Version>
   <Format>r64</Format>
   <Rates>
      <Rate>4000</Rate>
   </Rates>
   <Channels>
      <Channel>
         <Name>CmdPosIpo</Name>
         <ID>1</ID>
         <Type>MS_Drive</Type>
      </Channel>
      <Channel>
         <Name>CmdPosMaster</Name>
         <ID>2</ID>
         <Type>MS_Drive</Type>
      </Channel>
      <Channel>
         <Name>CmdPosSlave1</Name>
         <ID>3</ID>
         <Type>MS_Drive</Type>
      </Channel>
      <Channel>
         <Name>CmdPosSlave2</Name>
         <ID>4</ID>
         <Type>MS_Drive</Type>
      </Channel>
      <Channel>
         <Name>CmdPosSlave3</Name>
         <ID>5</ID>
         <Type>MS_Drive</Type>
      </Channel>
      <Channel>
         <Name>ActPosAT</Name>
         <ID>6</ID>
         <Type>MS_Drive</Type>
      </Channel>
      <Channel>
         <Name>ActPosMaster</Name>
         <ID>7</ID>
         <Type>MS_Drive</Type>
      </Channel>
      <Channel>
         <Name>ActPosSlave1</Name>
         <ID>8</ID>
         <Type>MS_Drive</Type>
      </Channel>
      <Channel>
         <Name>ActPosSlave2</Name>
         <ID>9</ID>
         <Type>MS_Drive</Type>
      </Channel>
      <Channel>
         <Name>ActPosSlave3</Name>
         <ID>10</ID>
         <Type>MS_Drive</Type>
      </Channel>
      <Channel>
         <Name>PosLagAT</Name>
         <ID>11</ID>
         <Type>MS_Drive</Type>
      </Channel>
      <Channel>
         <Name>PosLagMaster</Name>
         <ID>12</ID>
         <Type>MS_Drive</Type>
      </Channel>
      <Channel>
         <Name>PosLagSlave1</Name>
         <ID>13</ID>
         <Type>MS_Drive</Type>
      </Channel>
      <Channel>
         <Name>PosLagSlave2</Name>
         <ID>14</ID>
         <Type>MS_Drive</Type>
      </Channel>
      <Channel>
         <Name>PosLagSlave3</Name>
         <ID>15</ID>
         <Type>MS_Drive</Type>
      </Channel>
      <Channel>
         <Name>CmdVelIpo</Name>
         <ID>16</ID>
         <Type>MS_Drive</Type>
      </Channel>
      <Channel>
         <Name>CmdVelMaster</Name>
         <ID>17</ID>
         <Type>MS_Drive</Type>
      </Channel>
      <Channel>
         <Name>CmdVelSlave1</Name>
         <ID>18</ID>
         <Type>MS_Drive</Type>
      </Channel>
      <Channel>
         <Name>CmdVelSlave2</Name>
         <ID>19</ID>
         <Type>MS_Drive</Type>
      </Channel>
      <Channel>
         <Name>CmdVelSlave3</Name>
         <ID>20</ID>
         <Type>MS_Drive</Type>
      </Channel>
      <Channel>
         <Name>ActVelAT</Name>
         <ID>21</ID>
         <Type>MS_Drive</Type>
      </Channel>
      <Channel>
         <Name>ActVelMaster</Name>
         <ID>22</ID>
         <Type>MS_Drive</Type>
      </Channel>
      <Channel>
         <Name>ActVelSlave1</Name>
         <ID>23</ID>
         <Type>MS_Drive</Type>
      </Channel>
      <Channel>
         <Name>ActVelSlave2</Name>
         <ID>24</ID>
         <Type>MS_Drive</Type>
      </Channel>
      <Channel>
         <Name>ActVelSlave3</Name>
         <ID>25</ID>
         <Type>MS_Drive</Type>
      </Channel>
      <Channel>
         <Name>CmdTorqIpo</Name>
         <ID>26</ID>
         <Type>MS_Drive</Type>
      </Channel>
      <Channel>
         <Name>CmdTorqMaster</Name>
         <ID>27</ID>
         <Type>MS_Drive</Type>
      </Channel>
      <Channel>
         <Name>CmdTorqSlave1</Name>
         <ID>28</ID>
         <Type>MS_Drive</Type>
      </Channel>
      <Channel>
         <Name>CmdTorqSlave2</Name>
         <ID>29</ID>
         <Type>MS_Drive</Type>
      </Channel>
      <Channel>
         <Name>CmdTorqSlave3</Name>
         <ID>30</ID>
         <Type>MS_Drive</Type>
      </Channel>
      <Channel>
         <Name>ActTorqAT</Name>
         <ID>31</ID>
         <Type>MS_Drive</Type>
      </Channel>
      <Channel>
         <Name>ActTorqMaster</Name>
         <ID>32</ID>
         <Type>MS_Drive</Type>
      </Channel>
      <Channel>
         <Name>ActTorqSlave1</Name>
         <ID>33</ID>
         <Type>MS_Drive</Type>
      </Channel>
      <Channel>
         <Name>ActTorqSlave2</Name>
         <ID>34</ID>
         <Type>MS_Drive</Type>
      </Channel>
      <Channel>
         <Name>ActTorqSlave3</Name>
         <ID>35</ID>
         <Type>MS_Drive</Type>
      </Channel>
      <Channel>
         <Name>CmdValidityIpo</Name>
         <ID>36</ID>
         <Type>MS_Drive</Type>
      </Channel>
      <Channel>
         <Name>ActValidityAT</Name>
         <ID>37</ID>
         <Type>MS_Drive</Type>
      </Channel>
   </Channels>

   <Triggers>
      <Trigger0>
        <Name>Puffer voll</Name>
        <ID>0</ID>
      </Trigger0>
   </Triggers>
</Trace>