<?xml version="1.0" encoding="UTF-8"?>
<!-- Mit XMLSpy v2007 sp1 bearbeitet (http://www.altova.com) von Franz Pecher (KUKA Deutschland GmbH) -->
<Trace xmlns:xsi="http://www.w3.org/2001/XMLSchema-instance" xsi:noNamespaceSchemaLocation="../Schemes/TraceFeatures.xsd">
   <Name>NextGenSensor</Name>
   <Version>2</Version>
   <Format>r64</Format>
   <Rates>
      <Rate>4000</Rate>
      <Rate>1000</Rate>
      <Rate>12000</Rate>
   </Rates>
   <Channels>
      <Channel>
         <Name>Istposition</Name>
         <ID>1</ID>
         <Type>AT_Drive</Type>
      </Channel>
      <Channel>
         <Name>IstpositionValidFlag</Name>
         <ID>2</ID>
         <Type>AT_Drive</Type>
      </Channel>
      <Channel>
         <Name>IstpositionPositionStatus</Name>
         <ID>3</ID>
         <Type>AT_Drive</Type>
      </Channel>
   </Channels>
   <Triggers>
      <Trigger0>
         <Name>Puffer voll</Name>
         <ID>0</ID>
      </Trigger0>
   </Triggers>
</Trace>