<?xml version="1.0" encoding="UTF-8"?>
<!-- Mit XMLSpy v2007 sp1 bearbeitet (http://www.altova.com) von Franz Pecher (KUKA Deutschland GmbH) -->
<Trace xmlns:xsi="http://www.w3.org/2001/XMLSchema-instance" xsi:noNamespaceSchemaLocation="../Schemes/TraceFeatures.xsd">
   <Name>NextGen</Name>
   <Version>8</Version>
   <Format>r64</Format>
   <Rates>
      <Rate>4000</Rate>
      <Rate>1000</Rate>
      <Rate>12000</Rate>
      <Rate>500000</Rate>
      <Rate>1000000</Rate>
      <Rate>2000000</Rate>
   </Rates>
   <Channels>
      <Channel>
         <Name>CycleCount Antriebstreiber</Name>
         <ID>1</ID>
         <Type>AT_Common</Type>
      </Channel>
      <Channel>
         <Name>CycleCount Controller Framework</Name>
         <ID>2</ID>
         <Type>AT_Common</Type>
      </Channel>
      <Channel>
         <Name>System Ready</Name>
         <ID>4</ID>
         <Type>AT_Common</Type>
      </Channel>
      <ChannelArray>
         <Name>MotorTemp</Name>
         <StartCount>1</StartCount>
         <NumChannels>32</NumChannels>
         <StartID>200</StartID>
         <Type>AT_LowFreq</Type>
      </ChannelArray>
      <ChannelArray>
         <Name>DriveLoad</Name>
         <StartCount>1</StartCount>
         <NumChannels>32</NumChannels>
         <StartID>300</StartID>
         <Type>AT_LowFreq</Type>
      </ChannelArray>
      <ChannelArray>
         <Name>SupplyLoad</Name>
         <StartCount>1</StartCount>
         <NumChannels>16</NumChannels>
         <StartID>400</StartID>
         <Type>AT_LowFreq</Type>
      </ChannelArray>
   </Channels>
   <Triggers>
      <Trigger0>
        <Name>Puffer voll</Name>
        <ID>0</ID>
      </Trigger0>
   </Triggers>
</Trace>