<?xml version="1.0" encoding="UTF-8"?>
<!-- Mit XMLSpy v2007 sp1 bearbeitet (http://www.altova.com) von Franz Pecher (KUKA Deutschland GmbH) -->
<Trace xmlns:xsi="http://www.w3.org/2001/XMLSchema-instance" xsi:noNamespaceSchemaLocation="../Schemes/TraceFeatures.xsd">
   <Name>NGSharedOChannel</Name>
   <Version>1</Version>
   <Format>r64</Format>
   <Rates>
      <Rate>125</Rate>
      <Rate>250</Rate>
      <Rate>500</Rate>
      <Rate>1000</Rate>
      <Rate>2000</Rate>
      <Rate>4000</Rate>
      <Rate>12000</Rate>
   </Rates>
   <Channels>
      <Channel>
         <Name>Global Cycle Count</Name>
         <ID>1</ID>
         <Type>Count</Type>
      </Channel>
      <Channel>
         <Name>Error Flags</Name>
         <ID>10</ID>
         <Type>Flags</Type>
      </Channel>
      <Channel>
         <Name>Info Flags</Name>
         <ID>150</ID>
         <Type>Flags</Type>
      </Channel>
      <Channel>
         <Name>IRQ to ISR Start Diff</Name>
         <ID>20</ID>
         <Type>Seconds</Type>
      </Channel>
      <Channel>
         <Name>Start Cycle Diff</Name>
         <ID>40</ID>
         <Type>Seconds</Type>
      </Channel>
      <Channel>
         <Name>Ecat T1 Send Diff</Name>
         <ID>60</ID>
         <Type>Seconds</Type>
      </Channel>
      <Channel>
         <Name>Control End Diff</Name>
         <ID>70</ID>
         <Type>Timestamp</Type>
      </Channel>
      <Channel>
         <Name>Comm End Diff</Name>
         <ID>72</ID>
         <Type>Timestamp</Type>
      </Channel>
      <Channel>
         <Name>ECAT Agent End Diff</Name>
         <ID>76</ID>
         <Type>Timestamp</Type>
      </Channel>
      <Channel>
         <Name>Tick Cycle End Diff</Name>
         <ID>80</ID>
         <Type>Seconds</Type>
      </Channel>
      <Channel>
         <Name>Tock Cycle End Diff</Name>
         <ID>90</ID>
         <Type>Seconds</Type>
      </Channel>
   </Channels>
   <Triggers>
      <Trigger0>
         <Name>Puffer voll</Name>
         <ID>0</ID>
      </Trigger0>
      <Trigger>
         <!--
            Trigger auf System-Trace-Daten.
            Param1: System Trace Item ID wie oben unter Channels spezifiziert
            Param2: Triggerfunktionstyp:
               0 = trigger never
               1 = trigger always
               2 = trigger if value changes
               3 = trigger if value equals absolut value
               4 = trigger if value isn't equal absolut value
               5 = trigger if value is greater than absolut value
               6 = trigger if value is less than absolut value
               7 = trigger if value goes up
               8 = trigger if value goes down
               9 = trigger if value & absolute value
               10 = trigger if (value & absolute value) != absolute value
            Param3: Vergleichswert fuer Triggerfunktion (soweit anwendbar)
         -->
         <Name>Daten Trigger</Name>
         <ID>1</ID>
         <Param1 Name="Channel-ID"/>
         <Param2 Name="Triggerfunktionstyp"/>
         <Param3 Name="Vergleichswert"/>
      </Trigger>
   </Triggers>
</Trace>
