<?xml version="1.0" encoding="utf-8"?>
<ConfigPersistentData xmlns:xsi="http://www.w3.org/2001/XMLSchema-instance" xmlns:xsd="http://www.w3.org/2001/XMLSchema">
  <general>
    <rebootCount>23</rebootCount>
    <version>9.0.0.0</version>
  </general>
  <CrashCount>2</CrashCount>
  <GracefulShutdown>false</GracefulShutdown>
  <AccuTestLastRun>2022-01-31T11:32:58.4489706+01:00</AccuTestLastRun>
  <AccuTestFailed>false</AccuTestFailed>
  <AccuTestFailureCount>0</AccuTestFailureCount>
  <LastStartTimeAfterPowerOff>2022-01-25T08:08:47.8985558+01:00</LastStartTimeAfterPowerOff>
  <LastShutdownPowerOff>false</LastShutdownPowerOff>
  <LastExtPowerLoss>2021-10-28T07:01:47.9371102+02:00</LastExtPowerLoss>
</ConfigPersistentData>