<?xml version="1.0" encoding="UTF-8"?>
<ConditionalEventDef version="1.0" xmlns:xsi="http://www.w3.org/2001/XMLSchema-instance" xsi:noNamespaceSchemaLocation="./Schemes/CEventDef.xsd">

  <ContentVersion>1.0</ContentVersion>

  <Event uid="1" name="TestEvent" timePrecision="1ms">
	 <Signal type="uint8">
		<Interpreter type="Enum">
         <Enum>
            <Name resKey="Test_uint8" />
            <Index value="0">
               <Text resKey="Bad"/>
            </Index>
            <Index value="1">
               <Text resKey="Good"/>
            </Index>
            <Index value="2">
               <Text resKey="Perfect"/>
            </Index>
         </Enum>
      </Interpreter>
	 </Signal>
	 <Signal type="string">
	 </Signal>
  </Event>

  <!-- Condition Monitoring Events 100-199 von KRC.o -->
  <Event uid="100" name="RobotPowerBrakeState" timePrecision="10ms">
	 <Signal type="uint8">
		<Interpreter type="Enum">
         <Enum>
            <Name resKey="RobotPowerBrakeState" />
            <Index value="1">
               <Text resKey="DrivesOff"/>
            </Index>
            <Index value="2">
               <Text resKey="DrivesOn"/>
            </Index>
            <Index value="3">
               <Text resKey="ReadyToMove"/>
            </Index>
            <Index value="4">
               <Text resKey="InMotion"/>
            </Index>
            
         </Enum>
      </Interpreter>
	 </Signal>
  </Event>
  <Event uid="101" name="ActiveCommandsLocked" timePrecision="10ms">
	 <Signal type="uint8">
		<Interpreter type="Enum">
         <Enum>
            <Name resKey="ActiveCommandsLocked" />
            <NoResult resKey="True"/>
            <Index value="0">
               <Text resKey="False"/>
            </Index>
         </Enum>
      </Interpreter>
	 </Signal>
  </Event>
  
  <Event uid="102" name="RobotBrakeState" timePrecision="10ms">
	 <Signal type="uint8">
		<Interpreter type="Enum">
         <Enum>
            <Name resKey="RobotBrakeState" />
            <Index value="1">
               <Text resKey="BT_UNTESTED"/>
            </Index>
            <Index value="2">
               <Text resKey="BT_UNKNOWN"/>
            </Index>
            <Index value="3">
               <Text resKey="BT_ERROR"/>
            </Index>
            <Index value="4">
               <Text resKey="BT_WARNING"/>
            </Index>
            <Index value="5">
               <Text resKey="BT_EXCESSIVE"/>
            </Index>
            <Index value="6">
               <Text resKey="BT_MAXUNKNOWN"/>
            </Index>
            <Index value="7">
               <Text resKey="BT_READY"/>
            </Index>
         </Enum>
      </Interpreter>
	 </Signal>
  </Event>
  <Event uid="103" name="BraktestSignals" timePrecision="10ms">
	 <!--  Bit 0 BraktestRequired         
			  Bit 1 BraketestMonTimeExceeded 
			  Bit 2 BraketestBrakesOK        
			  Bit 3 BraketestWarning                    
		  -->
	 <Signal type="uint8">
		<Interpreter type="Bitfield">
         <Bitfield>
            <!-- bit 0: BraketestRequired -->
            <Value hexMask="01">
               <Name resKey="BraketestRequired"/>
               <NoResult resKey="No"/>
               <Result hexValue="01">
                  <Text resKey="Yes"/>
               </Result>
            </Value>
            <!-- bit 1: BraketestMonTimeExceeded -->
            <Value hexMask="02">
               <Name resKey="Braketest monitoring time exceeded"/>
               <NoResult resKey="No"/>
               <Result hexValue="02">
                  <Text resKey="Yes"/>
               </Result>
            </Value>
            <!-- bit 2: BraketestBrakesOK -->
            <Value hexMask="04">
               <Name resKey="Braketest: Brakes Ok"/>
               <NoResult resKey="No"/>
               <Result hexValue="04">
                  <Text resKey="Yes"/>
               </Result>
            </Value>
            <!-- bit 3: BraketestWarning -->
            <Value hexMask="08">
               <Name resKey="Braketest warning"/>
               <NoResult resKey="No"/>
               <Result hexValue="08">
                  <Text resKey="Yes"/>
               </Result>
            </Value>
         </Bitfield>
      </Interpreter>
	 </Signal>
  </Event>

  <Event uid="104" name="ProgramState" timePrecision="10ms">
    <Signal type="uint8">
      <Interpreter type="Enum">
         <Enum>
            <Name resKey="RINTProgramState" />
            <Index value="1">
               <Text resKey="P_FREE"/>
            </Index>
            <Index value="2">
               <Text resKey="P_RESET"/>
            </Index>
            <Index value="3">
               <Text resKey="P_AKTIV"/>
            </Index>
            <Index value="4">
               <Text resKey="P_STOP"/>
            </Index>
            <Index value="5">
               <Text resKey="P_ENDE"/>
            </Index>
         </Enum>
      </Interpreter>
    </Signal>
  </Event>

  <Event uid="110" name="SystemMessages" timePrecision="1ms">
    <NoState/>
    <Signal type="uint16"/>
	 <Signal type="sint32"/>
	 <Signal type="uint8"/>
	 <Signal type="uint8"/>
	 <Signal type="string"/>
	 <Signal type="string"/>
	 <Signal type="string"/>
  </Event>

  <Event uid="111" name="SystemMessages_Ascii" timePrecision="1ms">
    <NoState/>
    <Signal type="uint16">
       <Interpreter type="Name">
          <Name resKey="Number"/>
       </Interpreter>
    </Signal>
	 <Signal type="sint32">
	    <Interpreter type="Name">
          <Name resKey="Id"/>
       </Interpreter>
    </Signal>
	 <Signal type="uint8">
		<Interpreter type="Enum">
         <Enum>
            <Name resKey="SystemMessage Type"/>
            <Index value="0">
               <Text resKey="Hinweis"/>
            </Index>
            <Index value="1">
               <Text resKey="Dialog"/>
            </Index>
            <Index value="2">
               <Text resKey="Quittierung"/>
            </Index>
            <Index value="3">
               <Text resKey="Zustand"/>
            </Index>
            <Index value="4">
               <Text resKey="Ereignis"/>
            </Index>
            <Index value="5">
               <Text resKey="Hinweis-Quittierung"/>
            </Index>
         </Enum>
      </Interpreter>
	 </Signal>
	 <Signal type="string">
	    <Interpreter type="Name">
          <Name resKey="SystemMessage Text"/> 
       </Interpreter>
    </Signal>
  </Event>
  
  <Event uid="112" name="SystemMessage_Delete" timePrecision="1ms">
    <NoState/>
    <Signal type="uint16">
       <Interpreter type="Name">
          <Name resKey="SystemMessage_Delete"/>
       </Interpreter>
    </Signal>
  </Event>

  <Event uid="150" name="EnergyInterim" timePrecision="10ms">
    <NoState/>
    <Signal type="float">
       <Interpreter type="Name">
         <Name resKey="Interim Time"/>
       </Interpreter>
    </Signal>
    <Signal type="float">
       <Interpreter type="Name">
         <Name resKey="Interim Energy"/>
       </Interpreter>
    </Signal>
    <Signal type="float">
       <Interpreter type="Name">
         <Name resKey="Interim LostEnergy"/>
       </Interpreter>
    </Signal>
    <Signal type="string">
       <Interpreter type="Name">
          <Name resKey="stampInformation"/> 
       </Interpreter>
    </Signal>
  </Event>

  <!-- Condition Monitoring Events 200-299 von loadDataDevice.o -->
  <Event uid="200" name="OLDCActive" timePrecision="10ms">
	 <Signal type="uint8">
		<Interpreter type="Enum">
         <Enum>
            <Name resKey="OLDCActive state"/>
            <Index value="0">
               <Text resKey="NotLoaded"/>
            </Index>
            <Index value="1">
               <Text resKey="Loaded"/>
            </Index>
            <Index value="2">
               <Text resKey="NotActive"/>
            </Index>
         </Enum>
      </Interpreter>
	 </Signal>
  </Event>
  <Event uid="201" name="OLDCResult" timePrecision="10ms">
	 <Signal type="uint8">
		<Interpreter type="Enum">
         <Enum>
            <Name resKey="OLDCResult"/>
            <Index value="2">
               <Text resKey="OK"/>
            </Index>
            <Index value="3">
               <Text resKey="Overload"/>
            </Index>
            <Index value="4">
               <Text resKey="Underload"/>
            </Index>
         </Enum>
      </Interpreter>
	 </Signal>
	 <Signal type="sint16">
	    <Interpreter type="Name">
         <Name resKey="ToolNr"/>
       </Interpreter>
	 </Signal>
  </Event>
  <Event uid="202" name="OLDCResultInfo" timePrecision="10ms">
	 <Signal type="uint8">
	     <Interpreter type="Name">
	        <Name resKey="OLDCResultInfo"/>
	     </Interpreter>
	 </Signal>
	 <Signal type="sint16" />
	 <Signal type="float" />
	 <Signal type="float" />
	 <Signal type="float" />
	 <Signal type="float" />
	 <Signal type="float" />
	 <Signal type="float" />
	 <Signal type="float" />
	 <Signal type="float" />
	 <Signal type="float" />
	 <Signal type="float" />
	 <Signal type="float" />
	 <Signal type="float" />
	 <Signal type="float" />
	 <Signal type="float" />
	 <Signal type="float" />
	 <Signal type="float" />
	 <Signal type="float" />
	 <Signal type="float" />
	 <Signal type="float" />
	 <Signal type="float" />
  </Event>

  <!-- Condition Monitoring Events 300-399 von CabCtrl.o -->
  <Event uid="300" name="Safety Signals" timePrecision="1ms">
	 <Signal type="uint16">
		<Interpreter type="Bitfield">
         <Bitfield>
            <!-- bit 0-2 Operation Mode -->
            <Value hexMask="0007">
               <Name resKey="Operation Mode"/>
               <NoResult resKey="INVALID"/>
               <Result hexValue="0001">
                  <Text resKey="T1"/>
               </Result>
               <Result hexValue="0002">
                  <Text resKey="T2"/>
               </Result>
               <Result hexValue="0003">
                  <Text resKey="AUT"/>
               </Result>
               <Result hexValue="0004">
                  <Text resKey="EXT"/>
               </Result>
            </Value>
            <!-- bit 3 Safety Stop 0 -->
            <Value hexMask="0008">
               <Name resKey="Stop 0"/>
               <Result hexValue="0000">
                  <Text resKey="No"/>
               </Result>
               <Result hexValue="0008">
                  <Text resKey="Yes"/>
               </Result>
            </Value>
            <!-- bit 4 Safety Stop 1 -->
            <Value hexMask="0010">
               <Name resKey="Stop 1"/>
               <Result hexValue="0000">
                  <Text resKey="No"/>
               </Result>
               <Result hexValue="0010">
                  <Text resKey="Yes"/>
               </Result>
            </Value>
            <!-- bit 5 Safety Stop 2 -->
            <Value hexMask="0020">
               <Name resKey="Stop 2"/>
               <Result hexValue="0000">
                  <Text resKey="No"/>
               </Result>
               <Result hexValue="0020">
                  <Text resKey="Yes"/>
               </Result>
            </Value>
            <!-- bit 6 Drives Enable -->
            <Value hexMask="0040">
               <Name resKey="Drives Enable"/>
               <Result hexValue="0000">
                  <Text resKey="No"/>
               </Result>
               <Result hexValue="0040">
                  <Text resKey="Yes"/>
               </Result>
            </Value>
            <!-- bit 7 Motion Enable -->
            <Value hexMask="0080">
               <Name resKey="Motion Enable"/>
               <Result hexValue="0000">
                  <Text resKey="No"/>
               </Result>
               <Result hexValue="0080">
                  <Text resKey="Yes"/>
               </Result>
            </Value>
            <!-- bit 8 Safe Operation Stop -->
            <Value hexMask="0100">
               <Name resKey="SOP Stop"/>
               <Result hexValue="0000">
                  <Text resKey="No"/>
               </Result>
               <Result hexValue="0100">
                  <Text resKey="Yes"/>
               </Result>
            </Value>
            <!-- bit 9 Extern Stop1 -->
            <Value hexMask="0200">
               <Name resKey="Ext Stop1"/>
               <Result hexValue="0000">
                  <Text resKey="No"/>
               </Result>
               <Result hexValue="0200">
                  <Text resKey="Yes"/>
               </Result>
            </Value>
            <!-- bit 10 Extern Stop2 -->
            <Value hexMask="0400">
               <Name resKey="Ext Stop2"/>
               <Result hexValue="0000">
                  <Text resKey="No"/>
               </Result>
               <Result hexValue="0400">
                  <Text resKey="Yes"/>
               </Result>
            </Value>
            <!-- bit 11 Sicherer Betriebshalt (alle Achsen) -->
            <Value hexMask="0800">
               <Name resKey="SBH"/>
               <Result hexValue="0000">
                  <Text resKey="No"/>
               </Result>
               <Result hexValue="0800">
                  <Text resKey="Yes"/>
               </Result>
            </Value>
            <!-- bit 12 Schlüsselschalter Stellung "Edit" -->
            <Value hexMask="1000">
               <Name resKey="KeySwitchEdit"/>
               <Result hexValue="0000">
                  <Text resKey="No"/>
               </Result>
               <Result hexValue="1000">
                  <Text resKey="Yes"/>
               </Result>
            </Value>
            <!-- bit 13 Interner Fehler Safety -->
            <Value hexMask="2000">
               <Name resKey="SafetyInternalError"/>
               <Result hexValue="0000">
                  <Text resKey="No"/>
               </Result>
               <Result hexValue="2000">
                  <Text resKey="Yes"/>
               </Result>
            </Value>
         </Bitfield>
      </Interpreter>
	 </Signal>
  </Event>
  
  <Event uid="400" name="SysState" timePrecision="1ms">
   <Signal type="uint8">
      <Interpreter type="Enum">
         <Enum>
            <Name resKey="SysState"/>
            <Index value="1">
               <Text resKey="Starting"/>
            </Index>
            <Index value="2">
               <Text resKey="Stopping"/>
            </Index>
         </Enum>
      </Interpreter>
    </Signal>
  </Event>
  
  
  <Event uid="500" name="RTSAccuState" timePrecision="1ms">
   <Signal type="uint8">
      <Interpreter type="Enum">
         <Enum>
            <Name resKey="RTSAccuState"/>
            <NoResult resKey="INVALID"/>
            <Index value="0">
               <Text resKey="ACCU_STATE_INVALID_LOWER"/>
            </Index>
            <Index value="1">
               <Text resKey="ACCU_CHARGE_OK"/>
            </Index>
            <Index value="2">
               <Text resKey="ACCU_CHARGE_OK_LOW"/>
            </Index>
            <Index value="3">
               <Text resKey="ACCU_CHARGE_UNKNOWN"/>
            </Index>
            <Index value="4">
               <Text resKey="ACCU_CHARGE_TEST_NOK"/>
            </Index>
            <Index value="5">
               <Text resKey="ACCU_CHARGE_NOK"/>
            </Index>
            <Index value="6">
               <Text resKey="ACCU_CHARGE_OFF"/>
            </Index>
            <Index value="7">
               <Text resKey="ACCU_STATE_INVALID_UPPER"/>
            </Index>
         </Enum>
      </Interpreter>
    </Signal>
  </Event>
  
</ConditionalEventDef>
