<?xml version="1.0" encoding="UTF-8"?>
<ConditionalEventConfig version="1.0" xmlns:xsi="http://www.w3.org/2001/XMLSchema-instance" xsi:noNamespaceSchemaLocation="./Schemes/CEvent.xsd">

   <SharedMemSizeInByte>3500</SharedMemSizeInByte>

   <Category>
      <FileRotator path="Cevt" file="events.cevt" maxFileSizeInByte="1048576" maxRotationSizeInByte="209715200">
         <Event uid="100"/>
         <Event uid="101"/>
         
         <Event uid="104"/>
         
         <Event uid="110"/>
         <Event uid="112"/>
		 
		 <Event uid="150"/>
         
         <Event uid="200"/>
         <Event uid="201"/>
         
         <Event uid="300"/>
         
         <Event uid="400"/>
         
      </FileRotator>
   </Category>
   
   <Category>
      <FileRotator path="Cevt" file="test.cevt" maxFileSizeInByte="100" maxRotationSizeInByte="500">
         <Event uid="1"/>
      </FileRotator>
      <FileRotator path="Cevt" file="evaluation.cevt" maxFileSizeInByte="1048576" maxRotationSizeInByte="52428800">
		 <Event uid="102"/>
         <Event uid="103"/>
		 
		 <Event uid="202"/>
		 
		 <Event uid="500"/>
		 
      </FileRotator>
   </Category>
   
</ConditionalEventConfig>
