<?xml version="1.0" encoding="UTF-8"?>
<CommService xmlns:xsi="http://www.w3.org/2001/XMLSchema-instance" xsi:noNamespaceSchemaLocation="/Roboter/Config/System/Common/Schemes/CommService.xsd">
   <Version Label="">
      <Info Version="KUKA V8.3"/>
      <Schema Version="1"/>
   </Version>
   <Config>
      <!-- Priority des Persist soap Threads -->
      <PersistThreadPrio>185</PersistThreadPrio>
      <!-- Port des Persist soap dienstes  -->
      <PersistSoapPort>54207</PersistSoapPort>
   </Config>
</CommService>