<?xml version="1.0" encoding="UTF-8"?>
<DtDeviceOptions xsi:noNamespaceSchemaLocation="Schemes/DtDeviceOptions.xsd" xmlns:xsi="http://www.w3.org/2001/XMLSchema-instance">
   <DeviceTypeOptionsList>

      <KspKpp Name="KPP0" WdId="0" VendorId="24776" ProductCode="80"
       CurrentRange="200.0" CurrentMaxInc="7FFF" CurrentRangeFromDevice="false"
       VoltageRange="1000.0" VoltageMaxInc="7FFF" VoltageRangeFromDevice="false"
       OldStatusHandling="true" SupportsSpo="false"
       SdoServoBaseAddress="0" SdoServoAddressOffset="0" ServoChannels="0"
       SdoSupplyBaseAddress="2800"
       DrivesPerBrakeChannel="0"
       DelayMs="0.0" />

      <KspKpp Name="KPP1" WdId="0" VendorId="24776" ProductCode="81"
       CurrentRange="200.0" CurrentMaxInc="7FFF" CurrentRangeFromDevice="false"
       VoltageRange="1000.0" VoltageMaxInc="7FFF" VoltageRangeFromDevice="false"
       OldStatusHandling="true" SupportsSpo="false"
       SdoServoBaseAddress="2200" SdoServoAddressOffset="200" ServoChannels="1"
       SdoSupplyBaseAddress="2800"
       DrivesPerBrakeChannel="1"
       DelayMs="-0.076" />

      <KspKpp Name="KPP2" WdId="0" VendorId="24776" ProductCode="82"
       CurrentRange="200.0" CurrentMaxInc="7FFF" CurrentRangeFromDevice="false"
       VoltageRange="1000.0" VoltageMaxInc="7FFF" VoltageRangeFromDevice="false"
       OldStatusHandling="true" SupportsSpo="false"
       SdoServoBaseAddress="2200" SdoServoAddressOffset="200" ServoChannels="2"
       SdoSupplyBaseAddress="2800"
       DrivesPerBrakeChannel="1"
       DelayMs="-0.076" />

      <KspKpp Name="KPP3" WdId="0" VendorId="24776" ProductCode="84"
       CurrentRange="200.0" CurrentMaxInc="7FFF" CurrentRangeFromDevice="false"
       VoltageRange="1000.0" VoltageMaxInc="7FFF" VoltageRangeFromDevice="false"
       OldStatusHandling="true" SupportsSpo="false"
       SdoServoBaseAddress="2200" SdoServoAddressOffset="200" ServoChannels="3"
       SdoSupplyBaseAddress="2800"
       DrivesPerBrakeChannel="1"
       DelayMs="-0.076" />

      <KspKpp Name="KSP" WdId="0" VendorId="24776" ProductCode="83"
       CurrentRange="200.0" CurrentMaxInc="7FFF" CurrentRangeFromDevice="false"
       VoltageRange="0.0" VoltageMaxInc="0" VoltageRangeFromDevice="false"
       OldStatusHandling="true" SupportsSpo="false"
       SdoServoBaseAddress="2200" SdoServoAddressOffset="200" ServoChannels="3"
       SdoSupplyBaseAddress="0"
       DrivesPerBrakeChannel="1"
       DelayMs="-0.076" />

      <KspKpp Name="KSP6sr" WdId="0" VendorId="24776" ProductCode="60"
       CurrentRange="50.0" CurrentMaxInc="7FFF" CurrentRangeFromDevice="true"
       VoltageRange="0.0" VoltageMaxInc="0" VoltageRangeFromDevice="false"
       OldStatusHandling="true" SupportsSpo="false"
       SdoServoBaseAddress="2200" SdoServoAddressOffset="200" ServoChannels="6"
       SdoSupplyBaseAddress="0"
       DrivesPerBrakeChannel="3"
       DelayMs="0.0" />

      <KspKpp Name="KSP6sr 50V" WdId="0" VendorId="24776" ProductCode="63"
       CurrentRange="50.0" CurrentMaxInc="7FFF" CurrentRangeFromDevice="true"
       VoltageRange="0.0" VoltageMaxInc="0" VoltageRangeFromDevice="false"
       OldStatusHandling="true" SupportsSpo="false"
       SdoServoBaseAddress="2200" SdoServoAddressOffset="200" ServoChannels="6"
       SdoSupplyBaseAddress="0"
       DrivesPerBrakeChannel="3"
       DelayMs="0.0" />

      <KspKpp Name="KPP0sr" WdId="0" VendorId="24776" ProductCode="61"
       CurrentRange="50.0" CurrentMaxInc="7FFF" CurrentRangeFromDevice="true"
       VoltageRange="1000.0" VoltageMaxInc="7FFF" VoltageRangeFromDevice="false"
       OldStatusHandling="true" SupportsSpo="false"
       SdoServoBaseAddress="0" SdoServoAddressOffset="0" ServoChannels="0"
       SdoSupplyBaseAddress="5000"
       DrivesPerBrakeChannel="0"
       DelayMs="0.0" />

      <KspKpp Name="KPP0sr 400" WdId="0" VendorId="24776" ProductCode="62"
       CurrentRange="50.0" CurrentMaxInc="7FFF" CurrentRangeFromDevice="true"
       VoltageRange="1000.0" VoltageMaxInc="7FFF" VoltageRangeFromDevice="false"
       OldStatusHandling="true" SupportsSpo="false"
       SdoServoBaseAddress="0" SdoServoAddressOffset="0" ServoChannels="0"
       SdoSupplyBaseAddress="5000"
       DrivesPerBrakeChannel="0"
       DelayMs="0.0" />

      <KspKpp Name="KSP300 (Amaryllis)" WdId="0" VendorId="24776" ProductCode="128"
       CurrentRange="24.0" CurrentMaxInc="7FFF" CurrentRangeFromDevice="true"
       VoltageRange="500.0" VoltageMaxInc="7FFF" VoltageRangeFromDevice="true"
       OldStatusHandling="false" SupportsSpo="false"
       SdoServoBaseAddress="3000" SdoServoAddressOffset="100" ServoChannels="6"
       SdoSupplyBaseAddress="5000"
       DrivesPerBrakeChannel="3"
       DelayMs="0.0460" />

      <KspKpp Name="KSP600-6S (Zwackelmann)" WdId="0" VendorId="24776" ProductCode="134"
       CurrentRange="24.0" CurrentMaxInc="7FFF" CurrentRangeFromDevice="true"
       VoltageRange="905.0" VoltageMaxInc="7FFF" VoltageRangeFromDevice="true"
       OldStatusHandling="false" SupportsSpo="true"
       SdoServoBaseAddress="3000" SdoServoAddressOffset="100" ServoChannels="6"
       SdoSupplyBaseAddress="5000"
       DrivesPerBrakeChannel="3"
       DelayMs="0.0460" />

      <KspKpp Name="KSP600-7S (Zwackelmann)" WdId="0" VendorId="24776" ProductCode="135"
       CurrentRange="24.0" CurrentMaxInc="7FFF" CurrentRangeFromDevice="true"
       VoltageRange="905.0" VoltageMaxInc="7FFF" VoltageRangeFromDevice="true"
       OldStatusHandling="false" SupportsSpo="true"
       SdoServoBaseAddress="3000" SdoServoAddressOffset="100" ServoChannels="7"
       SdoSupplyBaseAddress="5000"
       DrivesPerBrakeChannel="3"
       DelayMs="0.0460" />

      <KspKpp Name="KSP600-6M (Dimpfelmoser)" WdId="0" VendorId="24776" ProductCode="129"
       CurrentRange="24.0" CurrentMaxInc="7FFF" CurrentRangeFromDevice="true"
       VoltageRange="905.0" VoltageMaxInc="7FFF" VoltageRangeFromDevice="true"
       OldStatusHandling="false" SupportsSpo="true"
       SdoServoBaseAddress="3000" SdoServoAddressOffset="100" ServoChannels="6"
       SdoSupplyBaseAddress="5000"
       DrivesPerBrakeChannel="3"
       DelayMs="0.0460" />

      <KspKpp Name="KSP600-7M (Dimpfelmoser)" WdId="0" VendorId="24776" ProductCode="130"
       CurrentRange="24.0" CurrentMaxInc="7FFF" CurrentRangeFromDevice="true"
       VoltageRange="905.0" VoltageMaxInc="7FFF" VoltageRangeFromDevice="true"
       OldStatusHandling="false" SupportsSpo="true"
       SdoServoBaseAddress="3000" SdoServoAddressOffset="100" ServoChannels="7"
       SdoSupplyBaseAddress="5000"
       DrivesPerBrakeChannel="3"
       DelayMs="0.0460" />

      <KspKpp Name="KSP600-6L (Hotzenplotz)" WdId="0" VendorId="24776" ProductCode="131"
       CurrentRange="24.0" CurrentMaxInc="7FFF" CurrentRangeFromDevice="true"
       VoltageRange="905.0" VoltageMaxInc="7FFF" VoltageRangeFromDevice="true"
       OldStatusHandling="false" SupportsSpo="true"
       SdoServoBaseAddress="3000" SdoServoAddressOffset="100" ServoChannels="6"
       SdoSupplyBaseAddress="5000"
       DrivesPerBrakeChannel="3"
       DelayMs="0.0460" />

      <KspKpp Name="KSP600-7L (Hotzenplotz)" WdId="0" VendorId="24776" ProductCode="132"
       CurrentRange="24.0" CurrentMaxInc="7FFF" CurrentRangeFromDevice="true"
       VoltageRange="905.0" VoltageMaxInc="7FFF" VoltageRangeFromDevice="true"
       OldStatusHandling="false" SupportsSpo="true"
       SdoServoBaseAddress="3000" SdoServoAddressOffset="100" ServoChannels="7"
       SdoSupplyBaseAddress="5000"
       DrivesPerBrakeChannel="3"
       DelayMs="0.0460" />

      <KspKpp Name="KSP600-3L (Hotzenplotz)" WdId="0" VendorId="24776" ProductCode="133"
       CurrentRange="24.0" CurrentMaxInc="7FFF" CurrentRangeFromDevice="true"
       VoltageRange="905.0" VoltageMaxInc="7FFF" VoltageRangeFromDevice="true"
       OldStatusHandling="false" SupportsSpo="true"
       SdoServoBaseAddress="3000" SdoServoAddressOffset="100" ServoChannels="3"
       SdoSupplyBaseAddress="5000"
       DrivesPerBrakeChannel="1"
       DelayMs="0.0460" />

   </DeviceTypeOptionsList>
</DtDeviceOptions>
