<?xml version="1.0" encoding="UTF-8"?>
<!--/Roboter/Config/System/Common/-->
<NGShared xmlns:xsi="http://www.w3.org/2001/XMLSchema-instance" xsi:noNamespaceSchemaLocation="../Common/Schemes/DtShared.xsd">
  <Scheduler TimerSource="DCMHW" CPUMask="2" MainSchedulerCPUIndex="1" AllwaysUsePrimaryTimerSource="true" StackSize="65536"/>
  <Monitoring>
    <Timestamp>
      <!-- Monitoring-limit is 25 us from IRQ to ISR -->
      <TimestampThreshold TimestampType="TIMESTAMP_ISR_START"      Type="ABS" Value="25000" />
      <!-- Monitoring-limit is 40 us from IRQ to CF-cycle start -->
      <TimestampThreshold TimestampType="TIMESTAMP_CYCLE_START"    Type="ABS" Value="40000" />
      <!-- Monitoring-limit is 50% fraction of cycle time -->
      <TimestampThreshold TimestampType="TIMESTAMP_ECAT_T1_SEND"   Type="REL" Value="0.5"   />
      <!-- Monitoring-limit is 95% fraction of cycle time -->
      <TimestampThreshold TimestampType="TIMESTAMP_TICK_CYCLE_END" Type="REL" Value="0.95"  />
      <!-- Monitoring-limit is 95% fraction of cycle time -->
      <TimestampThreshold TimestampType="TIMESTAMP_TOCK_CYCLE_END" Type="REL" Value="0.95"  />
    </Timestamp>
  </Monitoring>
  <DeviceMapping>
    <BusConfig>
      <EtherCAT BusId="ECAT-CTRLBUS" ConfigFile="ecatms_config.xml"/>
    </BusConfig>
    <DeviceTypes>
      <DeviceType Name="CIB"    VendorId="24776" ProductCode="1"   />
      <DeviceType Name="CIBsr"  VendorId="24776" ProductCode="3"   />
      <DeviceType Name="PDS2"   VendorId="24776" ProductCode="18"  />
      <DeviceType Name="PDS1"   VendorId="24776" ProductCode="19"  />
      <DeviceType Name="RDC"    VendorId="24776" ProductCode="48"  />
      <DeviceType Name="uRDC"   VendorId="24776" ProductCode="49"  />
      <DeviceType Name="KSP300" VendorId="24776" ProductCode="128" />
      <DeviceType Name="KSP600" VendorId="24776" ProductCode="132" />
    </DeviceTypes>
  </DeviceMapping>
  <Drivers>
    <CyclicDrivers CycleTime="0.5">
      <DeviceDiagnostic FilePath="/Roboter/Log" PreserveFileCount="5" EntryCountThreshold="50"/>
    </CyclicDrivers>
  </Drivers>
</NGShared>
