<?xml version="1.0" encoding="UTF-8"?>
<EcatDiagCmd xmlns:xsi="http://www.w3.org/2001/XMLSchema-instance" xsi:noNamespaceSchemaLocation="Schemes/EcatDiagCmd.xsd">
   <Version Label="EcatDiagCmd V1.0">
      <Info Version="KUKA V8.3"/>
      <Schema Version="1"/> 
   </Version>
   <Slave>
      <!-- ================================================================ -->
      <SlaveDefinition VendorID="0x60c8" ProductCode="0x101" Name="SION-CIB" />
      <SlaveDefinition VendorID="0x60c8" ProductCode="0x103" Name="SION-CIB_SR" />
      <SlaveDefinition VendorID="0x60c8" ProductCode="0x121" Name="SION-SIB_STD" />
      <SlaveDefinition VendorID="0x60c8" ProductCode="0x122" Name="SION-SIB_EXT" />
      <!-- ================================================================ -->   
      <DiagJob Name="Device-Name                    " Type="string" ObjIndex="0x1008" ObjSubIndex="0" />
      <DiagJob Name="HW-Version                     " Type="string" ObjIndex="0x1009" ObjSubIndex="0" />
      <DiagJob Name="SW-Version                     " Type="string" ObjIndex="0x100A" ObjSubIndex="0" />
      <DiagJob Name="Revision                       " Type="uint32" ObjIndex="0x1018" ObjSubIndex="3" />
      <DiagJob Name="Seriennummer                   " Type="uint32" ObjIndex="0x1018" ObjSubIndex="4" />                                            
      <DiagJob Name="FSOE Slave Adress              " Type="int16hex" ObjIndex="0x2004" ObjSubIndex="1" />
      <DiagJob Name="FSOE State                     " Type="int8hex" ObjIndex="0x2004" ObjSubIndex="2" />
      <DiagJob Name="FSOE Error Code                " Type="int8hex" ObjIndex="0x2004" ObjSubIndex="3" />
      <DiagJob Name="FSoE Slave Address aus addr.dat" Type="int16hex" ObjIndex="0x2005" ObjSubIndex="7" />    
      <DiagJob Name="Error: Actual Error Code       " Type="int16hex" ObjIndex="0x2008" ObjSubIndex="1" />
      <DiagJob Name="Error: Last Error Code         " Type="int16hex" ObjIndex="0x2008" ObjSubIndex="2" />
      <DiagJob Name="Temp. Kanal A        (K)       " Type="uint16" ObjIndex="0x2009" ObjSubIndex="1" />
      <DiagJob Name="Embedded Hardware Version      " Type="string" ObjIndex="0x2FFD" ObjSubIndex="0" />
      <DiagJob Name="FW Bootloader A                " Type="int16hex" ObjIndex="0x2FFF" ObjSubIndex="1" />
      <DiagJob Name="FW Applikation A               " Type="int16hex" ObjIndex="0x2FFF" ObjSubIndex="2" />
      <DiagJob Name="FW Bootloader B                " Type="int16hex" ObjIndex="0x2FFF" ObjSubIndex="3" />
      <DiagJob Name="FW Applikation B               " Type="int16hex" ObjIndex="0x2FFF" ObjSubIndex="4" />
   </Slave> 
   <Slave>
      <!-- ================================================================ -->
      <SlaveDefinition VendorID="0x60c8" ProductCode="0x201" Name="MFT" />
      <SlaveDefinition VendorID="0x60c8" ProductCode="0x202" Name="MFT-TRD" />
      <!-- ================================================================ -->
   <DiagJob Name="Manufacturer Device Name (Strin" Type="string" ObjIndex="0x1008" ObjSubIndex="0" />
   <DiagJob Name="Manufacturer Hardware Version (" Type="string" ObjIndex="0x1009" ObjSubIndex="0" />
   <DiagJob Name="Manufacturer Software Version (" Type="string" ObjIndex="0x100A" ObjSubIndex="0" />
   <DiagJob Name="Vendor ID                      " Type="int32hex" ObjIndex="0x1018" ObjSubIndex="1" />
   <DiagJob Name="Product Code                   " Type="int32hex" ObjIndex="0x1018" ObjSubIndex="2" />
   <DiagJob Name="Serial Number                  " Type="int32hex" ObjIndex="0x1018" ObjSubIndex="4" />
   <DiagJob Name="Bootloader PreFooter CRC       " Type="int16hex" ObjIndex="0x2001" ObjSubIndex="1" />
   <DiagJob Name="FSoE Protocol Version          " Type="int16hex" ObjIndex="0x2002" ObjSubIndex="1" />
   <DiagJob Name="FSOE Slave Adress              " Type="int16hex" ObjIndex="0x2004" ObjSubIndex="1" />
   <DiagJob Name="FSOE State                     " Type="int8hex" ObjIndex="0x2004" ObjSubIndex="2" />
   <DiagJob Name="FSOE Error Code                " Type="int8hex" ObjIndex="0x2004" ObjSubIndex="3" />
   <DiagJob Name="FSOE Slave Adress Status       " Type="int8hex" ObjIndex="0x2004" ObjSubIndex="4" />
   <DiagJob Name="Temperature Mean Value Internal" Type="int16hex" ObjIndex="0x2009" ObjSubIndex="1" />
   <DiagJob Name="Temperature Mean Value Internal" Type="int16hex" ObjIndex="0x2009" ObjSubIndex="2" />
   <DiagJob Name="Temperature Mean Value External" Type="int16hex" ObjIndex="0x2009" ObjSubIndex="3" />
   <DiagJob Name="Temperature Mean Value External" Type="int16hex" ObjIndex="0x2009" ObjSubIndex="4" />
   <DiagJob Name="Hour Counter                   " Type="int32hex" ObjIndex="0x200A" ObjSubIndex="0" />
   <DiagJob Name="Switch Count Safe Input0       " Type="int32hex" ObjIndex="0x200B" ObjSubIndex="1" />
   <DiagJob Name="Switch Count Safe Input1       " Type="int32hex" ObjIndex="0x200B" ObjSubIndex="2" />
   <DiagJob Name="Switch Count Safe Input2       " Type="int32hex" ObjIndex="0x200B" ObjSubIndex="3" />
   <DiagJob Name="Switch Count Safe Input3       " Type="int32hex" ObjIndex="0x200B" ObjSubIndex="4" />
   <DiagJob Name="Swtich Count Safe Output0      " Type="int32hex" ObjIndex="0x200B" ObjSubIndex="5" />
   <DiagJob Name="Switch Count Safe Output1      " Type="int32hex" ObjIndex="0x200B" ObjSubIndex="6" />
   <DiagJob Name="Debounce Error                 " Type="int16hex" ObjIndex="0x2100" ObjSubIndex="3" />
   <DiagJob Name="Two Channel Error              " Type="int16hex" ObjIndex="0x2100" ObjSubIndex="6" />
   <DiagJob Name="Switchoff Error                " Type="int16hex" ObjIndex="0x2100" ObjSubIndex="9" />
   <DiagJob Name="Error Count at Power-Up        " Type="int16hex" ObjIndex="0x2F00" ObjSubIndex="1" />
   <DiagJob Name="Error Count                    " Type="int16hex" ObjIndex="0x2F00" ObjSubIndex="2" />
   <DiagJob Name="Time                           " Type="int32hex" ObjIndex="0x2F00" ObjSubIndex="10" />
   <DiagJob Name="Embedded Hardware Version (Stri" Type="string" ObjIndex="0x2FFD" ObjSubIndex="0" />
   <DiagJob Name="UCA Bootloader                 " Type="int16hex" ObjIndex="0x2FFF" ObjSubIndex="1" />
   <DiagJob Name="UCA Applikation                " Type="int16hex" ObjIndex="0x2FFF" ObjSubIndex="2" />
   <DiagJob Name="UCB Bootloader                 " Type="int16hex" ObjIndex="0x2FFF" ObjSubIndex="3" />
   <DiagJob Name="UCB Applikation                " Type="int16hex" ObjIndex="0x2FFF" ObjSubIndex="4" />
   </Slave>   
   
</EcatDiagCmd>
