<?xml version="1.0" encoding="UTF-8"?>
<EcatCreator xsi:noNamespaceSchemaLocation="Schemes/EcatCreator.xsd" xmlns:xsi="http://www.w3.org/2001/XMLSchema-instance">
   <Version Label="EtherCreatorConfig V1.0">
      <Info Version="KUKA V8.3"/>
      <Schema Version="1"/>
   </Version>
   <CreatorConfig>
      <!-- ============== -->
      <!-- Antriebsbus    -->
      <WrapperConfig isActive="true" InstanceNumber="1" BusId="ECAT-CTRLBUS" ConfigFilename="EtherCATWrapper.xml" DCMEnabled="true" AsyncBootMode="true"/>
      <!-- ============== -->
      <!-- KCP-Safety-Bus -->
      <WrapperConfig isActive="true" InstanceNumber="3" BusId="SYS-X42" ConfigFilename="EtherCATWrapperSYS_X42.xml" DCMEnabled="false" AsyncBootMode="true"/>
      <!-- ============== -->
      <!-- Safety-Bus     -->
      <WrapperConfig isActive="true" InstanceNumber="4" BusId="SYS-X48" ConfigFilename="EtherCATWrapperSYS_X48.xml" DCMEnabled="false" AsyncBootMode="true"/>
      <!-- ============== -->
      <!-- User-IO-Bus    -->
      <!-- Hinweis: muss immer die letzte Instanz in der Liste sein -->
      <WrapperConfig isActive="userDefined" InstanceNumber="2" BusId="SYS-X44" ConfigFilename="EtherCATWrapperSYS_X44.xml" DCMEnabled="false" AsyncBootMode="true"/>
   </CreatorConfig>
   <!-- ============== -->
   <!-- Remote-Access  -->
   <RAS Enabled="true" ServerBindAddr="INADDR_ANY" ServerConnPort="34980" ServerTaskPrio="200" ReceiverTaskPrio="201" MaxNumRasConnections="10" InitAccessLevel="rasal_freeaccess" />
   <!-- ============== -->
   <!-- DCM            -->
   <DCM ControllerThreadPrio="20" CtrlClockMsec="1" MasterSyncMultiplier="1" LimitCtlErrorNanosec="10000" SyncTimeoutMillisec="20000" CpuAffinity="1" Cpu0SyncSet="true" AcontisLogging="false" HistogrammLogging="false"/>
   <!-- ======================================================== -->
   <!-- Restart- und Monitoring-Task fuer alle ECat-Instanzen    -->
   <EcatCtrlTask PollingRate="500" CpuAffinity="0" ClockMonitoring="true" />
   <!-- ======================================================== -->
   <!-- Limits fuer den Auto-Scan Hochlauf mit ENI-Auswahl       -->
   <!--
      <EcatAutoScanLimits MaxEniBusConfig="32"  MaxSlavesPerEni="20" MaxHotConnectDevices="32" />
   -->
   <!-- TSM-Option 
   <SystemTraceOptions Mode="off">
      <Events InstanceHandle="00000000">
         <Interfaces EventWrpPDO="false" 
                     EventWrpSDO="false" 
                     EventWrpMemProvider="false" 
                     EventWrpNotification="false"   />
      </Events>
      <TraceTrigger  InstanceHandle="00000000" 
                     TriggerOnPdoSendToSendLimit_us="0" 
                     TriggerOnPdoRecvToRecvLimit_us="0" 
                     TriggerOnPdoSendTimeLimit_us="0" 
                     TriggerOnPdoRecvTimeLimit_us="0" 
                     TriggerOnSlaveErrors="false" 
                     TriggerOnFrameResponseError="false" 
                     TriggerOnBusErrors="false"   />
   </SystemTraceOptions>
   -->
</EcatCreator>
