<?xml version="1.0" encoding="UTF-8"?>
<EcatWrapper xsi:noNamespaceSchemaLocation="Schemes/EtherCATWrapper.xsd" xmlns:xsi="http://www.w3.org/2001/XMLSchema-instance">
   <Version Label="EtherCATWrapper V1.0">
      <Info Version="KUKA V8.3"/>
      <Schema Version="1"/>
   </Version>
   <EtherCAT
      NetDevice="virtual2" 
      UseNativeLayer="false"
      VLanID="7"
      ConfigFile="ecatms_sys_X48_config.xml">      
      <Cycle 
         TimerTaskPriority="15"
         BusLockTO="1" >
         <Scheduling Mode="SysMgrSched" CycleMs="4" Offset="3" />    
      </Cycle>
      <Behavior
         ExternalTrigger="false"
         DistributedClock="false"
         RestartMode = "auto" 
         MultiFrameLossLimit = "16"
         MultiCycCmdWkcErrLimit = "0"
         CheckKSB="true"
         MaxBusSlaves="5" 
         CrossedLineCheck="false" />
      <TaskSettings
         CpuAffinity="1" />
      <Timeout
         EcatCmdTimeout="40"
         EcatCmdMaxRetries="10"
         EoeTimeout="400"
         FoeBusyTimeout="1000" />
      <Queue
         MaxSentQueuedFramesPerCyc="4"
         MaxQueuedEthFrames="127"
         MaxSlaveCmdPerFrame="0" />
      <!-- LogLevel:
             EC_LOG_LEVEL_CRITICAL 1
             EC_LOG_LEVEL_ERROR 2
             EC_LOG_LEVEL_WARNING 3
             EC_LOG_LEVEL_INFO 4
             EC_LOG_LEVEL_VERBOSE 5    -->   
      <MasterStackDebug
         LogToShell="false"
         LogToLinkLayer="false"
         LogLevel="0" />
      <BootInitParam
         TimeoutIsNetworkConnected="15000"
         TimeoutDoBusScan="2000"
         TimeoutSetMasterModeInit="5000"
         TimeoutRetrieveSlaveInfo="1000"
         TimeoutSetMasterModeOp="15000" 
         TimeoutSetSlaveModeBootStrap="6000" />
      <HotConnect
         HcMode="automatic"
         BorderClose="false"
         DetectionTimeout="1000"
         TopologyChangeTimeout="2000" />
   </EtherCAT>
</EcatWrapper>
