<?xml version="1.0" encoding="UTF-8"?>
<!--
This material is the exclusive property of KUKA Deutschland GmbH.
Except as expressly permitted by separate agreement, this material may only
be used by members of the development department of KUKA Deutschland GmbH for
internal development purposes of KUKA Deutschland GmbH.

Copyright (C)
KUKA Deutschland GmbH, Germany. All Rights Reserved.

-->
<HnfDiagMonApi xmlns:xsi="http://www.w3.org/2001/XMLSchema-instance" xsi:noNamespaceSchemaLocation="/Roboter/Config/System/Common/Schemes/HnfDiagMon.xsd">
   <!-- Posible entrys for "viewLevel": -->
   <!-- * "Hide" Data in diagnostic monitor is not presented (Not possible for safety-PLC) -->
   <!-- * "User" View in diagnostic monitor is in standard-mode -->
   <!-- * "Developer" View in diagnostic monitor is expanded -->
   <Settings enabled="true" viewLevel="User"/>
   <BusAliases>
      <!-- Configuration for each bus in diagnostic monitor -->
      <!-- Use "displayName" to set the displayed name of bus in diagnostic-monitor. -->
      <BusInstance busName="/KCP3" displayName="KCP"/>           <!-- Nicht sichere KCP-Bus -->
      <BusInstance busName="/ECAT-CTRLBUS" displayName="Controllerbus"/> <!-- Controllerbus -->
      <BusInstance busName="/SYS-X42" displayName="Systembus X42"/>
      <BusInstance busName="/SYS-X44" displayName="EtherCAT"/>      <!-- Kundenschnittstelle FSoE -->
      <BusInstance busName="/SYS-X48" displayName="Systembus X48"/>
      <BusInstance busName="/PNIO-DEV" displayName="Profinet"/>      <!-- Kundenschnittstelle ProfiSAFE -->
      <BusInstance busName="/EIP-CTRL" displayName="Ethernet IP"/>   <!-- Kundenschnittstelle CIP-Safety -->
      <BusInstance busName="/VIO-SYS-TEST" displayName="Systemtest"/>   <!-- VIO-Schnittstelle Systemtest -->
   </BusAliases>
   <ViewProperties>
      <Item number="17033" symbolicName="D_I_NHE" type="eBoolAsEnum" unit="eDiagNoUnit" scale="1.0" redMin="0.5" yellowMin="NaN" yellowMax="NaN" redMax="NaN"/>
      <Item number="17034" symbolicName="D_I_BS" type="eBoolAsEnum" unit="eDiagNoUnit" scale="1.0" redMin="NaN" yellowMin="0.5" yellowMax="NaN" redMax="NaN"/>
      <Item number="17035" symbolicName="D_I_QBS" type="eBoolAsEnum" unit="eDiagNoUnit" scale="1.0" redMin="NaN" yellowMin="NaN" yellowMax="NaN" redMax="NaN"/>
      <Item number="17036" symbolicName="D_I_SHS1" type="eBoolAsEnum" unit="eDiagNoUnit" scale="1.0" redMin="0.5" yellowMin="NaN" yellowMax="NaN" redMax="NaN"/>
      <Item number="17037" symbolicName="D_I_SHS2" type="eBoolAsEnum" unit="eDiagNoUnit" scale="1.0" redMin="0.5" yellowMin="NaN" yellowMax="NaN" redMax="NaN"/>
      <Item number="17038" symbolicName="D_I_E2" type="eBoolAsEnum" unit="eDiagNoUnit" scale="1.0" redMin="NaN" yellowMin="NaN" yellowMax="NaN" redMax="NaN"/>
      <Item number="17039" symbolicName="D_I_E7" type="eBoolAsEnum" unit="eDiagNoUnit" scale="1.0" redMin="NaN" yellowMin="NaN" yellowMax="NaN" redMax="NaN"/>
      <Item number="17040" symbolicName="D_I_US2" type="eBoolAsEnum" unit="eDiagNoUnit" scale="1.0" redMin="NaN" yellowMin="NaN" yellowMax="NaN" redMax="NaN"/>
      <Item number="17041" symbolicName="D_I_SBH" type="eBoolAsEnum" unit="eDiagNoUnit" scale="1.0" redMin="0.5" yellowMin="NaN" yellowMax="NaN" redMax="NaN"/>
      <Item number="17042" symbolicName="D_I_SPA" type="eBoolAsEnum" unit="eDiagNoUnit" scale="1.0" redMin="NaN" yellowMin="NaN" yellowMax="NaN" redMax="NaN"/>
      <Item number="17043" symbolicName="D_I_RESERVED" type="eBool" unit="eDiagNoUnit" scale="1.0" redMin="NaN" yellowMin="NaN" yellowMax="NaN" redMax="NaN"/>
      <Item number="17044" symbolicName="D_O_RESERVED" type="eBool" unit="eDiagNoUnit" scale="1.0" redMin="NaN" yellowMin="NaN" yellowMax="NaN" redMax="NaN"/>
      <Item number="17045" symbolicName="D_O_NHL" type="eBoolAsEnum" unit="eDiagNoUnit" scale="1.0" redMin="0.5" yellowMin="NaN" yellowMax="NaN" redMax="NaN"/>
      <Item number="17046" symbolicName="D_O_AF" type="eBoolAsEnum" unit="eDiagNoUnit" scale="1.0" redMin="0.5" yellowMin="NaN" yellowMax="NaN" redMax="NaN"/>
      <Item number="17047" symbolicName="D_O_FF" type="eBoolAsEnum" unit="eDiagNoUnit" scale="1.0" redMin="0.5" yellowMin="NaN" yellowMax="NaN" redMax="NaN"/>
      <Item number="17048" symbolicName="D_O_ZS" type="eBoolAsEnum" unit="eDiagNoUnit" scale="1.0" redMin="NaN" yellowMin="0.5" yellowMax="NaN" redMax="NaN"/>
      <Item number="17049" symbolicName="D_O_PE" type="eBoolAsEnum" unit="eDiagNoUnit" scale="1.0" redMin="0.5" yellowMin="NaN" yellowMax="NaN" redMax="NaN"/>
      <Item number="17050" symbolicName="D_O_AUT" type="eBoolAsEnum" unit="eDiagNoUnit" scale="1.0" redMin="NaN" yellowMin="NaN" yellowMax="NaN" redMax="NaN"/>
      <Item number="17051" symbolicName="D_O_T1" type="eBoolAsEnum" unit="eDiagNoUnit" scale="1.0" redMin="NaN" yellowMin="NaN" yellowMax="NaN" redMax="NaN"/>
      <Item number="17052" symbolicName="D_O_T2" type="eBoolAsEnum" unit="eDiagNoUnit" scale="1.0" redMin="NaN" yellowMin="NaN" yellowMax="NaN" redMax="NaN"/>
      <Item number="17053" symbolicName="D_O_NHE" type="eBoolAsEnum" unit="eDiagNoUnit" scale="1.0" redMin="0.5" yellowMin="NaN" yellowMax="NaN" redMax="NaN"/>
      <Item number="17054" symbolicName="D_O_BSQ" type="eBoolAsEnum" unit="eDiagNoUnit" scale="1.0" redMin="NaN" yellowMin="0.5" yellowMax="NaN" redMax="NaN"/>
      <Item number="17055" symbolicName="D_O_SHS1" type="eBoolAsEnum" unit="eDiagNoUnit" scale="1.0" redMin="0.5" yellowMin="NaN" yellowMax="NaN" redMax="NaN"/>
      <Item number="17056" symbolicName="D_O_SHS2" type="eBoolAsEnum" unit="eDiagNoUnit" scale="1.0" redMin="0.5" yellowMin="NaN" yellowMax="NaN" redMax="NaN"/>
      <Item number="17057" symbolicName="D_O_PA" type="eBoolAsEnum" unit="eDiagNoUnit" scale="1.0" redMin="NaN" yellowMin="NaN" yellowMax="NaN" redMax="NaN"/>
      <Item number="17058" symbolicName="D_O_SP" type="eBoolAsEnum" unit="eDiagNoUnit" scale="1.0" redMin="NaN" yellowMin="NaN" yellowMax="NaN" redMax="NaN"/>
      <Item number="17059" symbolicName="D_I_JR" type="eBoolAsEnum" unit="eDiagNoUnit" scale="1.0" redMin="NaN" yellowMin="NaN" yellowMax="NaN" redMax="NaN"/>
      <Item number="17060" symbolicName="D_I_ZSE1" type="eBoolAsEnum" unit="eDiagNoUnit" scale="1.0" redMin="NaN" yellowMin="0.5" yellowMax="NaN" redMax="NaN"/>
      <Item number="17061" symbolicName="D_I_ZSE2" type="eBoolAsEnum" unit="eDiagNoUnit" scale="1.0" redMin="0.5" yellowMin="NaN" yellowMax="NaN" redMax="NaN"/>
      <Item number="17062" symbolicName="D_I_BGG" type="eBoolAsEnum" unit="eDiagNoUnit" scale="1.0" redMin="NaN" yellowMin="NaN" yellowMax="NaN" redMax="NaN"/>
      <Item number="17063" symbolicName="D_I_VRED" type="eBoolAsEnum" unit="eDiagNoUnit" scale="1.0" redMin="NaN" yellowMin="NaN" yellowMax="NaN" redMax="NaN"/>
      <Item number="17064" symbolicName="D_I_SBH1" type="eBoolAsEnum" unit="eDiagNoUnit" scale="1.0" redMin="0.5" yellowMin="NaN" yellowMax="NaN" redMax="NaN"/>
      <Item number="17065" symbolicName="D_I_SBH2" type="eBoolAsEnum" unit="eDiagNoUnit" scale="1.0" redMin="0.5" yellowMin="NaN" yellowMax="NaN" redMax="NaN"/>
      <Item number="17066" symbolicName="D_I_SBH3" type="eBoolAsEnum" unit="eDiagNoUnit" scale="1.0" redMin="0.5" yellowMin="NaN" yellowMax="NaN" redMax="NaN"/>
      <Item number="17067" symbolicName="D_I_SBH4" type="eBoolAsEnum" unit="eDiagNoUnit" scale="1.0" redMin="0.5" yellowMin="NaN" yellowMax="NaN" redMax="NaN"/>
      <Item number="17068" symbolicName="D_I_SBH5" type="eBoolAsEnum" unit="eDiagNoUnit" scale="1.0" redMin="0.5" yellowMin="NaN" yellowMax="NaN" redMax="NaN"/>
      <Item number="17069" symbolicName="D_I_SBH6" type="eBoolAsEnum" unit="eDiagNoUnit" scale="1.0" redMin="0.5" yellowMin="NaN" yellowMax="NaN" redMax="NaN"/>
      <Item number="17070" symbolicName="D_I_UER1" type="eBoolAsEnum" unit="eDiagNoUnit" scale="1.0" redMin="NaN" yellowMin="NaN" yellowMax="NaN" redMax="NaN"/>
      <Item number="17071" symbolicName="D_I_UER2" type="eBoolAsEnum" unit="eDiagNoUnit" scale="1.0" redMin="NaN" yellowMin="NaN" yellowMax="NaN" redMax="NaN"/>
      <Item number="17072" symbolicName="D_I_UER3" type="eBoolAsEnum" unit="eDiagNoUnit" scale="1.0" redMin="NaN" yellowMin="NaN" yellowMax="NaN" redMax="NaN"/>
      <Item number="17073" symbolicName="D_I_UER4" type="eBoolAsEnum" unit="eDiagNoUnit" scale="1.0" redMin="NaN" yellowMin="NaN" yellowMax="NaN" redMax="NaN"/>
      <Item number="17074" symbolicName="D_I_UER5" type="eBoolAsEnum" unit="eDiagNoUnit" scale="1.0" redMin="NaN" yellowMin="NaN" yellowMax="NaN" redMax="NaN"/>
      <Item number="17075" symbolicName="D_I_UER6" type="eBoolAsEnum" unit="eDiagNoUnit" scale="1.0" redMin="NaN" yellowMin="NaN" yellowMax="NaN" redMax="NaN"/>
      <Item number="17076" symbolicName="D_I_UER7" type="eBoolAsEnum" unit="eDiagNoUnit" scale="1.0" redMin="NaN" yellowMin="NaN" yellowMax="NaN" redMax="NaN"/>
      <Item number="17077" symbolicName="D_I_UER8" type="eBoolAsEnum" unit="eDiagNoUnit" scale="1.0" redMin="NaN" yellowMin="NaN" yellowMax="NaN" redMax="NaN"/>
      <Item number="17078" symbolicName="D_I_UER9" type="eBoolAsEnum" unit="eDiagNoUnit" scale="1.0" redMin="NaN" yellowMin="NaN" yellowMax="NaN" redMax="NaN"/>
      <Item number="17079" symbolicName="D_I_UER10" type="eBoolAsEnum" unit="eDiagNoUnit" scale="1.0" redMin="NaN" yellowMin="NaN" yellowMax="NaN" redMax="NaN"/>
      <Item number="17080" symbolicName="D_I_UER11" type="eBoolAsEnum" unit="eDiagNoUnit" scale="1.0" redMin="NaN" yellowMin="NaN" yellowMax="NaN" redMax="NaN"/>
      <Item number="17081" symbolicName="D_I_UER12" type="eBoolAsEnum" unit="eDiagNoUnit" scale="1.0" redMin="NaN" yellowMin="NaN" yellowMax="NaN" redMax="NaN"/>
      <Item number="17082" symbolicName="D_I_UER13" type="eBoolAsEnum" unit="eDiagNoUnit" scale="1.0" redMin="NaN" yellowMin="NaN" yellowMax="NaN" redMax="NaN"/>
      <Item number="17083" symbolicName="D_I_UER14" type="eBoolAsEnum" unit="eDiagNoUnit" scale="1.0" redMin="NaN" yellowMin="NaN" yellowMax="NaN" redMax="NaN"/>
      <Item number="17084" symbolicName="D_I_UER15" type="eBoolAsEnum" unit="eDiagNoUnit" scale="1.0" redMin="NaN" yellowMin="NaN" yellowMax="NaN" redMax="NaN"/>
      <Item number="17085" symbolicName="D_I_UER16" type="eBoolAsEnum" unit="eDiagNoUnit" scale="1.0" redMin="NaN" yellowMin="NaN" yellowMax="NaN" redMax="NaN"/>
      <Item number="17086" symbolicName="D_I_WZX" type="eUInt16AsBitfield" unit="eDiagNoUnit" scale="1.0" redMin="NaN" yellowMin="NaN" yellowMax="NaN" redMax="NaN"/>
      <Item number="17102" symbolicName="D_O_SO" type="eBoolAsEnum" unit="eDiagNoUnit" scale="1.0" redMin="NaN" yellowMin="NaN" yellowMax="NaN" redMax="NaN"/>
      <Item number="17103" symbolicName="D_O_RR" type="eBoolAsEnum" unit="eDiagNoUnit" scale="1.0" redMin="NaN" yellowMin="NaN" yellowMax="NaN" redMax="NaN"/>
      <Item number="17104" symbolicName="D_O_JF" type="eBoolAsEnum" unit="eDiagNoUnit" scale="1.0" redMin="0.5" yellowMin="NaN" yellowMax="NaN" redMax="NaN"/>
      <Item number="17105" symbolicName="D_O_SOS" type="eBoolAsEnum" unit="eDiagNoUnit" scale="1.0" redMin="0.5" yellowMin="NaN" yellowMax="NaN" redMax="NaN"/>
      <Item number="17106" symbolicName="D_O_MR1" type="eBoolAsEnum" unit="eDiagNoUnit" scale="1.0" redMin="NaN" yellowMin="NaN" yellowMax="NaN" redMax="NaN"/>
      <Item number="17107" symbolicName="D_O_MR2" type="eBoolAsEnum" unit="eDiagNoUnit" scale="1.0" redMin="NaN" yellowMin="NaN" yellowMax="NaN" redMax="NaN"/>
      <Item number="17108" symbolicName="D_O_MR3" type="eBoolAsEnum" unit="eDiagNoUnit" scale="1.0" redMin="NaN" yellowMin="NaN" yellowMax="NaN" redMax="NaN"/>
      <Item number="17109" symbolicName="D_O_MR4" type="eBoolAsEnum" unit="eDiagNoUnit" scale="1.0" redMin="NaN" yellowMin="NaN" yellowMax="NaN" redMax="NaN"/>
      <Item number="17110" symbolicName="D_O_MR5" type="eBoolAsEnum" unit="eDiagNoUnit" scale="1.0" redMin="NaN" yellowMin="NaN" yellowMax="NaN" redMax="NaN"/>
      <Item number="17111" symbolicName="D_O_MR6" type="eBoolAsEnum" unit="eDiagNoUnit" scale="1.0" redMin="NaN" yellowMin="NaN" yellowMax="NaN" redMax="NaN"/>
      <Item number="17112" symbolicName="D_O_MR7" type="eBoolAsEnum" unit="eDiagNoUnit" scale="1.0" redMin="NaN" yellowMin="NaN" yellowMax="NaN" redMax="NaN"/>
      <Item number="17113" symbolicName="D_O_MR8" type="eBoolAsEnum" unit="eDiagNoUnit" scale="1.0" redMin="NaN" yellowMin="NaN" yellowMax="NaN" redMax="NaN"/>
      <Item number="17114" symbolicName="D_O_MR9" type="eBoolAsEnum" unit="eDiagNoUnit" scale="1.0" redMin="NaN" yellowMin="NaN" yellowMax="NaN" redMax="NaN"/>
      <Item number="17115" symbolicName="D_O_MR10" type="eBoolAsEnum" unit="eDiagNoUnit" scale="1.0" redMin="NaN" yellowMin="NaN" yellowMax="NaN" redMax="NaN"/>
      <Item number="17116" symbolicName="D_O_MR11" type="eBoolAsEnum" unit="eDiagNoUnit" scale="1.0" redMin="NaN" yellowMin="NaN" yellowMax="NaN" redMax="NaN"/>
      <Item number="17117" symbolicName="D_O_MR12" type="eBoolAsEnum" unit="eDiagNoUnit" scale="1.0" redMin="NaN" yellowMin="NaN" yellowMax="NaN" redMax="NaN"/>
      <Item number="17118" symbolicName="D_O_MR13" type="eBoolAsEnum" unit="eDiagNoUnit" scale="1.0" redMin="NaN" yellowMin="NaN" yellowMax="NaN" redMax="NaN"/>
      <Item number="17119" symbolicName="D_O_MR14" type="eBoolAsEnum" unit="eDiagNoUnit" scale="1.0" redMin="NaN" yellowMin="NaN" yellowMax="NaN" redMax="NaN"/>
      <Item number="17120" symbolicName="D_O_MR15" type="eBoolAsEnum" unit="eDiagNoUnit" scale="1.0" redMin="NaN" yellowMin="NaN" yellowMax="NaN" redMax="NaN"/>
      <Item number="17121" symbolicName="D_O_MR16" type="eBoolAsEnum" unit="eDiagNoUnit" scale="1.0" redMin="NaN" yellowMin="NaN" yellowMax="NaN" redMax="NaN"/>
      <Item number="17122" symbolicName="D_O_VRED" type="eBoolAsEnum" unit="eDiagNoUnit" scale="1.0" redMin="NaN" yellowMin="NaN" yellowMax="NaN" redMax="NaN"/>
      <Item number="17123" symbolicName="D_O_SBH1" type="eBoolAsEnum" unit="eDiagNoUnit" scale="1.0" redMin="NaN" yellowMin="0.5" yellowMax="NaN" redMax="NaN"/>
      <Item number="17124" symbolicName="D_O_SBH2" type="eBoolAsEnum" unit="eDiagNoUnit" scale="1.0" redMin="NaN" yellowMin="0.5" yellowMax="NaN" redMax="NaN"/>
      <Item number="17125" symbolicName="D_O_SBH3" type="eBoolAsEnum" unit="eDiagNoUnit" scale="1.0" redMin="NaN" yellowMin="0.5" yellowMax="NaN" redMax="NaN"/>
      <Item number="17126" symbolicName="D_O_SBH4" type="eBoolAsEnum" unit="eDiagNoUnit" scale="1.0" redMin="NaN" yellowMin="0.5" yellowMax="NaN" redMax="NaN"/>
      <Item number="17127" symbolicName="D_O_SBH5" type="eBoolAsEnum" unit="eDiagNoUnit" scale="1.0" redMin="NaN" yellowMin="0.5" yellowMax="NaN" redMax="NaN"/>
      <Item number="17128" symbolicName="D_O_SBH6" type="eBoolAsEnum" unit="eDiagNoUnit" scale="1.0" redMin="NaN" yellowMin="0.5" yellowMax="NaN" redMax="NaN"/>
      <Item number="17129" symbolicName="D_I_TS" type="eUInt32" unit="eDiagNoUnit" scale="1.0" redMin="NaN" yellowMin="NaN" yellowMax="NaN" redMax="NaN"/>
      <Item number="17130" symbolicName="D_I_POS_CH1" type="eUInt64" unit="eDiagNoUnit" scale="1.0" redMin="NaN" yellowMin="NaN" yellowMax="NaN" redMax="NaN"/>
      <Item number="17131" symbolicName="D_I_POS_CH2" type="eUInt64" unit="eDiagNoUnit" scale="1.0" redMin="NaN" yellowMin="NaN" yellowMax="NaN" redMax="NaN"/>
      <Item number="17132" symbolicName="D_I_POS_CH3" type="eUInt64" unit="eDiagNoUnit" scale="1.0" redMin="NaN" yellowMin="NaN" yellowMax="NaN" redMax="NaN"/>
      <Item number="17133" symbolicName="D_I_POS_CH4" type="eUInt64" unit="eDiagNoUnit" scale="1.0" redMin="NaN" yellowMin="NaN" yellowMax="NaN" redMax="NaN"/>
      <Item number="17134" symbolicName="D_I_POS_CH5" type="eUInt64" unit="eDiagNoUnit" scale="1.0" redMin="NaN" yellowMin="NaN" yellowMax="NaN" redMax="NaN"/>
      <Item number="17135" symbolicName="D_I_POS_CH6" type="eUInt64" unit="eDiagNoUnit" scale="1.0" redMin="NaN" yellowMin="NaN" yellowMax="NaN" redMax="NaN"/>
      <Item number="17136" symbolicName="D_I_POS_CH7" type="eUInt64" unit="eDiagNoUnit" scale="1.0" redMin="NaN" yellowMin="NaN" yellowMax="NaN" redMax="NaN"/>
      <Item number="17137" symbolicName="D_I_POS_CH8" type="eUInt64" unit="eDiagNoUnit" scale="1.0" redMin="NaN" yellowMin="NaN" yellowMax="NaN" redMax="NaN"/>
      <Item number="17138" symbolicName="D_IMAS_CH1" type="eBoolAsEnum" unit="eDiagNoUnit" scale="1.0" redMin="NaN" yellowMin="0.5" yellowMax="NaN" redMax="NaN"/>
      <Item number="17139" symbolicName="D_IMAS_CH2" type="eBoolAsEnum" unit="eDiagNoUnit" scale="1.0" redMin="NaN" yellowMin="0.5" yellowMax="NaN" redMax="NaN"/>
      <Item number="17140" symbolicName="D_IMAS_CH3" type="eBoolAsEnum" unit="eDiagNoUnit" scale="1.0" redMin="NaN" yellowMin="0.5" yellowMax="NaN" redMax="NaN"/>
      <Item number="17141" symbolicName="D_IMAS_CH4" type="eBoolAsEnum" unit="eDiagNoUnit" scale="1.0" redMin="NaN" yellowMin="0.5" yellowMax="NaN" redMax="NaN"/>
      <Item number="17142" symbolicName="D_IMAS_CH5" type="eBoolAsEnum" unit="eDiagNoUnit" scale="1.0" redMin="NaN" yellowMin="0.5" yellowMax="NaN" redMax="NaN"/>
      <Item number="17143" symbolicName="D_IMAS_CH6" type="eBoolAsEnum" unit="eDiagNoUnit" scale="1.0" redMin="NaN" yellowMin="0.5" yellowMax="NaN" redMax="NaN"/>
      <Item number="17144" symbolicName="D_IMAS_CH7" type="eBoolAsEnum" unit="eDiagNoUnit" scale="1.0" redMin="NaN" yellowMin="0.5" yellowMax="NaN" redMax="NaN"/>
      <Item number="17145" symbolicName="D_IMAS_CH8" type="eBoolAsEnum" unit="eDiagNoUnit" scale="1.0" redMin="NaN" yellowMin="0.5" yellowMax="NaN" redMax="NaN"/>
      <Item number="17146" symbolicName="D_I_RES_ERR_CH1" type="eBoolAsEnum" unit="eDiagNoUnit" scale="1.0" redMin="NaN" yellowMin="NaN" yellowMax="0.5" redMax="NaN"/>
      <Item number="17147" symbolicName="D_I_RES_ERR_CH2" type="eBoolAsEnum" unit="eDiagNoUnit" scale="1.0" redMin="NaN" yellowMin="NaN" yellowMax="0.5" redMax="NaN"/>
      <Item number="17148" symbolicName="D_I_RES_ERR_CH3" type="eBoolAsEnum" unit="eDiagNoUnit" scale="1.0" redMin="NaN" yellowMin="NaN" yellowMax="0.5" redMax="NaN"/>
      <Item number="17149" symbolicName="D_I_RES_ERR_CH4" type="eBoolAsEnum" unit="eDiagNoUnit" scale="1.0" redMin="NaN" yellowMin="NaN" yellowMax="0.5" redMax="NaN"/>
      <Item number="17150" symbolicName="D_I_RES_ERR_CH5" type="eBoolAsEnum" unit="eDiagNoUnit" scale="1.0" redMin="NaN" yellowMin="NaN" yellowMax="0.5" redMax="NaN"/>
      <Item number="17151" symbolicName="D_I_RES_ERR_CH6" type="eBoolAsEnum" unit="eDiagNoUnit" scale="1.0" redMin="NaN" yellowMin="NaN" yellowMax="0.5" redMax="NaN"/>
      <Item number="17152" symbolicName="D_I_RES_ERR_CH7" type="eBoolAsEnum" unit="eDiagNoUnit" scale="1.0" redMin="NaN" yellowMin="NaN" yellowMax="0.5" redMax="NaN"/>
      <Item number="17153" symbolicName="D_I_RES_ERR_CH8" type="eBoolAsEnum" unit="eDiagNoUnit" scale="1.0" redMin="NaN" yellowMin="NaN" yellowMax="0.5" redMax="NaN"/>
      <Item number="17154" symbolicName="D_I_REF_REQ_CH1" type="eBoolAsEnum" unit="eDiagNoUnit" scale="1.0" redMin="NaN" yellowMin="NaN" yellowMax="0.5" redMax="NaN"/>
      <Item number="17155" symbolicName="D_I_REF_REQ_CH2" type="eBoolAsEnum" unit="eDiagNoUnit" scale="1.0" redMin="NaN" yellowMin="NaN" yellowMax="0.5" redMax="NaN"/>
      <Item number="17156" symbolicName="D_I_REF_REQ_CH3" type="eBoolAsEnum" unit="eDiagNoUnit" scale="1.0" redMin="NaN" yellowMin="NaN" yellowMax="0.5" redMax="NaN"/>
      <Item number="17157" symbolicName="D_I_REF_REQ_CH4" type="eBoolAsEnum" unit="eDiagNoUnit" scale="1.0" redMin="NaN" yellowMin="NaN" yellowMax="0.5" redMax="NaN"/>
      <Item number="17158" symbolicName="D_I_REF_REQ_CH5" type="eBoolAsEnum" unit="eDiagNoUnit" scale="1.0" redMin="NaN" yellowMin="NaN" yellowMax="0.5" redMax="NaN"/>
      <Item number="17159" symbolicName="D_I_REF_REQ_CH6" type="eBoolAsEnum" unit="eDiagNoUnit" scale="1.0" redMin="NaN" yellowMin="NaN" yellowMax="0.5" redMax="NaN"/>
      <Item number="17160" symbolicName="D_I_REF_REQ_CH7" type="eBoolAsEnum" unit="eDiagNoUnit" scale="1.0" redMin="NaN" yellowMin="NaN" yellowMax="0.5" redMax="NaN"/>
      <Item number="17161" symbolicName="D_I_REF_REQ_CH8" type="eBoolAsEnum" unit="eDiagNoUnit" scale="1.0" redMin="NaN" yellowMin="NaN" yellowMax="0.5" redMax="NaN"/>
      <Item number="17162" symbolicName="D_I_STA_CH1" type="eBoolAsEnum" unit="eDiagNoUnit" scale="1.0" redMin="0.5" yellowMin="NaN" yellowMax="NaN" redMax="NaN"/>
      <Item number="17164" symbolicName="D_I_STA_CH2" type="eBoolAsEnum" unit="eDiagNoUnit" scale="1.0" redMin="0.5" yellowMin="NaN" yellowMax="NaN" redMax="NaN"/>
      <Item number="17165" symbolicName="D_I_STA_CH3" type="eBoolAsEnum" unit="eDiagNoUnit" scale="1.0" redMin="0.5" yellowMin="NaN" yellowMax="NaN" redMax="NaN"/>
      <Item number="17166" symbolicName="D_I_STA_CH4" type="eBoolAsEnum" unit="eDiagNoUnit" scale="1.0" redMin="0.5" yellowMin="NaN" yellowMax="NaN" redMax="NaN"/>
      <Item number="17167" symbolicName="D_I_STA_CH5" type="eBoolAsEnum" unit="eDiagNoUnit" scale="1.0" redMin="0.5" yellowMin="NaN" yellowMax="NaN" redMax="NaN"/>
      <Item number="17168" symbolicName="D_I_STA_CH6" type="eBoolAsEnum" unit="eDiagNoUnit" scale="1.0" redMin="0.5" yellowMin="NaN" yellowMax="NaN" redMax="NaN"/>
      <Item number="17169" symbolicName="D_I_BGAK" type="eBoolAsEnum" unit="eDiagNoUnit" scale="1.0" redMin="NaN" yellowMin="NaN" yellowMax="NaN" redMax="NaN"/>
      <Item number="17170" symbolicName="D_I_ZS11" type="eBoolAsEnum" unit="eDiagNoUnit" scale="1.0" redMin="NaN" yellowMin="0.5" yellowMax="NaN" redMax="NaN"/>
      <Item number="17171" symbolicName="D_I_ZS12" type="eBoolAsEnum" unit="eDiagNoUnit" scale="1.0" redMin="0.5" yellowMin="NaN" yellowMax="NaN" redMax="NaN"/>
      <Item number="17172" symbolicName="D_I_ZS21" type="eBoolAsEnum" unit="eDiagNoUnit" scale="1.0" redMin="NaN" yellowMin="0.5" yellowMax="NaN" redMax="NaN"/>
      <Item number="17173" symbolicName="D_I_ZS22" type="eBoolAsEnum" unit="eDiagNoUnit" scale="1.0" redMin="0.5" yellowMin="NaN" yellowMax="NaN" redMax="NaN"/>
      <Item number="17174" symbolicName="D_I_ZS31" type="eBoolAsEnum" unit="eDiagNoUnit" scale="1.0" redMin="NaN" yellowMin="0.5" yellowMax="NaN" redMax="NaN"/>
      <Item number="17175" symbolicName="D_I_ZS32" type="eBoolAsEnum" unit="eDiagNoUnit" scale="1.0" redMin="0.5" yellowMin="NaN" yellowMax="NaN" redMax="NaN"/>
      <Item number="17176" symbolicName="D_I_EDIT" type="eBoolAsEnum" unit="eDiagNoUnit" scale="1.0" redMin="0.5" yellowMin="NaN" yellowMax="NaN" redMax="NaN"/>
      <Item number="17177" symbolicName="D_I_NHB" type="eBoolAsEnum" unit="eDiagNoUnit" scale="1.0" redMin="0.5" yellowMin="NaN" yellowMax="NaN" redMax="NaN"/>
      <Item number="17178" symbolicName="D_SAPP_AXIS1LIN_SBH_TOLERANCE" type="eDouble" unit="eDiagLength" scale="1.000000E-003" redMin="NaN" yellowMin="NaN" yellowMax="NaN" redMax="NaN"/>
      <Item number="17179" symbolicName="D_SAPP_AXIS1ROT_SBH_TOLERANCE" type="eDouble" unit="eDiagAngle" scale="1.0" redMin="NaN" yellowMin="NaN" yellowMax="NaN" redMax="NaN"/>
      <Item number="17180" symbolicName="D_SAPP_AXIS2LIN_SBH_TOLERANCE" type="eDouble" unit="eDiagLength" scale="1.000000E-003" redMin="NaN" yellowMin="NaN" yellowMax="NaN" redMax="NaN"/>
      <Item number="17181" symbolicName="D_SAPP_AXIS2ROT_SBH_TOLERANCE" type="eDouble" unit="eDiagAngle" scale="1.0" redMin="NaN" yellowMin="NaN" yellowMax="NaN" redMax="NaN"/>
      <Item number="17182" symbolicName="D_SAPP_AXIS3LIN_SBH_TOLERANCE" type="eDouble" unit="eDiagLength" scale="1.000000E-003" redMin="NaN" yellowMin="NaN" yellowMax="NaN" redMax="NaN"/>
      <Item number="17183" symbolicName="D_SAPP_AXIS3ROT_SBH_TOLERANCE" type="eDouble" unit="eDiagAngle" scale="1.0" redMin="NaN" yellowMin="NaN" yellowMax="NaN" redMax="NaN"/>
      <Item number="17184" symbolicName="D_SAPP_AXIS4LIN_SBH_TOLERANCE" type="eDouble" unit="eDiagLength" scale="1.000000E-003" redMin="NaN" yellowMin="NaN" yellowMax="NaN" redMax="NaN"/>
      <Item number="17185" symbolicName="D_SAPP_AXIS4ROT_SBH_TOLERANCE" type="eDouble" unit="eDiagAngle" scale="1.0" redMin="NaN" yellowMin="NaN" yellowMax="NaN" redMax="NaN"/>
      <Item number="17186" symbolicName="D_SAPP_AXIS5LIN_SBH_TOLERANCE" type="eDouble" unit="eDiagLength" scale="1.000000E-003" redMin="NaN" yellowMin="NaN" yellowMax="NaN" redMax="NaN"/>
      <Item number="17187" symbolicName="D_SAPP_AXIS5ROT_SBH_TOLERANCE" type="eDouble" unit="eDiagAngle" scale="1.0" redMin="NaN" yellowMin="NaN" yellowMax="NaN" redMax="NaN"/>
      <Item number="17188" symbolicName="D_SAPP_AXIS6LIN_SBH_TOLERANCE" type="eDouble" unit="eDiagLength" scale="1.000000E-003" redMin="NaN" yellowMin="NaN" yellowMax="NaN" redMax="NaN"/>
      <Item number="17189" symbolicName="D_SAPP_AXIS6ROT_SBH_TOLERANCE" type="eDouble" unit="eDiagAngle" scale="1.0" redMin="NaN" yellowMin="NaN" yellowMax="NaN" redMax="NaN"/>
      <Item number="17190" symbolicName="D_SAPP_AXIS7LIN_SBH_TOLERANCE" type="eDouble" unit="eDiagLength" scale="1.000000E-003" redMin="NaN" yellowMin="NaN" yellowMax="NaN" redMax="NaN"/>
      <Item number="17191" symbolicName="D_SAPP_AXIS7ROT_SBH_TOLERANCE" type="eDouble" unit="eDiagAngle" scale="1.0" redMin="NaN" yellowMin="NaN" yellowMax="NaN" redMax="NaN"/>
      <Item number="17192" symbolicName="D_SAPP_AXIS8LIN_SBH_TOLERANCE" type="eDouble" unit="eDiagLength" scale="1.000000E-003" redMin="NaN" yellowMin="NaN" yellowMax="NaN" redMax="NaN"/>
      <Item number="17193" symbolicName="D_SAPP_AXIS8ROT_SBH_TOLERANCE" type="eDouble" unit="eDiagAngle" scale="1.0" redMin="NaN" yellowMin="NaN" yellowMax="NaN" redMax="NaN"/>
      <Item number="17194" symbolicName="D_SAPP_AXIS9LIN_SBH_TOLERANCE" type="eDouble" unit="eDiagLength" scale="1.000000E-003" redMin="NaN" yellowMin="NaN" yellowMax="NaN" redMax="NaN"/>
      <Item number="17195" symbolicName="D_SAPP_AXIS9ROT_SBH_TOLERANCE" type="eDouble" unit="eDiagAngle" scale="1.0" redMin="NaN" yellowMin="NaN" yellowMax="NaN" redMax="NaN"/>
      <Item number="17196" symbolicName="D_SAPP_AXIS10LIN_SBH_TOLERANCE" type="eDouble" unit="eDiagLength" scale="1.000000E-003" redMin="NaN" yellowMin="NaN" yellowMax="NaN" redMax="NaN"/>
      <Item number="17197" symbolicName="D_SAPP_AXIS10ROT_SBH_TOLERANCE" type="eDouble" unit="eDiagAngle" scale="1.0" redMin="NaN" yellowMin="NaN" yellowMax="NaN" redMax="NaN"/>
      <Item number="17198" symbolicName="D_SAPP_AXIS11LIN_SBH_TOLERANCE" type="eDouble" unit="eDiagLength" scale="1.000000E-003" redMin="NaN" yellowMin="NaN" yellowMax="NaN" redMax="NaN"/>
      <Item number="17199" symbolicName="D_SAPP_AXIS11ROT_SBH_TOLERANCE" type="eDouble" unit="eDiagAngle" scale="1.0" redMin="NaN" yellowMin="NaN" yellowMax="NaN" redMax="NaN"/>
      <Item number="17200" symbolicName="D_SAPP_AXIS12LIN_SBH_TOLERANCE" type="eDouble" unit="eDiagLength" scale="1.000000E-003" redMin="NaN" yellowMin="NaN" yellowMax="NaN" redMax="NaN"/>
      <Item number="17201" symbolicName="D_SAPP_AXIS12ROT_SBH_TOLERANCE" type="eDouble" unit="eDiagAngle" scale="1.0" redMin="NaN" yellowMin="NaN" yellowMax="NaN" redMax="NaN"/>
      <Item number="17202" symbolicName="D_SAPP_AXIS13LIN_SBH_TOLERANCE" type="eDouble" unit="eDiagLength" scale="1.000000E-003" redMin="NaN" yellowMin="NaN" yellowMax="NaN" redMax="NaN"/>
      <Item number="17203" symbolicName="D_SAPP_AXIS13ROT_SBH_TOLERANCE" type="eDouble" unit="eDiagAngle" scale="1.0" redMin="NaN" yellowMin="NaN" yellowMax="NaN" redMax="NaN"/>
      <Item number="17204" symbolicName="D_SAPP_AXIS14LIN_SBH_TOLERANCE" type="eDouble" unit="eDiagLength" scale="1.000000E-003" redMin="NaN" yellowMin="NaN" yellowMax="NaN" redMax="NaN"/>
      <Item number="17205" symbolicName="D_SAPP_AXIS14ROT_SBH_TOLERANCE" type="eDouble" unit="eDiagAngle" scale="1.0" redMin="NaN" yellowMin="NaN" yellowMax="NaN" redMax="NaN"/>
      <Item number="17206" symbolicName="D_SAPP_AXIS15LIN_SBH_TOLERANCE" type="eDouble" unit="eDiagLength" scale="1.000000E-003" redMin="NaN" yellowMin="NaN" yellowMax="NaN" redMax="NaN"/>
      <Item number="17207" symbolicName="D_SAPP_AXIS15ROT_SBH_TOLERANCE" type="eDouble" unit="eDiagAngle" scale="1.0" redMin="NaN" yellowMin="NaN" yellowMax="NaN" redMax="NaN"/>
      <Item number="17208" symbolicName="D_SAPP_AXIS16LIN_SBH_TOLERANCE" type="eDouble" unit="eDiagLength" scale="1.000000E-003" redMin="NaN" yellowMin="NaN" yellowMax="NaN" redMax="NaN"/>
      <Item number="17209" symbolicName="D_SAPP_AXIS16ROT_SBH_TOLERANCE" type="eDouble" unit="eDiagAngle" scale="1.0" redMin="NaN" yellowMin="NaN" yellowMax="NaN" redMax="NaN"/>
      <Item number="17210" symbolicName="D_SAPP_AXIS17LIN_SBH_TOLERANCE" type="eDouble" unit="eDiagLength" scale="1.000000E-003" redMin="NaN" yellowMin="NaN" yellowMax="NaN" redMax="NaN"/>
      <Item number="17211" symbolicName="D_SAPP_AXIS17ROT_SBH_TOLERANCE" type="eDouble" unit="eDiagAngle" scale="1.0" redMin="NaN" yellowMin="NaN" yellowMax="NaN" redMax="NaN"/>
      <Item number="17212" symbolicName="D_SAPP_AXIS18LIN_SBH_TOLERANCE" type="eDouble" unit="eDiagLength" scale="1.000000E-003" redMin="NaN" yellowMin="NaN" yellowMax="NaN" redMax="NaN"/>
      <Item number="17213" symbolicName="D_SAPP_AXIS18ROT_SBH_TOLERANCE" type="eDouble" unit="eDiagAngle" scale="1.0" redMin="NaN" yellowMin="NaN" yellowMax="NaN" redMax="NaN"/>
      <Item number="17214" symbolicName="D_SAPP_AXIS19LIN_SBH_TOLERANCE" type="eDouble" unit="eDiagLength" scale="1.000000E-003" redMin="NaN" yellowMin="NaN" yellowMax="NaN" redMax="NaN"/>
      <Item number="17215" symbolicName="D_SAPP_AXIS19ROT_SBH_TOLERANCE" type="eDouble" unit="eDiagAngle" scale="1.0" redMin="NaN" yellowMin="NaN" yellowMax="NaN" redMax="NaN"/>
      <Item number="17216" symbolicName="D_SAPP_AXIS20LIN_SBH_TOLERANCE" type="eDouble" unit="eDiagLength" scale="1.000000E-003" redMin="NaN" yellowMin="NaN" yellowMax="NaN" redMax="NaN"/>
      <Item number="17217" symbolicName="D_SAPP_AXIS20ROT_SBH_TOLERANCE" type="eDouble" unit="eDiagAngle" scale="1.0" redMin="NaN" yellowMin="NaN" yellowMax="NaN" redMax="NaN"/>
      <Item number="17218" symbolicName="D_SAPP_AXIS21LIN_SBH_TOLERANCE" type="eDouble" unit="eDiagLength" scale="1.000000E-003" redMin="NaN" yellowMin="NaN" yellowMax="NaN" redMax="NaN"/>
      <Item number="17219" symbolicName="D_SAPP_AXIS21ROT_SBH_TOLERANCE" type="eDouble" unit="eDiagAngle" scale="1.0" redMin="NaN" yellowMin="NaN" yellowMax="NaN" redMax="NaN"/>
      <Item number="17220" symbolicName="D_SAPP_AXIS22LIN_SBH_TOLERANCE" type="eDouble" unit="eDiagLength" scale="1.000000E-003" redMin="NaN" yellowMin="NaN" yellowMax="NaN" redMax="NaN"/>
      <Item number="17221" symbolicName="D_SAPP_AXIS22ROT_SBH_TOLERANCE" type="eDouble" unit="eDiagAngle" scale="1.0" redMin="NaN" yellowMin="NaN" yellowMax="NaN" redMax="NaN"/>
      <Item number="17222" symbolicName="D_SAPP_AXIS23LIN_SBH_TOLERANCE" type="eDouble" unit="eDiagLength" scale="1.000000E-003" redMin="NaN" yellowMin="NaN" yellowMax="NaN" redMax="NaN"/>
      <Item number="17223" symbolicName="D_SAPP_AXIS23ROT_SBH_TOLERANCE" type="eDouble" unit="eDiagAngle" scale="1.0" redMin="NaN" yellowMin="NaN" yellowMax="NaN" redMax="NaN"/>
      <Item number="17224" symbolicName="D_SAPP_AXIS24LIN_SBH_TOLERANCE" type="eDouble" unit="eDiagLength" scale="1.000000E-003" redMin="NaN" yellowMin="NaN" yellowMax="NaN" redMax="NaN"/>
      <Item number="17225" symbolicName="D_SAPP_AXIS24ROT_SBH_TOLERANCE" type="eDouble" unit="eDiagAngle" scale="1.0" redMin="NaN" yellowMin="NaN" yellowMax="NaN" redMax="NaN"/>
      <Item number="17226" symbolicName="D_SAPPMAX_BRAKE_TIME" type="eUInt16" unit="eDiagTime" scale="1.000000E-003" redMin="NaN" yellowMin="NaN" yellowMax="NaN" redMax="NaN"/>
      <Item number="17227" symbolicName="D_O_US2" type="eBoolAsEnum" unit="eDiagNoUnit" scale="1.0" redMin="NaN" yellowMin="NaN" yellowMax="NaN" redMax="NaN"/>
      <Item number="17228" symbolicName="D_O_SBC" type="eBoolAsEnum" unit="eDiagNoUnit" scale="1.0" redMin="0.5" yellowMin="NaN" yellowMax="NaN" redMax="NaN"/>
      <Item number="17229" symbolicName="D_I_EJB" type="eBoolAsEnum" unit="eDiagNoUnit" scale="1.0" redMin="NaN" yellowMin="NaN" yellowMax="NaN" redMax="NaN"/>
      <Item number="17233" symbolicName="D_O_PSE" type="eUInt16AsBitfield" unit="eDiagNoUnit" scale="1.0" redMin="NaN" yellowMin="NaN" yellowMax="NaN" redMax="NaN"/>
      <Item number="17234" symbolicName="D_O_EPSE" type="eUInt16AsBitfield" unit="eDiagNoUnit" scale="1.0" redMin="NaN" yellowMin="NaN" yellowMax="NaN" redMax="NaN"/>
      <Item number="17235" symbolicName="D_O_CSL" type="eBoolAsEnum" unit="eDiagNoUnit" scale="1.0" redMin="0.5" yellowMin="NaN" yellowMax="NaN" redMax="NaN"/>
      <Item number="17236" symbolicName="D_O_LCSE" type="eBoolAsEnum" unit="eDiagNoUnit" scale="1.0" redMin="0.5" yellowMin="NaN" yellowMax="NaN" redMax="NaN"/>
      <Item number="17237" symbolicName="D_FLANGE_POS_VALID" type="eBoolAsEnum" unit="eDiagNoUnit" scale="1.0" redMin="NaN" yellowMin="NaN" yellowMax="NaN" redMax="NaN"/>
      <Item number="17238" symbolicName="D_I_NHS" type="eBoolAsEnum" unit="eDiagNoUnit" scale="1.0" redMin="NaN" yellowMin="NaN" yellowMax="NaN" redMax="NaN"/>
      <Item number="17239" symbolicName="D_I_STA_CH7" type="eBoolAsEnum" unit="eDiagNoUnit" scale="1.0" redMin="0.5" yellowMin="NaN" yellowMax="NaN" redMax="NaN"/>
      <Item number="17240" symbolicName="D_I_STA_CH8" type="eBoolAsEnum" unit="eDiagNoUnit" scale="1.0" redMin="0.5" yellowMin="NaN" yellowMax="NaN" redMax="NaN"/>
      <!-- SPLF: PROFIsafe-iPar-CRC -->
      <Item number="35025" symbolicName="D_PS_IPAR_CRC_STATUS" type="eUInt32AsEnum" unit="eDiagNoUnit" scale="1.0" redMin="NaN" yellowMin="0.5" yellowMax="NaN" redMax="2.5"/>
      <Item number="35026" symbolicName="D_PS_IPAR_SAFETY_CRC" type="eUInt32AsHex" unit="eDiagNoUnit" scale="1.0" redMin="NaN" yellowMin="NaN" yellowMax="NaN" redMax="NaN"/>
      <Item number="35027" symbolicName="D_PS_IPAR_RECEIVED_CRC" type="eUInt32AsHex" unit="eDiagNoUnit" scale="1.0" redMin="NaN" yellowMin="NaN" yellowMax="NaN" redMax="NaN"/>
      <!-- CIPS-SCID -->
      <Item number="35028" symbolicName="D_CIPS_SCID_CRC" type="eUInt32AsHex" unit="eDiagNoUnit" scale="1.0" redMin="NaN" yellowMin="NaN" yellowMax="NaN" redMax="NaN"/>
      <Item number="35029" symbolicName="D_CIPS_SCID_DATE" type="eUInt16" unit="eDiagNoUnit" scale="1.0" redMin="NaN" yellowMin="NaN" yellowMax="NaN" redMax="NaN"/>
      <Item number="35030" symbolicName="D_CIPS_SCID_TIME" type="eUInt32" unit="eDiagNoUnit" scale="1.0" redMin="NaN" yellowMin="NaN" yellowMax="NaN" redMax="NaN"/>
      <Item number="35031" symbolicName="D_CIPS_SCID_STATE" type="eUInt32AsEnum" unit="eDiagNoUnit" scale="1.0" redMin="NaN" yellowMin="1.5" yellowMax="NaN" redMax="2.5"/>
   </ViewProperties>
</HnfDiagMonApi>
