<?xml version="1.0" encoding="UTF-8"?>
<HnfHlp xmlns:xsi="http://www.w3.org/2001/XMLSchema-instance" xsi:noNamespaceSchemaLocation="/Roboter/Config/System/Common/Schemes/HnfHlp.xsd">
<!--HnfHlp xmlns:xsi="http://www.w3.org/2001/XMLSchema-instance" xsi:noNamespaceSchemaLocation="Schemes/HnfHlp.xsd"-->
   <Communication>
      <Asynchronous>
         <!-- Up to three asynchronous connections are allowed (see HNF_MAX_ASY_COMM_CHANNEL in hnfCommon.h) -->
         <Connection driver="PNIODriver" busInstance="PNIO-DEV" hnfId="PSAsyIO" enable="true">
            <!-- Asynchronous connection for Profisafe stack via profinet device -->
            <!-- hnfId can be EchoAsyIO or PSAsyIO  -->
            <!-- if enable is false the entry is ignored  -->
            <Hnf channel="1">
               <!-- IO offset is not restricted -->
               <!-- IO size can be 0 up to 127 -->
               <!-- zero size data is received/send if offset+size is byond received/send data size -->
               <IO direction="IN" offset="0" size="127"/>
               <IO direction="OUT" offset="0" size="127"/>
            </Hnf>
            <Hnf channel="2">
               <IO direction="IN" offset="0" size="127"/>
               <IO direction="OUT" offset="0" size="127"/>
            </Hnf>
         </Connection>
         <Connection driver="EIPIODriver" busInstance="EIP-ADAPTER" hnfId="EIPIO" enable="true">
            <!-- Dummy connection to EIP I/O device, used to activate messages from driver -->
            <!-- Note: shm to driver is define in EIP_BUFFER_SHM_NAME -->
            <Hnf channel="1">
               <IO direction="IN" offset="0" size="0"/>
               <IO direction="OUT" offset="0" size="0"/>
            </Hnf>
            <Hnf channel="2">
               <IO direction="IN" offset="0" size="0"/>
               <IO direction="OUT" offset="0" size="0"/>
            </Hnf>
         </Connection>
         <Connection driver="ECatIODriver" busInstance="ECAT-CTRLBUS" hnfId="COEAsyIO" enable="true">
            <!-- Asynchronous COE communication -->
            <Hnf channel="1">
               <IO direction="IN" offset="0" size="127"/>
               <IO direction="OUT" offset="0" size="127"/>
            </Hnf>
            <Hnf channel="2">
               <IO direction="IN" offset="0" size="127"/>
               <IO direction="OUT" offset="0" size="127"/>
            </Hnf>
         </Connection>
      </Asynchronous>
      <Synchronous>
         <Capture count="30">
            <bus mask="65535"/>
            <autostart enable="true"/>
            <trigger>
               <trailer len="4"/>
               <connection-loss enable="true"/>
               <watchdog-expired enable="true"/>
               <fail-safe-state enable="true"/>
               <error enable="true"/>
               <safe-application enable="true"/>
               <shared-kcp-failed enable="true"/>
               <device-api enable="true"/>
               <autostop enable="false"/>
            </trigger>
         </Capture>
      </Synchronous>
   </Communication>
   <Tasks>
     <!-- Configuration for tasks -->
     <iHnf channel="1" priority="0" start_priority="0" core="0" start_core="1" cycle="0"/>
     <iHnf channel="2" priority="0" start_priority="0" core="0" start_core="1" cycle="0"/>
     <tSOSSched priority="0" tick="0" delay="5"/>
     <tHnfIoHlp priority="0" tick="0" delay="4"/>
     <tHnfFApiHlp priority="0" tick="0" delay="0"/>
     <tHnfDiagMonApiHlp priority="0" tick="0" delay="0"/>
     <tHnfAsyCommHlp priority="0" tick="0" delay="0"/>
   </Tasks>
   <PersistenceService lock_timeout_ms="5000"/>
</HnfHlp>
