<?xml version="1.0" encoding="UTF-8"?>
<Driver Name="Kcp3Driver" kukaVersion="1" xmlns:xsi="http://www.w3.org/2001/XMLSchema-instance" xsi:noNamespaceSchemaLocation="/Roboter/Config/System/Common/Schemes/Kcp3Drv.xsd">
  <Config>
    <NetworkIFInfo>
      <DeviceNumber>3</DeviceNumber>
    </NetworkIFInfo>
    <StatusServer>
      <ServerPortNumber>54203</ServerPortNumber>
      <ClientPortNumber>54202</ClientPortNumber>
      <ThreadPriority>180</ThreadPriority>
    </StatusServer>
    <CyclicServer>
      <ServerPortNumberKSB>54201</ServerPortNumberKSB>
      <ServerPortNumberKLI>54210</ServerPortNumberKLI>
      <ClientPortNumberKSB>54200</ClientPortNumberKSB>
      <ClientPortNumberKLI>54211</ClientPortNumberKLI>
      <MessageLossTolerance>5</MessageLossTolerance>
      <UnplugCountdownSec>30</UnplugCountdownSec>
      <ThreadPriority>171</ThreadPriority>
    </CyclicServer>
    <SpaceMouse>
      <Nullradius1>100</Nullradius1>
      <Nullradius2>100</Nullradius2>
      <Nullradius3>100</Nullradius3>
      <Nullradius4>100</Nullradius4>
      <Nullradius5>100</Nullradius5>
      <Nullradius6>100</Nullradius6>
      <ErrorLimit1>20</ErrorLimit1>
      <ErrorLimit2>20</ErrorLimit2>
      <ErrorLimit3>20</ErrorLimit3>
      <ErrorLimit4>20</ErrorLimit4>
      <ErrorLimit5>20</ErrorLimit5>
      <ErrorLimit6>20</ErrorLimit6>
    </SpaceMouse>
    <ApplicationModuleName>KRC</ApplicationModuleName>
  </Config>
</Driver>