<?xml version="1.0" encoding="UTF-8"?>
<!--*******************************************************************    			-->
<!--                                                                       							-->
<!--Kernel System  ProConOS-Application                                          				-->
<!--                                                                       							-->
<!--Filename:    ProConOS_KcpKeys.xml                                               				-->
<!--                                                                       							-->
<!--Copyright (C) 2007 KUKA Controls GmbH -  Alle Rechte vorbehalten -->
<!--*******************************************************************    			-->
<!--                                                                       							-->
<!--Description: KCP3 application configuration                              			-->
<!--                                                                       							-->
<!--*******************************************************************    			-->
<!--{{[CL]                                                                 							-->
<!--                                                                       							-->
<!--*******************************************************************    			-->
<!--                                                                       							-->
<!-- When          Programmer          Reviewer                              			-->
<!--                   What                                                   						-->
<!-- - - - - -        - - - - -                    - - - -                    							-->
<!-- 11.07.2008   Zurbau                 none                    							-->
<!--                    Creation                                                                     -->
<!--*******************************************************************    			-->
<!--[CL]}}                                                                 							-->
<!--EndOfHeader-->
<KcpKeys xsi:noNamespaceSchemaLocation="/Roboter/Config/System/Common/Schemes/ProConOS_KcpKeys.xsd" xmlns:xsi="http://www.w3.org/2001/XMLSchema-instance">

	<KCPDriver Name="Kcp3Driver" Instance="KCP3"/>
	<!-- Size of CtrlBlk = ByteOffset (aus dem KRC_KCP3.xml) -->
	<!-- DigBase = BitOffset (aus dem KRC_KCP3.xml) -->
	<KeySegment ByteOffset="26" BitOffset="20">
		<Mapping>
			<Left>0</Left>
			<Stop>1</Stop>
			<Right>2</Right>
			<Esc>3</Esc>
			<Menu1>4</Menu1>
			<Menu2>5</Menu2>
			<Menu3>6</Menu3>
			<Menu4>7</Menu4>
			<Start>8</Start>
			<Keyboard>9</Keyboard>
			<Neg1>10</Neg1>
			<Pos1>11</Pos1>
			<Neg2>12</Neg2>
			<Pos2>13</Pos2>
			<Neg3>14</Neg3>
			<Pos3>15</Pos3>
			<Neg4>16</Neg4>
			<Pos4>17</Pos4>
			<Neg5>18</Neg5>
			<Pos5>19</Pos5>
			<Neg6>20</Neg6>
			<Pos6>21</Pos6>
			<Neg7>22</Neg7>
			<Pos7>23</Pos7>
			<Neg8>24</Neg8>
			<Pos8>25</Pos8>
			<Menu>26</Menu>
		</Mapping>
	</KeySegment>
	
</KcpKeys>
