<?xml version="1.0" encoding="UTF-8"?>
<SystemManager xsi:noNamespaceSchemaLocation="Schemes/System.xsd" xmlns:xsi="http://www.w3.org/2001/XMLSchema-instance">
   <Version Label="">
      <Info Version="KUKA V8.3"/>
      <Schema Version="1"/>
   </Version>
   <PMS RcvPort="54220" SndPort="54221" SendStatus="false" />
   <!-- defaultMessageConsumer -->
   <!-- This is the name of the default message consumer that is created -->
   <!-- if no module specifies itself as the message consumer. -->
   <!-- See Modules.xsd -->
   <MessageConsumer>defaultMessageConsumer</MessageConsumer>
   <!-- DisableBootTimer -->
   <!-- 0: Ueberwachungstimer fuer Bootphasen ist aktiv -->
   <!-- !=0: Ueberwachungstimer fuer Bootphasen ist nicht aktiv -->
   <DisableBootTimer>0</DisableBootTimer>
   <!-- DebugStrategy -->
   <!-- 0: System Manager stoppt nicht -->
   <!-- 1: System Manager stoppt vor dem Module laden -->
   <!-- 2: System Manager stoppt nach Laden eines Moduls --> 
   <!-- 4: System Manager stoppt nach dem Laden aller Module (vor senden von CreateObjects)-->
   <!-- 8: unbenutzt -->
   <!-- 16: System Manager stoppt nach jeder Bootphase -->
   <DebugStrategy>0</DebugStrategy>
   <BootMeasure>0</BootMeasure>
   <AssertStop>0</AssertStop>
</SystemManager>