<?xml version="1.0" standalone="yes"?>
<TSM version="2.0.0" xmlns:xsi="http://www.w3.org/2001/XMLSchema-instance" xsi:noNamespaceSchemaLocation="/Roboter/Config/System/Common/Schemes/tsm.xsd">

   <!-- Global Settings -->
   <Global StartOnSystemBoot="true">
      <!-- Logfile Settings -->
      <!-- Logfile names are created in the format TSM_[n]_Trace_C[core].log -->
      <LogFile MaxLogs="10" TTonTSMLog="true"/>
      <!-- Times -->
      <!-- WaitTicksAfterLogging: # of ticks after logging after next Log is enabled -->
      <!-- StopTimeout: Maximum ticks to wait for logging to finish if stop is called -->
      <Times WaitTicksAfterLogging="100" StopTimeout="2000" />
      <!-- Tracelib settings -->
      <!-- EventMask="n" Bitmask of events to be traced -->
      <!-- Bit0=Tick, Bit1=Taskswitch, Bit2=IRQ Enter, Bit3=IRQ Exit, Bit4=IPI Send, Bit5=IPI Recv, Bit6=User event, Bit7=Task-Priority-Set -->
      <!-- ACHTUNG: Task-Priority-Set erst ab BoardPackage 1.0.X Build 28 instrumentiert -->
      
      <!-- Cores="n". Bitmask of cores to be traced. The tick creating core has to be traced in any case  -->
      <!-- BufferSize="n" Size of trace buffer. Rounded up to next power of 2. -->
      <!--                Buffer size in bytes = 32 * BufferSize -->
      <TraceLib EventMask="127" Cores="255" BufferSize="8192"/>
   </Global>
   
   <!-- Trigger conditions -->
   <!-- IPOStop="true"/"false": Log on IPO Stop -->
   <!-- TTLog="true"/"false": Log on TT Log -->
   <!-- RobotStop="n": Log on the following stop types (Bitmask): Bit0=Rampstop, Bit1=Generatoric, Bit2=Pathconform -->
   <!-- Remote="true"/"false": Trigger from remote enabled -->
   <Trigger IPOStop="true" TTLog="true" RobotStop="0" Remote="true">
      <!-- Log on the following error numbers -->
      <Errors Enable="false">
         <Number>0</Number>
      </Errors>
      <Events Enable="false">
         <Id>0</Id>
      </Events>
      <!-- Log on supension of the following tasks -->
      <SuspendedTasks Enable="false">
         <Task>tTest</Task>
      </SuspendedTasks>
   </Trigger>

   <!-- IdleTaskMonitoring Settings -->
   <!-- WARNING: THIS FUNCTION IS ONLY FOR TEST PURPOSES, IT MUST NOT BE ACTIVATED ON PRODUCTIVE SYSTEMS -->
   <!-- Timeout=Timeout in ms-->
   <!-- MinThrshInPct=Min percentage of idle time during timeout period -->
   <!-- SuspendStrategy=0: Only trigger log 1: Suspend only lowest prio task, 2: Use heuristic -->
   <!-- ResumeTimeout=Timeout in ms for suspended task to be resumed if idle task has not run -->
   <IdleTaskMonitoring Enable="false" Timeout="30000" MinThrshInPct="0" SuspendStrategy="1" ResumeTimeout="30000"/>

   <!-- OnlineMonitoring Settings -->
   <!-- The following values can be monitored for cyclic tasks:
        T1: Timespan between cycle start and task start
        T2: Total runtime of a task within the cycle
        T3: Timespan between task stop and cycle end -->
   <!-- The following values can be monitored for ready tasks:
        T:  Timespan while the Task is in ready state -->
   <OnlineMonitoring>
      <Cyclic Enable="false" Task="tZYK_HP" Cycle="1" TSMLogTrigger="true" T1MaxYellow="50" T1MaxRed="100" T2MaxYellow="100" T2MaxRed="200" T3MinYellow="500" T3MinRed="50" />
      <Cyclic Enable="false" Task="tZYK_preIPO" Cycle="12" TSMLogTrigger="true" T1MaxYellow="50" T1MaxRed="100" T2MaxYellow="100" T2MaxRed="200" T3MinYellow="500" T3MinRed="50" />
      <Ready Enable="false" Task="R_INT" TSMLogTrigger="true" TMaxYellow="4000" TMaxRed="8000" />
   </OnlineMonitoring>
   
   
   <!-- Autoscan Settings. -->
   <!-- Caution: This uses the outdated version of autoscan, left here for compatibility 
        reasons. To use the new version just enter "tsmAutoscanStart <durationInSeconds>"
        into the Putty Shell. See the tsm-documentation for further information or call 
        "tsmHelp" into Putty Shell -->
   <Autoscan Enable="false" Duration="3600"/>
   
   <!-- Additional Statistics -->
   <!-- You can en/disable the following Statistics:
         - CyclicTaskStaistics:  Sums the runtime of a task in one cycle, and runs statistics with these runtimes. 
           i.E. Mean Runtime per Cycle, latest Starttime in its Cycle. 
           Notes: Enabling CyclicTaskStaistics disables ReadyTaskStatisics for all Cyclic Tasks. To specify, whether
           a Task is cyclic, its scheduler must register to TSM. See TSM Documentation for this.
         - ReadyTaskStatisics: Sums the runtime of a task while it is Ready, and runs statistics with these runtimes.
           i.E. Mean Runtime per Ready, maxScheduledOut (max. Time for how long this task blocks lower prio tasks)
      -->
   <AdditionalStatistics>
      <CyclicTaskStatistics Enable="false"/>
      <ReadyTaskStatistics Enable="false"/>
   </AdditionalStatistics>
</TSM>
