﻿<?xml version="1.0" encoding="utf-8" ?>
<Notifications>
   <!--
   <Setter State="Started" Name="CHANNEL_1" Value="1" />
   -->
   <Notification State="Initializing" LogBook="None" Message="None" />
   <Notification State="SelfUpdate" LogBook="Info" Message="Info" />
   <Notification State="Downloading" LogBook="Info" Message="Info" />
   <Notification State="DependencyCheck" LogBook="Info" Message="Info" />
   <Notification State="WaitForConfirmation" LogBook="Info" Message="Info" />
   <Notification State="Scheduled" LogBook="Info" Message="State" />
   <Notification State="WaitForInstallationPermission" LogBook="Info" Message="State" />
   <Notification State="Executing" LogBook="Info" Message="State" >
      <!--
      <Setter Name="CHANNEL_2" Value="1" Mode="OnEnter"/>
      <Setter Name="CHANNEL_2" Value="0" Mode="OnLeave"/>
      -->
   </Notification>
   <Notification State="Cancelled" LogBook="Warning" Message="Quitt" />
   <Notification State="Succeeded" LogBook="Info" Message="Info" />
   <Notification State="Failed" LogBook="Error" Message="Quitt" />
   <!--<Setter State="Finished" Name="CHANNEL_1" Value="0"  />-->
   
   <!--Examples for other possible configurations for actions or setters are-->
   <!--
   <Setter State="Finished" Name="UpdateId[]" Value="%Id%" OnError="Continue" />
   <Setter State="Finished" Name="UpdateName[]" Value="%Name%" OnError="Continue" />
   <Setter State="Finished" Name="UpdateState[]" Value="%State%" OnError="Continue" />
   -->

   <!--With the Action element system functions can be called.-->
   <!--
   <Action State="Finished" Value="CallASystemMethod()"  OnError="Continue"/>
   -->
   
   <!--Description-->
   <!--A <Setter/> element can be used inside a <Notfication/> or as stand alone element (see samples above). 
       When used inside a <Notfication/> element the state of the <Notfication/> is used.
	    - The 'Name' atttibute can be a global variable name, signal or IO.
	    - The 'Value' attribute can be a krl expression e.g. NOT $IN[10].
	    - The 'Mode' attribute can be used to specify the execution time of the setter. 
         If the value is set to 'OnEnter' the setter is executed when the job enters the specified state, 
         when set to 'OnLeave' it is executed when the job leaves the specified state. 
		   Possible values are OnEnter, OnLeave or OnEnterAndLeave. The default value is OnEnter.
         
	    - The 'OnError' attribute can be used to ignore errors that occured when executing the setter
		   Possible values are Continue and Fail. The default value is Fail.
	    
      - KRC outputs such as "$OUT[11]" can't be used, use signals or variables instead
      
	   There are also some wildcards that can be used to get information about the update.
      Possible wildcards are: %Name%, %Id%, %State%  (see samples above)
	   -->
   
</Notifications>