<?xml version="1.0" encoding="UTF-8" ?> 
 <!--  Mit XMLSpy v2007 sp1 bearbeitet (http://www.altova.com) von Dominik Wenger (KUKA Roboter GMBH) 
  --> 
 <Trace xmlns:xsi="http://www.w3.org/2001/XMLSchema-instance" xsi:noNamespaceSchemaLocation="/Roboter/Config/System/Common/Schemes/Tracedef.xsd">
  <Time>30</Time> 
  <PreTrigger>100</PreTrigger> 
  <Basename>Test1</Basename> 
 <Modules>
 <Module>
  <Name>CFChannel#1</Name> 
  <Rate>1000</Rate> 
  <Channel>450</Channel> 
  <Channel>451</Channel> 
  <Channel>452</Channel> 
  <Channel>453</Channel> 
  <Channel>454</Channel> 
  <Channel>455</Channel> 
  <Channel>456</Channel> 
  <Channel>457</Channel> 
  <Channel>458</Channel> 
  <Channel>459</Channel> 
  </Module>
 <Module>
  <Name>CFChannel#2</Name> 
  <Rate>1000</Rate> 
  <Channel>450</Channel> 
  <Channel>451</Channel> 
  <Channel>452</Channel> 
  <Channel>453</Channel> 
  <Channel>454</Channel> 
  <Channel>455</Channel> 
  <Channel>456</Channel> 
  <Channel>457</Channel> 
  <Channel>458</Channel> 
  <Channel>459</Channel> 
  </Module>
 <Module>
  <Name>CFChannel#3</Name> 
  <Rate>1000</Rate> 
  <Channel>450</Channel> 
  <Channel>451</Channel> 
  <Channel>452</Channel> 
  <Channel>453</Channel> 
  <Channel>454</Channel> 
  <Channel>455</Channel> 
  <Channel>456</Channel> 
  <Channel>457</Channel> 
  <Channel>458</Channel> 
  <Channel>459</Channel> 
  </Module>
 <Module>
  <Name>CFChannel#4</Name> 
  <Rate>1000</Rate> 
  <Channel>450</Channel> 
  <Channel>451</Channel> 
  <Channel>452</Channel> 
  <Channel>453</Channel> 
  <Channel>454</Channel> 
  <Channel>455</Channel> 
  <Channel>456</Channel> 
  <Channel>457</Channel> 
  <Channel>458</Channel> 
  <Channel>459</Channel> 
  </Module>
 <Module>
  <Name>CFChannel#5</Name> 
  <Rate>1000</Rate> 
  <Channel>450</Channel> 
  <Channel>451</Channel> 
  <Channel>452</Channel> 
  <Channel>453</Channel> 
  <Channel>454</Channel> 
  <Channel>455</Channel> 
  <Channel>456</Channel> 
  <Channel>457</Channel> 
  <Channel>458</Channel> 
  <Channel>459</Channel> 
  </Module>
 <Module>
  <Name>CFChannel#6</Name> 
  <Rate>1000</Rate> 
  <Channel>450</Channel> 
  <Channel>451</Channel> 
  <Channel>452</Channel> 
  <Channel>453</Channel> 
  <Channel>454</Channel> 
  <Channel>455</Channel> 
  <Channel>456</Channel> 
  <Channel>457</Channel> 
  <Channel>458</Channel> 
  <Channel>459</Channel> 
  </Module>
 <Module>
  <Name>CFChannel#7</Name> 
  <Rate>1000</Rate> 
  <Channel>450</Channel> 
  <Channel>451</Channel> 
  <Channel>452</Channel> 
  <Channel>453</Channel> 
  <Channel>454</Channel> 
  <Channel>455</Channel> 
  <Channel>456</Channel> 
  <Channel>457</Channel> 
  <Channel>458</Channel> 
  <Channel>459</Channel> 
  </Module>
 <!-- 
Module>
         <Name>CFChannel#2</Name>
         <Rate>125</Rate>
         <Channel>450</Channel>
         <Channel>451</Channel>
         <Channel>452</Channel>
         <Channel>453</Channel>
         <Channel>454</Channel>
         <Channel>455</Channel>
         <Channel>456</Channel>
         <Channel>457</Channel>
         <Channel>458</Channel>
         <Channel>459</Channel>
      </Module>
      <Module>
         <Name>NextGenDrive#1</Name>
         <Rate>1000</Rate>
         <Channel>1</Channel>       
         <Channel>2</Channel>       
         <Channel>3</Channel>       
         <Channel>6</Channel>       
         <Channel>7</Channel>       
         <Channel>10</Channel>       
         <Channel>11</Channel>       
         <Channel>13</Channel>       
         <Channel>14</Channel>      
         <Channel>17</Channel>                  
         <Channel>18</Channel>       
         <Channel>100</Channel>       
         <Channel>109</Channel>       
      </Module>
      <Module>
         <Name>ThinMMDrive#LBR5_1</Name>
         <Rate>1000</Rate>
         <Channel>1</Channel>
         <Channel>2</Channel>
         <Channel>3</Channel>
         <Channel>4</Channel>
         <Channel>5</Channel>
         <Channel>6</Channel>
         <Channel>7</Channel>
         <Channel>8</Channel>
      </Module>
      <Module>
         <Name>NextGenDrive#2</Name>
         <Rate>1000</Rate>
         <Channel>1</Channel>       
         <Channel>2</Channel>       
         <Channel>3</Channel>       
         <Channel>6</Channel>       
         <Channel>7</Channel>       
         <Channel>10</Channel>       
         <Channel>11</Channel>       
         <Channel>13</Channel>       
         <Channel>14</Channel>      
         <Channel>17</Channel>                  
         <Channel>18</Channel>       
         <Channel>100</Channel>       
         <Channel>109</Channel>       
      </Module>
      <Module>
         <Name>ThinMMDrive#LBR5_2</Name>
         <Rate>1000</Rate>
         <Channel>1</Channel>
         <Channel>2</Channel>
         <Channel>3</Channel>
         <Channel>4</Channel>
         <Channel>5</Channel>
         <Channel>6</Channel>
         <Channel>7</Channel>
         <Channel>8</Channel>
      </Module>
      <Module>
         <Name>NextGenDrive#3</Name>
         <Rate>1000</Rate>
         <Channel>1</Channel>       
         <Channel>2</Channel>       
         <Channel>3</Channel>       
         <Channel>6</Channel>       
         <Channel>7</Channel>       
         <Channel>10</Channel>       
         <Channel>11</Channel>       
         <Channel>13</Channel>       
         <Channel>14</Channel>      
         <Channel>17</Channel>                  
         <Channel>18</Channel>       
         <Channel>100</Channel>       
         <Channel>109</Channel>       
      </Module>
      <Module>
         <Name>ThinMMDrive#LBR5_3</Name>
         <Rate>1000</Rate>
         <Channel>1</Channel>
         <Channel>2</Channel>
         <Channel>3</Channel>
         <Channel>4</Channel>
         <Channel>5</Channel>
         <Channel>6</Channel>
         <Channel>7</Channel>
         <Channel>8</Channel>
      </Module>
      <Module>
         <Name>NextGenDrive#4</Name>
         <Rate>1000</Rate>
         <Channel>1</Channel>       
         <Channel>2</Channel>       
         <Channel>3</Channel>       
         <Channel>6</Channel>       
         <Channel>7</Channel>       
         <Channel>10</Channel>       
         <Channel>11</Channel>       
         <Channel>13</Channel>       
         <Channel>14</Channel>      
         <Channel>17</Channel>                  
         <Channel>18</Channel>       
         <Channel>100</Channel>       
         <Channel>109</Channel>       
      </Module>
      <Module>
         <Name>ThinMMDrive#LBR5_4</Name>
         <Rate>1000</Rate>
         <Channel>1</Channel>
         <Channel>2</Channel>
         <Channel>3</Channel>
         <Channel>4</Channel>
         <Channel>5</Channel>
         <Channel>6</Channel>
         <Channel>7</Channel>
         <Channel>8</Channel>
      </Module>
      <Module>
         <Name>NextGenDrive#5</Name>
         <Rate>1000</Rate>
         <Channel>1</Channel>       
         <Channel>2</Channel>       
         <Channel>3</Channel>       
         <Channel>6</Channel>       
         <Channel>7</Channel>       
         <Channel>10</Channel>       
         <Channel>11</Channel>       
         <Channel>13</Channel>       
         <Channel>14</Channel>      
         <Channel>17</Channel>                  
         <Channel>18</Channel>       
         <Channel>100</Channel>       
         <Channel>109</Channel>       
      </Module>
      <Module>
         <Name>ThinMMDrive#LBR5_5</Name>
         <Rate>1000</Rate>
         <Channel>1</Channel>
         <Channel>2</Channel>
         <Channel>3</Channel>
         <Channel>4</Channel>
         <Channel>5</Channel>
         <Channel>6</Channel>
         <Channel>7</Channel>
         <Channel>8</Channel>
      </Module>
      <Module>
         <Name>NextGenDrive#6</Name>
         <Rate>1000</Rate>
         <Channel>1</Channel>       
         <Channel>2</Channel>       
         <Channel>3</Channel>       
         <Channel>6</Channel>       
         <Channel>7</Channel>       
         <Channel>10</Channel>       
         <Channel>11</Channel>       
         <Channel>13</Channel>       
         <Channel>14</Channel>      
         <Channel>17</Channel>                  
         <Channel>18</Channel>       
         <Channel>100</Channel>       
         <Channel>109</Channel>       
      </Module>
      <Module>
         <Name>ThinMMDrive#LBR5_6</Name>
         <Rate>1000</Rate>
         <Channel>1</Channel>
         <Channel>2</Channel>
         <Channel>3</Channel>
         <Channel>4</Channel>
         <Channel>5</Channel>
         <Channel>6</Channel>
         <Channel>7</Channel>
         <Channel>8</Channel>
      </Module>
      <Module>
         <Name>NextGenDrive#7</Name>
         <Rate>1000</Rate>
         <Channel>1</Channel>       
         <Channel>2</Channel>       
         <Channel>3</Channel>       
         <Channel>6</Channel>       
         <Channel>7</Channel>       
         <Channel>10</Channel>       
         <Channel>11</Channel>       
         <Channel>13</Channel>       
         <Channel>14</Channel>      
         <Channel>17</Channel>                  
         <Channel>18</Channel>       
         <Channel>100</Channel>       
         <Channel>109</Channel>       
      </Module

  --> 
  </Modules>
 <Trigger>
  <ModuleName>ThinMMDrive#LBR5_0</ModuleName> 
  <ID>0</ID> 
  <Param1>0</Param1> 
  </Trigger>
  </Trace>