<?xml version="1.0" encoding="utf-8"?>
<Trace xmlns:xsi="http://www.w3.org/2001/XMLSchema-instance" xmlns:xsd="http://www.w3.org/2001/XMLSchema">
  <Time>120</Time>
  <PreTrigger>100</PreTrigger>
  <Basename>Tracedef_BbRA_1</Basename>
  <Modules>
    <Module>
      <Name>KRCIpo</Name>
      <Rate>12000</Rate>
      <!-- [X,Y,Z,A,B,C]_CmdIpo -->
      <!-- Interpolator Soll-Werte von X,Y,Z,A,B,C -->
      <Channel>1</Channel>
      <Channel>2</Channel>
      <Channel>3</Channel>
      <Channel>4</Channel>
      <Channel>5</Channel>
      <Channel>6</Channel>
      <!-- [X,Y,Z,A,B,C]_CmdSpl -->
      <!-- Spline-Interpolator Soll-Werte von X,Y,Z,A,B,C -->
      <Channel>2001</Channel>
      <Channel>2002</Channel>
      <Channel>2003</Channel>
      <Channel>2004</Channel>
      <Channel>2005</Channel>
      <Channel>2006</Channel>      
      <!-- AxisPos_CmdIpo[i] -->
      <!-- Interpolator Soll-Positionen der Achsen -->
      <Channel>7</Channel>
      <Channel>8</Channel>
      <Channel>9</Channel>
      <Channel>10</Channel>
      <Channel>11</Channel>
      <Channel>12</Channel>
      <!--
      <Channel>13</Channel>
      <Channel>14</Channel>
      <Channel>15</Channel>
      <Channel>16</Channel>
      <Channel>17</Channel>
      <Channel>18</Channel>
      -->
      <!-- AxisPos_CmdSpl[i] -->
      <!-- Spline-Interpolator Soll-Positionen der Achsen -->
      <Channel>2007</Channel>
      <Channel>2008</Channel>
      <Channel>2009</Channel>
      <Channel>2010</Channel>
      <Channel>2011</Channel>
      <Channel>2012</Channel>
      <!-- 
      <Channel>2013</Channel>
      <Channel>2014</Channel>
      <Channel>2015</Channel>
      <Channel>2016</Channel>
      <Channel>2017</Channel>
      <Channel>2018</Channel>
      -->
      <!-- [X,Y,Z,A,B,C]_Act -->
      <!-- Interpolator Ist-Werte von X,Y,Z,A,B,C -->
      <Channel>37</Channel>
      <Channel>38</Channel>
      <Channel>39</Channel>
      <Channel>40</Channel>
      <Channel>41</Channel>
      <Channel>42</Channel>
      <!-- AxisPos_Act[i] -->
      <!-- Interpolator Ist-Positionen der Achsen -->
      <Channel>43</Channel>
      <Channel>44</Channel>
      <Channel>45</Channel>
      <Channel>46</Channel>
      <Channel>47</Channel>
      <Channel>48</Channel>
      <!--
      <Channel>49</Channel>
      <Channel>50</Channel>
      <Channel>51</Channel>
      <Channel>52</Channel>
      <Channel>53</Channel>
      <Channel>54</Channel>
      -->
      <!-- CartVel_CmdIpo -->
      <Channel>2896</Channel>
      <!-- CartVel_CmdSpl -->
      <Channel>2081</Channel>
      <!-- CartVel_Act -->
      <Channel>2897</Channel>
      <!-- AxisVel_Act[i] -->
      <!-- Interpolator Ist-Geschwindigkeiten der Achsen -->
      <Channel>2824</Channel>
      <Channel>2825</Channel>
      <Channel>2826</Channel>
      <Channel>2827</Channel>
      <Channel>2828</Channel>
      <Channel>2829</Channel>
      <!-- 
      <Channel>2830</Channel>
      <Channel>2831</Channel>
      <Channel>2832</Channel>
      <Channel>2833</Channel>
      <Channel>2834</Channel>
      <Channel>2835</Channel>
      -->      
      <!-- GeneratorStop, PathStop, RampStop, DriveOffStop -->
      <Channel>450</Channel>
      <Channel>451</Channel>
      <Channel>452</Channel>
      <Channel>453</Channel>      
      <!-- AxesStanding, AxesStopFinished, AxesMoving, AxesInPosition -->
      <Channel>454</Channel>
      <Channel>455</Channel>
      <Channel>456</Channel>
      <Channel>458</Channel>      
      <!-- FlangeInWorld[X,Y,Z]_ActRDCSim -->
      <!-- Aktuelle Flanschposition bezueglich Welt -->
      <Channel>1386</Channel>
      <Channel>1387</Channel>
      <Channel>1388</Channel>
      <!-- FlangeInRobRoot[X,Y,Z]_CmdSRAdaptedBeforeFilterAndDelay -->
      <!-- Aktuelle Flanschposition bezueglich Robroot -->
      <Channel>1448</Channel>
      <Channel>1449</Channel>
      <Channel>1450</Channel>
      <!-- FlangeInWorld[X,Y,Z]_StopRDCSim -->
      <!-- Aktuelle Drehzahlstopp-Position bezueglich Welt -->
      <Channel>1389</Channel>
      <Channel>1390</Channel>
      <Channel>1391</Channel>
      <!-- AxisPos_StopRDCSim[i] -->
      <!-- Achswinkel in Drehzahlstopp-Position -->
      <Channel>1362</Channel>
      <Channel>1363</Channel>
      <Channel>1364</Channel>
      <Channel>1365</Channel>
      <Channel>1366</Channel>
      <Channel>1367</Channel>
      <!-- 
      <Channel>1368</Channel>
      <Channel>1369</Channel>
      <Channel>1370</Channel>
      <Channel>1371</Channel>
      <Channel>1372</Channel>
      <Channel>1373</Channel>
      -->
      <!-- CartVelFlange_CmdSRAdaptedBeforeFilterAndDelay -->
      <!-- Interpolator Sollgeschwindigkeit des Flansch -->
      <Channel>1470</Channel>
      <!-- CartVelTool_CmdSRAdaptedBeforeFilterAndDelay -->
      <!-- Interpolator Sollgeschwindigkeit des Safety-Tools -->
      <Channel>1457</Channel>
      <!-- CartVelToolSphere_CmdSRAdaptedBeforeFilterAndDelay[1.. 12] -->
      <!-- Interpolator Sollgeschwindigkeiten der Safety-Toolkugeln des aktiven Safety Tools -->
      <Channel>1458</Channel>
      <Channel>1459</Channel>
      <Channel>1460</Channel>
      <Channel>1461</Channel>
      <Channel>1462</Channel>
      <Channel>1463</Channel>
      <Channel>1464</Channel>
      <Channel>1465</Channel>
      <Channel>1466</Channel>
      <Channel>1467</Channel>
      <Channel>1468</Channel>
      <Channel>1469</Channel>
      <!-- Override_CmdSRAdapted -->
      <!-- Kommandierter Technologie-Override seitens SafeRobot -->
      <Channel>1456</Channel>
      <!-- Override_CmdKooIpo, Override_ActKooIpo -->
      <!-- Kommandierter und aktueller Override (alter Verfahrbereich) -->
      <Channel>1578</Channel>
      <Channel>1579</Channel>      
      <!-- Override_CmdSpl, Override_ActSpl -->
      <!-- Kommandierter und aktueller Override (neuer Verfahrbereich) -->
      <Channel>2084</Channel>
      <Channel>2085</Channel>
      <!-- Override_CmdSplineVelRed, MaxOverride_ActSplineVelRed -->
      <!-- Solloverride Splinevorausschau (neuer Verfahrbereich), -->      
      <!-- Beschränkung des Istoverride Splinevorausschau (neuer Verfahrbereich) -->      
      <Channel>2100</Channel>
      <Channel>2101</Channel>
      <!-- FlangeVelLimit_SplineVelRed, TCPVelLimit_SplineVelRed -->
      <!-- Regelungsgrenzen von Flansch- und TCP-Geschwindigkeit (neuer Verfahrbereich) -->      
      <Channel>2108</Channel>
      <Channel>2109</Channel>
      <!-- AxisVelLimit_SplineVelRed[1..12] -->
      <!-- Regelungsgrenzen der Achsen (neuer Verfahrbereich) -->      
      <Channel>2110</Channel>
      <Channel>2111</Channel>
      <Channel>2112</Channel>
      <Channel>2113</Channel>
      <Channel>2114</Channel>
      <Channel>2115</Channel>
      <!-- 
      <Channel>2116</Channel>
      <Channel>2117</Channel>
      <Channel>2118</Channel>
      <Channel>2119</Channel>
      <Channel>2120</Channel>
      <Channel>2121</Channel>
      -->       
      <!-- eSRCartFlangeVelLimit_SplineVelRed, eSRCartToolVelLimit_SplineVelRed -->
      <!-- Safety Regelungsgrenzen von Flansch- und TCP-Geschwindigkeit -->      
      <Channel>2134</Channel>
      <Channel>2135</Channel>
      <!-- eSRCartToolSphereVelLimit_SplineVelRed[1.. 12] -->
      <!-- Safety-Regelungsgrenzen von Safety Toolkugeln -->      
      <Channel>2136</Channel>
      <Channel>2137</Channel>
      <Channel>2138</Channel>
      <Channel>2139</Channel>
      <Channel>2140</Channel>
      <Channel>2141</Channel>
      <Channel>2142</Channel>
      <Channel>2143</Channel>
      <Channel>2144</Channel>
      <Channel>2145</Channel>
      <Channel>2146</Channel>
      <Channel>2147</Channel>
      <!-- SRAxisVelLimit_SplineVelRed[1.. 12] -->
      <!-- Safety-Regelungsgrenzen der Achsen -->      
      <Channel>2148</Channel>
      <Channel>2149</Channel>
      <Channel>2150</Channel>
      <Channel>2151</Channel>
      <Channel>2152</Channel>
      <Channel>2153</Channel>
      <!-- 
      <Channel>2154</Channel>
      <Channel>2155</Channel>
      <Channel>2156</Channel>
      <Channel>2157</Channel>
      <Channel>2158</Channel>
      <Channel>2159</Channel>
      -->
      <!-- Ungefilterter BBRA-Wunschoverride -->
      <Channel>2160</Channel>
      <!-- Override_RedVelProgram, Override_RedFacAct, Override_Display, -->
      <!-- Override-Reduzierfaktor Programm, aktuell gueltiger Override-Reduzierfaktor, -->
      <!-- Anzeigeoverride -->
      <Channel>2960</Channel>
      <Channel>2961</Channel>
      <Channel>2962</Channel>
    </Module>
  </Modules>
  <Trigger>
    <ModuleName>KRCIpo</ModuleName>
    <ID>0</ID>
  </Trigger>
</Trace>