<?xml version="1.0" encoding="UTF-8"?>
<!-- Mit XMLSpy v2007 sp1 bearbeitet (http://www.altova.com) von Dominik Wenger (KUKA Roboter GMBH) -->
<Trace xmlns:xsi="http://www.w3.org/2001/XMLSchema-instance" xsi:noNamespaceSchemaLocation="/Roboter/Config/System/Common/Schemes/Tracedef.xsd">
   <Time>120</Time>
   <PreTrigger>100</PreTrigger>
   <Basename>KRC_IpoVelocities</Basename>
   <Modules>
      <Module>
         <Name>KRCIpo</Name>
         <Rate>12000</Rate>
         <!--  AxisVel_CmdIpo[i]  -->
         <!--  Soll-Achswinkelgeschwindigkeiten  -->
         <Channel>2800</Channel>
         <Channel>2801</Channel>
         <Channel>2802</Channel>
         <Channel>2803</Channel>
         <Channel>2804</Channel>
         <Channel>2805</Channel>
<!--
         <Channel>2806</Channel>
         <Channel>2807</Channel>
         <Channel>2808</Channel>
         <Channel>2809</Channel>
         <Channel>2810</Channel>
         <Channel>2811</Channel>
-->
         <!--  AxisVel_Act[i]  -->
         <!--  Ist-Achswinkelgeschwindigkeiten  -->
         <Channel>2824</Channel>
         <Channel>2825</Channel>
         <Channel>2826</Channel>
         <Channel>2827</Channel>
         <Channel>2828</Channel>
         <Channel>2829</Channel>
<!--
         <Channel>2830</Channel>
         <Channel>2831</Channel>
         <Channel>2832</Channel>
         <Channel>2833</Channel>
         <Channel>2834</Channel>
         <Channel>2835</Channel>
-->
         <!--  AxisVel_CmdIpoAfterFilterAndBeforeDelay[i]  -->
         <!--  Soll-Achswinkelgeschwindigkeiten nach Filter und vor negativer analogen Verzoegerung  -->
         <Channel>2848</Channel>
         <Channel>2849</Channel>
         <Channel>2850</Channel>
         <Channel>2851</Channel>
         <Channel>2852</Channel>
         <Channel>2853</Channel>
<!--
         <Channel>2854</Channel>
         <Channel>2855</Channel>
         <Channel>2856</Channel>
         <Channel>2857</Channel>
         <Channel>2858</Channel>
         <Channel>2859</Channel>
-->
         <!--  AxisVel_CmdIpoBeforeFilterAndDelay[i]  -->
         <!--  Soll-Achswinkelgeschwindigkeiten vor Filter und negativer analogen Verzoegerung  -->
         <Channel>2872</Channel>
         <Channel>2873</Channel>
         <Channel>2874</Channel>
         <Channel>2875</Channel>
         <Channel>2876</Channel>
         <Channel>2877</Channel>
<!--
         <Channel>2878</Channel>
         <Channel>2879</Channel>
         <Channel>2880</Channel>
         <Channel>2881</Channel>
         <Channel>2882</Channel>
         <Channel>2883</Channel>
-->
         <!--  CartVel_*                                                   -->
         <!--  Kartesische Geschwindigkeiten:                              --> 
         <!--     - Soll                                                   -->
         <!--     - Ist                                                    -->
         <!--     - nach Filter und vor negativer analogen Verzoegerung    -->
         <!--     - vor Filter und negativer analogen Verzoegerung         -->
         <Channel>2896</Channel>
         <Channel>2897</Channel>
         <Channel>2898</Channel>
         <Channel>2899</Channel>
         <!--  Override_*  -->
         <!--  Override: Soll, Technologie, Soll x Technologie, Ist, Schleppfehler  -->
         <Channel>2900</Channel>
         <Channel>2901</Channel>
         <Channel>2902</Channel>
         <Channel>2903</Channel>
         <Channel>2904</Channel>
         <!--  OverrideUnko_Act{ und Error}[i]  -->
         <!--  Unkoordinierte Interpolation: Ist und Schleppfehler  -->
<!--
         <Channel>2912</Channel>
         <Channel>2913</Channel>
         <Channel>2914</Channel>
         <Channel>2915</Channel>
         <Channel>2916</Channel>
         <Channel>2917</Channel>
         <Channel>2918</Channel>
         <Channel>2919</Channel>
         <Channel>2920</Channel>
         <Channel>2921</Channel>
         <Channel>2922</Channel>
         <Channel>2923</Channel>
         <Channel>2936</Channel>
         <Channel>2937</Channel>
         <Channel>2938</Channel>
         <Channel>2939</Channel>
         <Channel>2940</Channel>
         <Channel>2941</Channel>
         <Channel>2942</Channel>
         <Channel>2943</Channel>
         <Channel>2944</Channel>
         <Channel>2945</Channel>
         <Channel>2946</Channel>
         <Channel>2947</Channel>
-->
         <!--  Override_*  -->
         <!--  Reduzierfaktor Programm, Aktuelll gueltiger Reduzierfaktor,  -->
         <!--  Anzeige, Asynchrone PTP-Bewegung, -->
         <Channel>2960</Channel>
         <Channel>2961</Channel>
         <Channel>2962</Channel>
<!--
         <Channel>2963</Channel>
-->
         <!--  Override_AsyncJOG_E[i]  -->
         <!--  Hand-Override fuer Zusatzachsen[6]  -->
<!--
         <Channel>2964</Channel>
         <Channel>2965</Channel>
         <Channel>2966</Channel>
         <Channel>2967</Channel>
         <Channel>2968</Channel>
         <Channel>2969</Channel>
-->
         <!--  Override_CmdSpl, Override_ActSpl  -->
         <Channel>2084</Channel>
         <Channel>2085</Channel>
      </Module>
   </Modules>
   <Trigger>
      <ModuleName>KRCIpo</ModuleName>
      <ID>0</ID>
   </Trigger>
</Trace>