<?xml version="1.0" encoding="UTF-8"?>
<!-- Mit XMLSpy v2007 sp1 bearbeitet (http://www.altova.com) von Dominik Wenger (KUKA Roboter GMBH) -->
<Trace xmlns:xsi="http://www.w3.org/2001/XMLSchema-instance" xsi:noNamespaceSchemaLocation="/Roboter/Config/System/Common/Schemes/Tracedef.xsd">
   <Time>120</Time>
   <PreTrigger>100</PreTrigger>
   <Basename>KRC_CPVelRed_AccelLimits</Basename>
   <Modules>
      <Module>
         <Name>KRCIpo</Name>
         <Rate>12000</Rate>
		 <!--
		 Es mussten Kanaele ausgeblendet werden, da nicht alle 
		 Kanaele gleichzeitig aufgezeichnet werden koennen.
		 -->
         <Channel>730</Channel>
         <Channel>731</Channel>
         <Channel>732</Channel>
         <Channel>733</Channel>
         <Channel>734</Channel>
         <Channel>735</Channel>
         <Channel>736</Channel>
         <Channel>737</Channel>
         <Channel>738</Channel>
         <Channel>739</Channel>
         <Channel>740</Channel>
         <Channel>741</Channel>
         <Channel>754</Channel>
         <Channel>755</Channel>
         <Channel>756</Channel>
         <Channel>757</Channel>
         <Channel>758</Channel>
         <Channel>759</Channel>
         <Channel>760</Channel>
         <Channel>761</Channel>
         <Channel>762</Channel>
         <Channel>763</Channel>
         <Channel>764</Channel>
         <Channel>765</Channel>
         <Channel>778</Channel>
         <Channel>779</Channel>
         <Channel>780</Channel>
         <Channel>781</Channel>
         <Channel>782</Channel>
         <Channel>783</Channel>
         <Channel>784</Channel>
         <Channel>785</Channel>
         <Channel>786</Channel>
         <Channel>787</Channel>
         <Channel>788</Channel>
         <Channel>789</Channel>
         <Channel>802</Channel>
         <Channel>803</Channel>
         <Channel>804</Channel>
         <Channel>805</Channel>
         <Channel>806</Channel>
         <Channel>807</Channel>
         <Channel>808</Channel>
         <Channel>809</Channel>
         <Channel>810</Channel>
         <Channel>811</Channel>
         <Channel>812</Channel>
         <Channel>813</Channel>
         <Channel>826</Channel>
         <Channel>827</Channel>
         <Channel>828</Channel>
         <Channel>829</Channel>
         <Channel>830</Channel>
         <Channel>831</Channel>
         <Channel>832</Channel>
         <Channel>833</Channel>
         <Channel>834</Channel>
         <Channel>835</Channel>
         <Channel>836</Channel>
         <Channel>837</Channel>
         <Channel>850</Channel>
         <Channel>851</Channel>
         <Channel>852</Channel>
         <Channel>853</Channel>
         <Channel>854</Channel>
         <Channel>855</Channel>
         <Channel>856</Channel>
         <Channel>857</Channel>
         <Channel>858</Channel>
         <Channel>859</Channel>
         <Channel>860</Channel>
         <Channel>861</Channel>
         <Channel>874</Channel>
         <Channel>875</Channel>
         <Channel>876</Channel>
         <Channel>877</Channel>
         <Channel>878</Channel>
         <Channel>879</Channel>
         <Channel>880</Channel>
         <Channel>881</Channel>
         <Channel>882</Channel>
         <Channel>883</Channel>
         <Channel>884</Channel>
         <Channel>885</Channel>
         <!--Channel>898</Channel>
         <Channel>899</Channel>
         <Channel>900</Channel>
         <Channel>901</Channel>
         <Channel>902</Channel>
         <Channel>903</Channel>
         <Channel>904</Channel>
         <Channel>905</Channel>
         <Channel>906</Channel>
         <Channel>907</Channel>
         <Channel>908</Channel>
         <Channel>909</Channel>
         <Channel>922</Channel>
         <Channel>923</Channel>
         <Channel>924</Channel>
         <Channel>925</Channel>
         <Channel>926</Channel>
         <Channel>927</Channel>
         <Channel>928</Channel>
         <Channel>929</Channel>
         <Channel>930</Channel>
         <Channel>931</Channel>
         <Channel>932</Channel>
         <Channel>933</Channel-->
         <Channel>946</Channel>
         <Channel>947</Channel>
         <Channel>948</Channel>
      </Module>
   </Modules>
   <Trigger>
      <ModuleName>KRCIpo</ModuleName>
      <ID>0</ID>
   </Trigger>
</Trace>