<?xml version="1.0" encoding="UTF-8"?>
<!-- Mit XMLSpy v2007 sp1 bearbeitet (http://www.altova.com) von Dominik Wenger (KUKA Roboter GMBH) -->
<Trace xmlns:xsi="http://www.w3.org/2001/XMLSchema-instance" xsi:noNamespaceSchemaLocation="/Roboter/Config/System/Common/Schemes/Tracedef.xsd">
   <Time>120</Time>
   <PreTrigger>100</PreTrigger>
   <Basename>KRC_SpeedLimitTeachMode</Basename>
   <Modules>
      <Module>
         <Name>KRCIpo</Name>
         <Rate>12000</Rate>
         <Channel>1570</Channel>
         <Channel>1571</Channel>
         <Channel>1572</Channel>
         <Channel>1573</Channel>
         <Channel>1574</Channel>
         <Channel>1575</Channel>
         <Channel>1576</Channel>
         <Channel>1577</Channel>
         <Channel>1578</Channel>
         <Channel>1579</Channel>
         <Channel>1580</Channel>
         <Channel>1581</Channel>
         <Channel>1582</Channel>
         <Channel>1583</Channel>
         <Channel>1584</Channel>
         <Channel>1585</Channel>
         <Channel>1586</Channel>
         <Channel>1587</Channel>
         <Channel>1588</Channel>
         <Channel>1589</Channel>
         <Channel>1590</Channel>
         <Channel>1591</Channel>
         <Channel>1604</Channel>
         <Channel>1605</Channel>
         <Channel>1606</Channel>
         <Channel>1607</Channel>
         <Channel>1608</Channel>
         <Channel>1609</Channel>
         <Channel>1610</Channel>
         <Channel>1611</Channel>
         <Channel>1612</Channel>
         <Channel>1613</Channel>
         <Channel>1614</Channel>
         <Channel>1615</Channel>
         <Channel>1628</Channel>
         <Channel>1629</Channel>
         <Channel>1630</Channel>
         <Channel>1631</Channel>
         <Channel>1632</Channel>
         <Channel>1633</Channel>
         <Channel>1634</Channel>
         <Channel>1635</Channel>
         <Channel>1636</Channel>
         <Channel>1637</Channel>
         <Channel>1638</Channel>
         <Channel>1639</Channel>
         <Channel>1640</Channel>
         <Channel>1641</Channel>
         <Channel>1642</Channel>
         <Channel>1643</Channel>
         <Channel>1644</Channel>
         <Channel>1645</Channel>
      </Module>
   </Modules>
   <Trigger>
      <ModuleName>KRCIpo</ModuleName>
      <ID>0</ID>
   </Trigger>
</Trace>