<?xml version="1.0" encoding="UTF-8"?>
<!-- Mit XMLSpy v2007 sp1 bearbeitet (http://www.altova.com) von Dominik Wenger (KUKA Roboter GMBH) -->
<Trace xmlns:xsi="http://www.w3.org/2001/XMLSchema-instance" xsi:noNamespaceSchemaLocation="/Roboter/Config/System/Common/Schemes/Tracedef.xsd">
   <Time>120</Time>
   <PreTrigger>100</PreTrigger>
   <Basename>KRC_TorqueCalculation</Basename>
   <Modules>
      <Module>
         <Name>KRCIpo</Name>
         <Rate>12000</Rate>
         <!--  DriveMotorPos_CmdIpo[i]  -->
         <!--  Antriebsseitige Soll-Motorwinkel  -->
         <Channel>209</Channel>
         <Channel>210</Channel>
         <Channel>211</Channel>
         <Channel>212</Channel>
         <Channel>213</Channel>
         <Channel>214</Channel>
         <!-- 
         <Channel>215</Channel>
         <Channel>216</Channel>
         <Channel>217</Channel>
         <Channel>218</Channel>
         <Channel>219</Channel>
         <Channel>220</Channel>
         -->
         <!--  DriveMotorVel_CmdIpo[i]  -->
         <!--  Antriebsseitige Soll-Motorwinkelgeschwindigkeiten  -->
         <Channel>233</Channel>
         <Channel>234</Channel>
         <Channel>235</Channel>
         <Channel>236</Channel>
         <Channel>237</Channel>
         <Channel>238</Channel>
         <!-- 
         <Channel>239</Channel>
         <Channel>240</Channel>
         <Channel>241</Channel>
         <Channel>242</Channel>
         <Channel>243</Channel>
         <Channel>244</Channel>
         -->
         <!--  DriveMotorTorq_CmdIpo[i]  -->
         <!--  Antriebsseitige Soll-Motormomente  -->
         <Channel>257</Channel>
         <Channel>258</Channel>
         <Channel>259</Channel>
         <Channel>260</Channel>
         <Channel>261</Channel>
         <Channel>262</Channel>
         <!-- 
         <Channel>263</Channel>
         <Channel>264</Channel>
         <Channel>265</Channel>
         <Channel>266</Channel>
         <Channel>267</Channel>
         <Channel>268</Channel>
         -->
      </Module>
   </Modules>
   <Trigger>
      <ModuleName>KRCIpo</ModuleName>
      <ID>0</ID>
   </Trigger>
</Trace>