<?xml version="1.0" encoding="UTF-8"?>
<!-- Mit XMLSpy v2007 sp1 bearbeitet (http://www.altova.com) von Dominik Wenger (KUKA Roboter GMBH) -->
<Trace xmlns:xsi="http://www.w3.org/2001/XMLSchema-instance" xsi:noNamespaceSchemaLocation="/Roboter/Config/System/Common/Schemes/Tracedef.xsd">
   <Time>120</Time>
   <PreTrigger>100</PreTrigger>
   <Basename>KRC_MM</Basename>
   <Modules>
      <Module>
         <Name>KRCIpo</Name>
         <Rate>12000</Rate>
         <Channel>1194</Channel>
         <Channel>1195</Channel>
         <Channel>1196</Channel>
         <Channel>1197</Channel>
         <Channel>1198</Channel>
         <Channel>1199</Channel>
         <Channel>1200</Channel>
         <Channel>1201</Channel>
         <Channel>1202</Channel>
         <Channel>1203</Channel>
         <Channel>1204</Channel>
         <Channel>1205</Channel>
         <Channel>1218</Channel>
         <Channel>1219</Channel>
         <Channel>1220</Channel>
         <Channel>1221</Channel>
         <Channel>1222</Channel>
         <Channel>1223</Channel>
         <Channel>1224</Channel>
         <Channel>1225</Channel>
         <Channel>1226</Channel>
         <Channel>1227</Channel>
         <Channel>1228</Channel>
         <Channel>1229</Channel>
         <Channel>1242</Channel>
         <Channel>1243</Channel>
         <Channel>1244</Channel>
         <Channel>1245</Channel>
         <Channel>1246</Channel>
         <Channel>1247</Channel>
         <Channel>1248</Channel>
         <Channel>1249</Channel>
         <Channel>1250</Channel>
         <Channel>1251</Channel>
         <Channel>1252</Channel>
         <Channel>1253</Channel>
         <Channel>1266</Channel>
         <Channel>1267</Channel>
         <Channel>1268</Channel>
         <Channel>1269</Channel>
         <Channel>1270</Channel>
         <Channel>1271</Channel>
         <Channel>1272</Channel>
         <Channel>1273</Channel>
         <Channel>1274</Channel>
         <Channel>1275</Channel>
         <Channel>1276</Channel>
         <Channel>1277</Channel>
         <Channel>1290</Channel>
         <Channel>1291</Channel>
         <Channel>1292</Channel>
         <Channel>1293</Channel>
         <Channel>1294</Channel>
         <Channel>1295</Channel>
         <Channel>1296</Channel>
         <Channel>1297</Channel>
         <Channel>1298</Channel>
         <Channel>1299</Channel>
         <Channel>1300</Channel>
         <Channel>1301</Channel>
      </Module>
   </Modules>
   <Trigger>
      <ModuleName>KRCIpo</ModuleName>
      <ID>0</ID>
   </Trigger>
</Trace>