<?xml version="1.0" encoding="UTF-8"?>
<!-- Mit XMLSpy v2007 sp1 bearbeitet (http://www.altova.com) von Dominik Wenger (KUKA Roboter GMBH) -->
<Trace xmlns:xsi="http://www.w3.org/2001/XMLSchema-instance" xsi:noNamespaceSchemaLocation="/Roboter/Config/System/Common/Schemes/Tracedef.xsd">
   <Time>120</Time>
   <PreTrigger>100</PreTrigger>
   <Basename>KRC_GearTorqueMonitoring</Basename>
   <Modules>
      <Module>
         <Name>KRCIpo</Name>
         <Rate>12000</Rate>
         <!--  DriveMotorVel_ActGearTorqCalc[i]  -->
         <!--  Antriebsseitige Ist-Motorwinkelgeschwindigkeit  -->
         <Channel>329</Channel>
         <Channel>330</Channel>
         <Channel>331</Channel>
         <Channel>332</Channel>
         <Channel>333</Channel>
         <Channel>334</Channel>
         <!--
         <Channel>335</Channel>
         <Channel>336</Channel>
         <Channel>337</Channel>
         <Channel>338</Channel>
         <Channel>339</Channel>
         <Channel>340</Channel>
         -->
         <!--  DriveMotorAcc_ActGearTorqCalc[i]  -->
         <!--  Antriebsseitige Ist-Motorwinkelbeschleunigung  -->
         <Channel>353</Channel>
         <Channel>354</Channel>
         <Channel>355</Channel>
         <Channel>356</Channel>
         <Channel>357</Channel>
         <Channel>358</Channel>
         <!--
         <Channel>359</Channel>
         <Channel>360</Channel>
         <Channel>361</Channel>
         <Channel>362</Channel>
         <Channel>363</Channel>
         <Channel>364</Channel>
         -->
         <!--  DriveMotorTorq_Act[i]  -->
         <!--  Abtriebsseitige Soll-Motormomente  -->
         <Channel>1266</Channel>
         <Channel>1267</Channel>
         <Channel>1268</Channel>
         <Channel>1269</Channel>
         <Channel>1270</Channel>
         <Channel>1271</Channel>
         <!--
         <Channel>1272</Channel>
         <Channel>1273</Channel>
         <Channel>1274</Channel>
         <Channel>1275</Channel>
         <Channel>1276</Channel>
         <Channel>1277</Channel>
         -->
         <!--  GearTorq_Act[i]  -->
         <!--  Ist-Getriebemoment  -->
         <Channel>377</Channel>
         <Channel>378</Channel>
         <Channel>379</Channel>
         <Channel>380</Channel>
         <Channel>381</Channel>
         <Channel>382</Channel>
         <!--
         <Channel>383</Channel>
         <Channel>384</Channel>
         <Channel>385</Channel>
         <Channel>386</Channel>
         <Channel>387</Channel>
         <Channel>388</Channel>
         -->
         <!--  GearTorq_CmdIpo[i]  -->
         <!--  Soll-Getriebemoment  -->
         <Channel>401</Channel>
         <Channel>402</Channel>
         <Channel>403</Channel>
         <Channel>404</Channel>
         <Channel>405</Channel>
         <Channel>406</Channel>
         <!--
         <Channel>407</Channel>
         <Channel>408</Channel>
         <Channel>409</Channel>
         <Channel>410</Channel>
         <Channel>411</Channel>
         <Channel>412</Channel>
         -->
      </Module>
   </Modules>
   <Trigger>
      <ModuleName>KRCIpo</ModuleName>
      <ID>0</ID>
   </Trigger>
</Trace>