<?xml version="1.0" encoding="utf-8"?>
<Trace xmlns:xsi="http://www.w3.org/2001/XMLSchema-instance" xmlns:xsd="http://www.w3.org/2001/XMLSchema">
  <Time>60</Time>
  <PreTrigger>10</PreTrigger>
  <Basename>Tracedef_CNC_Path</Basename>
  <Modules>
    <Module>
      <Name>CNC</Name>
      <Rate>4000</Rate>
      <Channel>2</Channel>
      <Channel>3</Channel>
      <Channel>4</Channel>
      <Channel>5</Channel>
      <Channel>8</Channel>
      <Channel>9</Channel>
      <Channel>10</Channel>
      <Channel>15</Channel>
      <Channel>16</Channel>
      <Channel>21</Channel>
      <Channel>22</Channel>
      <Channel>27</Channel>
    </Module>
  </Modules>
  <Trigger>
    <ModuleName>CNC</ModuleName>
    <ID>0</ID>
  </Trigger>
</Trace>