<?xml version="1.0" encoding="UTF-8"?>
<!-- Mit XMLSpy v2007 sp1 bearbeitet (http://www.altova.com) von Dominik Wenger (KUKA Roboter GMBH) -->
<Trace xmlns:xsi="http://www.w3.org/2001/XMLSchema-instance" xsi:noNamespaceSchemaLocation="/Roboter/Config/System/Common/Schemes/Tracedef.xsd">
   <Time>120</Time>
   <PreTrigger>100</PreTrigger>
   <Basename>KRC_Model</Basename>
   <Modules>
      <Module>
         <Name>KRCIpo</Name>
         <Rate>12000</Rate>
         <!--  GearMotorPos_CmdModel[i]  -->
         <!--  Abtriebsseitige Soll-Motorwinkel  -->
         <Channel>960</Channel>
         <Channel>961</Channel>
         <Channel>962</Channel>
         <Channel>963</Channel>
         <Channel>964</Channel>
         <Channel>965</Channel>
         <!-- 
         <Channel>966</Channel>
         <Channel>967</Channel>
         <Channel>968</Channel>
         <Channel>969</Channel>
         <Channel>970</Channel>
         <Channel>971</Channel>
         -->
         <!--  GearMotorVel_CmdModel[i]  -->
         <!--  Abtriebsseitige Soll-Motorwinkelgeschwindigkeiten  -->
         <Channel>984</Channel>
         <Channel>985</Channel>
         <Channel>986</Channel>
         <Channel>987</Channel>
         <Channel>988</Channel>
         <Channel>989</Channel>
         <!--
         <Channel>990</Channel>
         <Channel>991</Channel>
         <Channel>992</Channel>
         <Channel>993</Channel>
         <Channel>994</Channel>
         <Channel>995</Channel>
         -->
         <!--  GearMotorAcc_CmdModel[i]  -->
         <!--  Abtriebsseitige Soll-Motorwinkelbeschleunigungen  -->
         <Channel>1008</Channel>
         <Channel>1009</Channel>
         <Channel>1010</Channel>
         <Channel>1011</Channel>
         <Channel>1012</Channel>
         <Channel>1013</Channel>
         <!--
         <Channel>1014</Channel>
         <Channel>1015</Channel>
         <Channel>1016</Channel>
         <Channel>1017</Channel>
         <Channel>1018</Channel>
         <Channel>1019</Channel>
         -->
         <!--  GearMotorTorq_CmdModel[i]  -->
         <!--  Abtriebsseitige Soll-Motormomente  -->
         <Channel>1032</Channel>
         <Channel>1033</Channel>
         <Channel>1034</Channel>
         <Channel>1035</Channel>
         <Channel>1036</Channel>
         <Channel>1037</Channel>
         <!--
         <Channel>1038</Channel>
         <Channel>1039</Channel>
         <Channel>1040</Channel>
         <Channel>1041</Channel>
         <Channel>1042</Channel>
         <Channel>1043</Channel>
         -->
         <!--  GearTorq_CmdModel[i]  -->
         <!--  Soll-Getriebemomente  -->
         <Channel>1056</Channel>
         <Channel>1057</Channel>
         <Channel>1058</Channel>
         <Channel>1059</Channel>
         <Channel>1060</Channel>
         <Channel>1061</Channel>
         <!--
         <Channel>1062</Channel>
         <Channel>1063</Channel>
         <Channel>1064</Channel>
         <Channel>1065</Channel>
         <Channel>1066</Channel>
         <Channel>1067</Channel>
         -->
         <!--  Energy_CmdModel[i]  -->
         <!--  Crash-Energie  -->
         <Channel>1080</Channel>
         <Channel>1081</Channel>
         <Channel>1082</Channel>
         <Channel>1083</Channel>
         <Channel>1084</Channel>
         <Channel>1085</Channel>
         <!--
         <Channel>1086</Channel>
         <Channel>1087</Channel>
         <Channel>1088</Channel>
         <Channel>1089</Channel>
         <Channel>1090</Channel>
         <Channel>1091</Channel>
         -->
      </Module>
   </Modules>
   <Trigger>
      <ModuleName>KRCIpo</ModuleName>
      <ID>0</ID>
   </Trigger>
</Trace>