<?xml version="1.0" encoding="UTF-8"?>
<!-- Mit XMLSpy v2007 sp1 bearbeitet (http://www.altova.com) von Dominik Wenger (KUKA Roboter GMBH) -->
<Trace xmlns:xsi="http://www.w3.org/2001/XMLSchema-instance" xsi:noNamespaceSchemaLocation="/Roboter/Config/System/Common/Schemes/Tracedef.xsd">
   <Time>120</Time>
   <PreTrigger>100</PreTrigger>
   <Basename>KRC_SplineInterpolator</Basename>
   <Modules>
      <Module>
         <Name>KRCIpo</Name>
         <Rate>12000</Rate>
         <!-- eSplinePathParameter -->
         <Channel>2000</Channel>
         <!-- eSplinePathVelocity -->
         <Channel>2086</Channel>
         <!-- eSplinePathAcceleration -->
         <Channel>2087</Channel>
         <!-- eX_CmdSpl -->
         <Channel>2001</Channel>
         <!-- eY_CmdSpl -->
         <Channel>2002</Channel>
         <!-- eZ_CmdSpl -->
         <Channel>2003</Channel>
         <!-- eA_CmdSpl -->
         <Channel>2004</Channel>
         <!-- eB_CmdSpl -->
         <Channel>2005</Channel>
         <!-- eC_CmdSpl -->
         <Channel>2006</Channel>
         <!-- eAxisPos_CmdSpl1 -->
         <Channel>2007</Channel>
         <Channel>2008</Channel>
         <Channel>2009</Channel>
         <Channel>2010</Channel>
         <Channel>2011</Channel>
         <Channel>2012</Channel>
         <Channel>2013</Channel>
         <Channel>2014</Channel>
         <Channel>2015</Channel>
         <Channel>2016</Channel>
         <Channel>2017</Channel>
         <Channel>2018</Channel>
         <!-- eAxisVel_CmdSpl1 -->
         <Channel>2019</Channel>
         <Channel>2020</Channel>
         <Channel>2021</Channel>
         <Channel>2022</Channel>
         <Channel>2023</Channel>
         <Channel>2024</Channel>
         <Channel>2025</Channel>
         <Channel>2026</Channel>
         <Channel>2027</Channel>
         <Channel>2028</Channel>
         <Channel>2029</Channel>
         <Channel>2030</Channel>
         <!-- eAxisAcc_CmdSpl1 -->
         <Channel>2043</Channel>
         <Channel>2044</Channel>
         <Channel>2045</Channel>
         <Channel>2046</Channel>
         <Channel>2047</Channel>
         <Channel>2048</Channel>
         <Channel>2049</Channel>
         <Channel>2050</Channel>
         <Channel>2051</Channel>
         <Channel>2052</Channel>
         <Channel>2053</Channel>
         <Channel>2054</Channel>
         <!-- eGearTorq_CmdSpl1 -->
         <Channel>2055</Channel>
         <Channel>2056</Channel>
         <Channel>2057</Channel>
         <Channel>2058</Channel>
         <Channel>2059</Channel>
         <Channel>2060</Channel>
         <Channel>2061</Channel>
         <Channel>2062</Channel>
         <Channel>2063</Channel>
         <Channel>2064</Channel>
         <Channel>2065</Channel>
         <Channel>2066</Channel>
         <!-- eEnergy_CmdModel -->
         <Channel>1080</Channel>
         <Channel>1081</Channel>
         <Channel>1082</Channel>
         <Channel>1083</Channel>
         <Channel>1084</Channel>
         <Channel>1085</Channel>
         <Channel>1086</Channel>
         <Channel>1087</Channel>
         <Channel>1088</Channel>
         <Channel>1089</Channel>
         <Channel>1090</Channel>
         <Channel>1091</Channel>
         <!-- eDriveMotorTorq_CmdSpl1 -->
         <Channel>2031</Channel>
         <Channel>2032</Channel>
         <Channel>2033</Channel>
         <Channel>2034</Channel>
         <Channel>2035</Channel>
         <Channel>2036</Channel>
         <Channel>2037</Channel>
         <Channel>2038</Channel>
         <Channel>2039</Channel>
         <Channel>2040</Channel>
         <Channel>2041</Channel>
         <Channel>2042</Channel>
         <!-- eSplineRedFac -->
         <Channel>2079</Channel>
         <!-- eSplineArcLength -->
         <Channel>2080</Channel>
         <!-- eCartVel_CmdSpl -->
         <Channel>2081</Channel>
         <!-- eSplineIpoState -->
         <Channel>2082</Channel>
         <!-- eSplineBlendingState -->
         <Channel>2083</Channel>
         <!-- eOverride_CmdSpl -->
         <Channel>2084</Channel>
         <!-- eOverride_ActSpl -->
         <Channel>2085</Channel>
      </Module>
   </Modules>
   <Trigger>
      <ModuleName>KRCIpo</ModuleName>
      <ID>0</ID>
   </Trigger>
</Trace>