<?xml version="1.0" encoding="UTF-8"?>
<!-- Mit XMLSpy v2007 sp1 bearbeitet (http://www.altova.com) von Dominik Wenger (KUKA Roboter GMBH) -->
<Trace xmlns:xsi="http://www.w3.org/2001/XMLSchema-instance" xsi:noNamespaceSchemaLocation="/Roboter/Config/System/Common/Schemes/Tracedef.xsd">
   <Time>120</Time>
   <PreTrigger>100</PreTrigger>
   <Basename>KRC_DriveStates</Basename>
   <Modules>
      <Module>
         <Name>KRCIpo</Name>
         <Rate>12000</Rate>
         <Channel>449</Channel>
         <Channel>450</Channel>
         <Channel>451</Channel>
         <Channel>452</Channel>
         <Channel>453</Channel>
         <Channel>454</Channel>
         <Channel>455</Channel>
         <Channel>456</Channel>
         <Channel>457</Channel>
         <Channel>458</Channel>
         <Channel>459</Channel>
         <Channel>460</Channel>
         <Channel>461</Channel>
         <Channel>462</Channel>
         <Channel>463</Channel>
         <Channel>464</Channel>
         <Channel>465</Channel>
         <Channel>466</Channel>
         <Channel>467</Channel>
         <Channel>468</Channel>
         <Channel>469</Channel>
         <Channel>470</Channel>
         <Channel>471</Channel>
         <Channel>472</Channel>
         <Channel>473</Channel>
      </Module>
   </Modules>
   <Trigger>
      <ModuleName>KRCIpo</ModuleName>
      <ID>0</ID>
   </Trigger>
</Trace>