<?xml version="1.0" encoding="UTF-8"?>
<!-- Ohne XMLSpy v2007 sp1 bearbeitet (http://www.altova.com) von Holger Tronnier (KUKA Roboter GMBH) -->
<Trace xmlns:xsi="http://www.w3.org/2001/XMLSchema-instance" xsi:noNamespaceSchemaLocation="/Roboter/Config/System/Common/Schemes/Tracedef.xsd">
   <Time>120</Time>
   <PreTrigger>100</PreTrigger>
   <Basename>KRC_ForceControl</Basename>
   <Modules>
      <Module>
         <Name>KRCIpo</Name>
         <Rate>12000</Rate>
         <!-- ForceControl_AsyncExAxDecouple, ForceControl_ForceControlActive,     -->  
         <!-- ForceControl_ForceModeOff, ForceControl_ForceModeOn,                 -->  
         <!-- ForceControl_ForceControlForProg, ForceControl_ForceControlledAxes,  -->  
         <!-- ForceControl_ForceControlMode                                        -->  
         <Channel>3000</Channel>
         <Channel>3001</Channel>
         <Channel>3002</Channel>
         <Channel>3003</Channel>
         <Channel>3004</Channel>
         <Channel>3005</Channel>
         <Channel>3006</Channel>
         <!-- ForceControl_AxisForceTarget[7-12], ForceControl_AxisForceLimit[7-12],  -->  
         <!-- ForceControl_AxisForceMax[7-12]   -->  
         <Channel>3013</Channel>
         <Channel>3014</Channel>
         <Channel>3015</Channel>
         <!-- 
         <Channel>3016</Channel>
         <Channel>3017</Channel>
         <Channel>3018</Channel>
         -->
         <Channel>3031</Channel>
         <Channel>3032</Channel>
         <Channel>3033</Channel>
         <!-- 
         <Channel>3034</Channel>
         <Channel>3035</Channel>
         <Channel>3036</Channel>
         -->
         <Channel>3049</Channel>
         <Channel>3050</Channel>
         <Channel>3051</Channel>
         <!-- 
         <Channel>3052</Channel>
         <Channel>3053</Channel>
         <Channel>3054</Channel>
         -->
         <!-- ForceControl_AxisForceActVal[7-12], ForceControl_AxisForceActInc[7-12]  -->  
         <Channel>3067</Channel>
         <Channel>3068</Channel>
         <Channel>3069</Channel>
         <!-- 
         <Channel>3070</Channel>
         <Channel>3071</Channel>
         <Channel>3072</Channel>
         -->
         <Channel>3085</Channel>
         <Channel>3086</Channel>
         <Channel>3087</Channel>
         <!-- 
         <Channel>3088</Channel>
         <Channel>3089</Channel>
         <Channel>3090</Channel>
         -->
         <!-- ForceControl_AxisForceControlState[7-12], ForceControl_AxisDecoupleState[7-12]  -->  
         <Channel>3103</Channel>
         <Channel>3104</Channel>
         <Channel>3105</Channel>
         <!-- 
         <Channel>3106</Channel>
         <Channel>3107</Channel>
         <Channel>3108</Channel>
         -->
         <Channel>3121</Channel>
         <Channel>3122</Channel>
         <Channel>3123</Channel>
         <!-- 
         <Channel>3124</Channel>
         <Channel>3125</Channel>
         <Channel>3126</Channel>
         -->
      </Module>
   </Modules>
   <Trigger>
      <ModuleName>KRCIpo</ModuleName>
      <ID>0</ID>
   </Trigger>
</Trace>