<?xml version="1.0" encoding="UTF-8"?>
<!-- Mit XMLSpy v2007 sp1 bearbeitet (http://www.altova.com) von Dominik Wenger (KUKA Roboter GMBH) -->
<Trace xmlns:xsi="http://www.w3.org/2001/XMLSchema-instance" xsi:noNamespaceSchemaLocation="/Roboter/Config/System/Common/Schemes/Tracedef.xsd">
   <Time>120</Time>
   <PreTrigger>100</PreTrigger>
   <Basename>KRC_MDR2</Basename>
   <Modules>
      <Module>
         <Name>KRCIpo</Name>
         <Rate>12000</Rate>
         <Channel>1782</Channel>
         <Channel>1783</Channel>
         <Channel>1784</Channel>
         <Channel>1785</Channel>
         <Channel>1786</Channel>
         <Channel>1787</Channel>
         <Channel>1788</Channel>
         <Channel>1789</Channel>
         <Channel>1790</Channel>
         <Channel>1791</Channel>
         <Channel>1792</Channel>
         <Channel>1793</Channel>
         <Channel>1794</Channel>
         <Channel>1795</Channel>
         <Channel>1796</Channel>
         <Channel>1797</Channel>
         <Channel>1798</Channel>
         <Channel>1799</Channel>
         <Channel>1800</Channel>
         <Channel>1801</Channel>
         <Channel>1802</Channel>
         <Channel>1803</Channel>
         <Channel>1804</Channel>
         <Channel>1805</Channel>
         <Channel>1806</Channel>
         <Channel>1807</Channel>
         <Channel>1808</Channel>
         <Channel>1809</Channel>
         <Channel>1810</Channel>
         <Channel>1811</Channel>
         <Channel>1812</Channel>
         <Channel>1813</Channel>
      </Module>
   </Modules>
   <Trigger>
      <ModuleName>KRCIpo</ModuleName>
      <ID>0</ID>
   </Trigger>
</Trace>