<?xml version="1.0" encoding="UTF-8"?>
<!-- Mit XMLSpy v2007 sp1 bearbeitet (http://www.altova.com) von Dominik Wenger (KUKA Roboter GMBH) -->
<Trace xmlns:xsi="http://www.w3.org/2001/XMLSchema-instance" xsi:noNamespaceSchemaLocation="/Roboter/Config/System/Common/Schemes/Tracedef.xsd">
   <Time>120</Time>
   <PreTrigger>100</PreTrigger>
   <Basename>KRC_LagHpDriveInterface</Basename>
   <Modules>
      <Module>
         <Name>KRCFineIpo</Name>
         <Rate>4000</Rate>
         <!--  DriveMotorPos_CmdDrive[i]  -->
         <!--  Gesendete Soll-Motorwinkel an den Antriebstreiber  -->
         <Channel>501</Channel>
         <Channel>502</Channel>
         <Channel>503</Channel>
         <Channel>504</Channel>
         <Channel>505</Channel>
         <Channel>506</Channel>
         <!-- 
         <Channel>507</Channel>
         <Channel>508</Channel>
         <Channel>509</Channel>
         <Channel>510</Channel>
         <Channel>511</Channel>
         <Channel>512</Channel>
         -->
         <!--  DriveMotorPos_ActDrive[i]  -->
         <!--  Empfangene Ist-Motorwinkel vom Antriebstreiber  -->
         <Channel>525</Channel>
         <Channel>526</Channel>
         <Channel>527</Channel>
         <Channel>528</Channel>
         <Channel>529</Channel>
         <Channel>530</Channel>
         <!-- 
         <Channel>531</Channel>
         <Channel>532</Channel>
         <Channel>533</Channel>
         <Channel>534</Channel>
         <Channel>535</Channel>
         <Channel>536</Channel>
         -->
         <!--  DriveMotorVel_CmdDrive[i]  -->
         <!--  Gesendete Soll-Motorwinkelgeschwindigkeiten an den Antriebstreiber  -->
         <Channel>549</Channel>
         <Channel>550</Channel>
         <Channel>551</Channel>
         <Channel>552</Channel>
         <Channel>553</Channel>
         <Channel>554</Channel>
         <!-- 
         <Channel>555</Channel>
         <Channel>556</Channel>
         <Channel>557</Channel>
         <Channel>558</Channel>
         <Channel>559</Channel>
         <Channel>560</Channel>
         -->
         <!--  DriveMotorVel_ActDrive[i]  -->
         <!--  Empfangene Ist-Motorwinkelgeschwindigkeiten vom Antriebstreiber  -->
         <Channel>573</Channel>
         <Channel>574</Channel>
         <Channel>575</Channel>
         <Channel>576</Channel>
         <Channel>577</Channel>
         <Channel>578</Channel>
         <!-- 
         <Channel>579</Channel>
         <Channel>580</Channel>
         <Channel>581</Channel>
         <Channel>582</Channel>
         <Channel>583</Channel>
         <Channel>584</Channel>
         -->
         <!--  DriveMotorAcc_CmdDrive[i]  -->
         <!--  Gesendete Soll-Motorwinkelbeschleunigungen an den Antriebstreiber  -->
         <!-- 
         <Channel>597</Channel>
         <Channel>598</Channel>
         <Channel>599</Channel>
         <Channel>600</Channel>
         <Channel>601</Channel>
         <Channel>602</Channel>
         <Channel>603</Channel>
         <Channel>604</Channel>
         <Channel>605</Channel>
         <Channel>606</Channel>
         <Channel>607</Channel>
         <Channel>608</Channel>
         -->
         <!--  DriveMotorAcc_ActDrive[i]  -->
         <!--  Empfangene Ist-Motorwinkelbeschleunigungen vom Antriebstreiber  -->
         <!-- 
         <Channel>621</Channel>
         <Channel>622</Channel>
         <Channel>623</Channel>
         <Channel>624</Channel>
         <Channel>625</Channel>
         <Channel>626</Channel>
         <Channel>627</Channel>
         <Channel>628</Channel>
         <Channel>629</Channel>
         <Channel>630</Channel>
         <Channel>631</Channel>
         <Channel>632</Channel>
         -->
         <!--  DriveMotorPosError_ActDrive[i]  -->
         <!--  Empfangene Schleppfehler vom Antriebstreiber  -->
         <Channel>645</Channel>
         <Channel>646</Channel>
         <Channel>647</Channel>
         <Channel>648</Channel>
         <Channel>649</Channel>
         <Channel>650</Channel>
         <!-- 
         <Channel>651</Channel>
         <Channel>652</Channel>
         <Channel>653</Channel>
         <Channel>654</Channel>
         <Channel>655</Channel>
         <Channel>656</Channel>
         -->
         <!--  DriveMotorTorq_ActDrive[i]  -->
         <!--  Empfangene Ist-Motormomente vom Antriebstreiber  -->
         <Channel>669</Channel>
         <Channel>670</Channel>
         <Channel>671</Channel>
         <Channel>672</Channel>
         <Channel>673</Channel>
         <Channel>674</Channel>
         <!-- 
         <Channel>675</Channel>
         <Channel>676</Channel>
         <Channel>677</Channel>
         <Channel>678</Channel>
         <Channel>679</Channel>
         <Channel>680</Channel>
         -->
         <!--  DriveMotorCurrent_ActDrive[i]  -->
         <!--  Empfangene Ist-Strom vom Antriebstreiber  -->
         <Channel>693</Channel>
         <Channel>694</Channel>
         <Channel>695</Channel>
         <Channel>696</Channel>
         <Channel>697</Channel>
         <Channel>698</Channel>
         <!-- 
         <Channel>699</Channel>
         <Channel>700</Channel>
         <Channel>701</Channel>
         <Channel>702</Channel>
         <Channel>703</Channel>
         <Channel>704</Channel>
         -->
      </Module>
   </Modules>
   <Trigger>
      <ModuleName>KRCFineIpo</ModuleName>
      <ID>0</ID>
   </Trigger>
</Trace>