<?xml version="1.0" encoding="UTF-8"?>
<!-- Mit XMLSpy v2007 sp1 bearbeitet (http://www.altova.com) von Dominik Wenger (KUKA Roboter GMBH) -->
<Trace xmlns:xsi="http://www.w3.org/2001/XMLSchema-instance" xsi:noNamespaceSchemaLocation="/Roboter/Config/System/Common/Schemes/Tracedef.xsd">
   <Time>120</Time>
   <PreTrigger>100</PreTrigger>
   <Basename>KRC_AnalogIO</Basename>
   <Modules>
      <Module>
         <Name>KRCIpo</Name>
         <Rate>12000</Rate>
         <Channel>500</Channel>
         <Channel>501</Channel>
         <Channel>502</Channel>
         <Channel>503</Channel>
         <Channel>504</Channel>
         <Channel>505</Channel>
         <Channel>506</Channel>
         <Channel>507</Channel>
         <Channel>508</Channel>
         <Channel>509</Channel>
         <Channel>510</Channel>
         <Channel>511</Channel>
         <Channel>512</Channel>
         <Channel>513</Channel>
         <Channel>514</Channel>
         <Channel>515</Channel>
         <Channel>516</Channel>
         <Channel>517</Channel>
         <Channel>518</Channel>
         <Channel>519</Channel>
         <Channel>520</Channel>
         <Channel>521</Channel>
         <Channel>522</Channel>
         <Channel>523</Channel>
         <Channel>524</Channel>
         <Channel>525</Channel>
         <Channel>526</Channel>
         <Channel>527</Channel>
         <Channel>528</Channel>
         <Channel>529</Channel>
         <Channel>530</Channel>
         <Channel>531</Channel>
         <Channel>532</Channel>
         <Channel>533</Channel>
         <Channel>534</Channel>
         <Channel>535</Channel>
         <Channel>536</Channel>
         <Channel>537</Channel>
         <Channel>538</Channel>
         <Channel>539</Channel>
         <Channel>540</Channel>
         <Channel>541</Channel>
         <Channel>542</Channel>
         <Channel>543</Channel>
         <Channel>544</Channel>
         <Channel>545</Channel>
         <Channel>546</Channel>
         <Channel>547</Channel>
         <Channel>548</Channel>
         <Channel>549</Channel>
         <Channel>550</Channel>
         <Channel>551</Channel>
         <Channel>552</Channel>
         <Channel>553</Channel>
         <Channel>554</Channel>
         <Channel>555</Channel>
         <Channel>556</Channel>
         <Channel>557</Channel>
         <Channel>558</Channel>
         <Channel>559</Channel>
         <Channel>560</Channel>
         <Channel>561</Channel>
         <Channel>562</Channel>
         <Channel>563</Channel>
         <Channel>564</Channel>
         <Channel>565</Channel>
      </Module>
   </Modules>
   <Trigger>
      <ModuleName>KRCIpo</ModuleName>
      <ID>0</ID>
   </Trigger>
</Trace>