<?xml version="1.0" encoding="utf-8"?>
<Trace xmlns:xsi="http://www.w3.org/2001/XMLSchema-instance" xmlns:xsd="http://www.w3.org/2001/XMLSchema">
<!-- 29.09.2016; © KUKA Department ASC; Control&Drives; DJs-->
<!-- Trace des Aussenlüfters KR C4, Triggert auf Meldung "Drehzahl Aussenlüfter zu gering"; -->
<!-- Trace of the outer fan KR C4, Triggers on the message "Speed of outer fan too low"; -->
  <Time>120</Time>            <!--Aufzeichnungszeit / record time -->
  <PreTrigger>50</PreTrigger> <!--Vortrigger in % / pretrigger in % -->
  <Basename>Fantrace_1</Basename>
  <Modules>
    <Module>
      <Name>CabCtrlControlOuterFan</Name>
      <Rate>12000</Rate>
      <Channel>1</Channel>    <!--Operation LifeBit -->
      <Channel>2</Channel>    <!--Outer Fan Revolution requested -->
      <Channel>3</Channel>    <!--Outer Fan Revolution -->
      <Channel>4</Channel>    <!--Outer Fan Revolution (percental) -->
      <Channel>5</Channel>    <!--Outer Fan Deviation -->
    </Module>
    <Module>
      <Name>NextGenDrive#1</Name>   
      <Rate>4000</Rate>
      <Channel>100</Channel>  <!--PowerBreakState -->
    </Module>
  </Modules>
  <Trigger>
    <ModuleName>KRCIpo</ModuleName>
    <ID>4</ID>
    <Param1>12014</Param1>    <!--Drehzahl Aussenlüfter zu gering / Speed of outer fan too low -->
  </Trigger>
</Trace>