<?xml version="1.0" encoding="UTF-8"?>
<!-- Mit XMLSpy v2007 sp1 bearbeitet (http://www.altova.com) von Dominik Wenger (KUKA Roboter GMBH) -->
<Trace xmlns:xsi="http://www.w3.org/2001/XMLSchema-instance" xsi:noNamespaceSchemaLocation="/Roboter/Config/System/Common/Schemes/Tracedef.xsd">
   <Time>120</Time>
   <PreTrigger>100</PreTrigger>
   <Basename>KRC_IpoCommandValues</Basename>
   <Modules>
      <Module>
         <Name>KRCIpo</Name>
         <Rate>12000</Rate>
         <!--  [X,Y,Z,A,B,C]_CmdIpo  -->
         <!--  Interpolator Soll-Werte von X,Y,Z,A,B,C  -->
         <Channel>1</Channel>
         <Channel>2</Channel>
         <Channel>3</Channel>
         <Channel>4</Channel>
         <Channel>5</Channel>
         <Channel>6</Channel>
         <!--  AxisPos_CmdIpo[i]  -->
         <!--  Interpolator Soll-Positionen der Achsen  -->
         <Channel>7</Channel>
         <Channel>8</Channel>
         <Channel>9</Channel>
         <Channel>10</Channel>
         <Channel>11</Channel>
         <Channel>12</Channel>
         <!--
         <Channel>13</Channel>
         <Channel>14</Channel>
         <Channel>15</Channel>
         <Channel>16</Channel>
         <Channel>17</Channel>
         <Channel>18</Channel>
         -->
         <!--  [X,Y,Z,A,B,C]_CmdIpoAfterFilterAndBeforeDelay  -->
         <!--  Interpolator Soll-Werte von X,Y,Z,A,B,C nach Filter und vor negativer analogen Verzoegerung  -->
         <Channel>73</Channel>
         <Channel>74</Channel>
         <Channel>75</Channel>
         <Channel>76</Channel>
         <Channel>77</Channel>
         <Channel>78</Channel>
         <!--  AxisPos_CmdIpoAfterFilterAndBeforeDelay[i]  -->
         <!--  Interpolator Soll-Positionen der Achsen nach Filter und vor negativer analogen Verzoegerung  -->
         <Channel>79</Channel>
         <Channel>80</Channel>
         <Channel>81</Channel>
         <Channel>82</Channel>
         <Channel>83</Channel>
         <Channel>84</Channel>
         <!--
         <Channel>85</Channel>
         <Channel>86</Channel>
         <Channel>87</Channel>
         <Channel>88</Channel>
         <Channel>89</Channel>
         <Channel>90</Channel>
         -->
         <!--  [X,Y,Z,A,B,C]_CmdIpoBeforeFilterAndDelay  -->
         <!--  Interpolator Soll-Werte von X,Y,Z,A,B,C vor Filter und negativer analogen Verzoegerung  -->
         <Channel>109</Channel>
         <Channel>110</Channel>
         <Channel>111</Channel>
         <Channel>112</Channel>
         <Channel>113</Channel>
         <Channel>114</Channel>
         <!--  AxisPos_CmdIpoBeforeFilterAndDelay[i]  -->
         <!--  Interpolator Soll-Positionen der Achsen vor Filter und negativer analogen Verzoegerung  -->
         <Channel>115</Channel>
         <Channel>116</Channel>
         <Channel>117</Channel>
         <Channel>118</Channel>
         <Channel>119</Channel>
         <Channel>120</Channel>
         <!--
         <Channel>121</Channel>
         <Channel>122</Channel>
         <Channel>123</Channel>
         <Channel>124</Channel>
         <Channel>125</Channel>
         <Channel>126</Channel>
         -->
       </Module>
   </Modules>
   <Trigger>
      <ModuleName>KRCIpo</ModuleName>
      <ID>0</ID>
   </Trigger>
</Trace>