<?xml version="1.0" encoding="UTF-8"?>
<!-- Mit XMLSpy v2007 sp1 bearbeitet (http://www.altova.com) von Dominik Wenger (KUKA Roboter GMBH) -->
<Trace xmlns:xsi="http://www.w3.org/2001/XMLSchema-instance" xsi:noNamespaceSchemaLocation="/Roboter/Config/System/Common/Schemes/Tracedef.xsd">
   <Time>120</Time>
   <PreTrigger>100</PreTrigger>
   <Basename>KRC_SafeRobot</Basename>
   <Modules>
      <Module>
         <Name>KRCIpo</Name>
         <Rate>12000</Rate>
         <!--  AxisPos_Act[i]  -->
         <!--  Interpolator Ist-Positionen der Achsen  -->
         <Channel>43</Channel>
         <Channel>44</Channel>
         <Channel>45</Channel>
         <Channel>46</Channel>
         <Channel>47</Channel>
         <Channel>48</Channel>
<!--
         <Channel>49</Channel>
         <Channel>50</Channel>
         <Channel>51</Channel>
         <Channel>52</Channel>
         <Channel>53</Channel>
         <Channel>54</Channel>
-->
         <!--  AxisVel_Act[i]  -->
         <!--  Ist-Achswinkelgeschwindigkeiten  -->
         <Channel>2824</Channel>
         <Channel>2825</Channel>
         <Channel>2826</Channel>
         <Channel>2827</Channel>
         <Channel>2828</Channel>
         <Channel>2829</Channel>
<!--
         <Channel>2830</Channel>
         <Channel>2831</Channel>
         <Channel>2832</Channel>
         <Channel>2833</Channel>
         <Channel>2834</Channel>
         <Channel>2835</Channel>
-->
         <!--  AxisPos_StopRDCSim[i]  -->
         <!--  Achswinkel in Stopp-Position  -->
         <Channel>1362</Channel>
         <Channel>1363</Channel>
         <Channel>1364</Channel>
         <Channel>1365</Channel>
         <Channel>1366</Channel>
         <Channel>1367</Channel>
<!-- 
         <Channel>1368</Channel>
         <Channel>1369</Channel>
         <Channel>1370</Channel>
         <Channel>1371</Channel>
         <Channel>1372</Channel>
         <Channel>1373</Channel>
-->
         <!--  FlangeInWorld[X,Y,Z]_ActRDCSim  -->
         <!--  Aktuelle Flanschposition bezueglich Welt  -->
         <Channel>1386</Channel>
         <Channel>1387</Channel>
         <Channel>1388</Channel>
         <!--  FlangeInWorld[X,Y,Z]_StopRDCSim  -->
         <!--  Aktuelle Stopp-Position bezueglich Welt  -->
         <Channel>1389</Channel>
         <Channel>1390</Channel>
         <Channel>1391</Channel>
         <!--  FlangeInRobRoot[X,Y,Z]_CmdSRAdaptedBeforeFilterAndDelay  -->
         <!--  Aktuelle Flanschposition bezueglich Welt  -->
         <Channel>1448</Channel>
         <Channel>1449</Channel>
         <Channel>1450</Channel>
         <!--  Override_*  -->
         <!--  Override: Soll, Technologie, Soll x Technologie, Ist, Schleppfehler  -->
         <Channel>2900</Channel>
         <Channel>2901</Channel>
         <Channel>2902</Channel>
         <Channel>2903</Channel>
         <Channel>2904</Channel>         
         <!--  Override_CmdSRAdapted  -->
         <!--  Kommandierter Technologie-Override seitens SafeRobot  -->
         <Channel>1456</Channel>
         <!--  CartVelTool_CmdSRAdaptedBeforeFilterAndDelay  -->
         <!--  und CartVelToolSphere_CmdSRAdaptedBeforeFilterAndDelay[1..12]  -->
         <!--  sowie CartVelFlange_CmdSRAdaptedBeforeFilterAndDelay  -->
         <!--  Kommandierte Werkzeug- und Werkzeugkugel-Geschwindigkeiten  -->
         <!--  des gerade aktiven Werkzeugs von SafeRobot, sowie des Flansches  -->
         <Channel>1457</Channel>
         <Channel>1458</Channel>
         <Channel>1459</Channel>
         <Channel>1460</Channel>
         <Channel>1461</Channel>
         <Channel>1462</Channel>
         <Channel>1463</Channel>
         <Channel>1464</Channel>
         <Channel>1465</Channel>
         <Channel>1466</Channel>
         <Channel>1467</Channel>
         <Channel>1468</Channel>
         <Channel>1469</Channel>
         <Channel>1470</Channel>
      </Module>
   </Modules>
   <Trigger>
      <ModuleName>KRCIpo</ModuleName>
      <ID>0</ID>
   </Trigger>
</Trace>