<?xml version="1.0" encoding="UTF-8"?>
<!-- Mit XMLSpy v2007 sp1 bearbeitet (http://www.altova.com) von Dominik Wenger (KUKA Roboter GMBH) -->
<Trace xmlns:xsi="http://www.w3.org/2001/XMLSchema-instance" xsi:noNamespaceSchemaLocation="/Roboter/Config/System/Common/Schemes/Tracedef.xsd">
   <Time>120</Time>
   <PreTrigger>100</PreTrigger>
   <Basename>KRC_Spline_FGen</Basename>
   <Modules>
      <Module>
         <Name>KRCIpo</Name>
         <Rate>12000</Rate>
         <Channel>2500</Channel>
         <Channel>2501</Channel>
         <Channel>2502</Channel>
         <Channel>2503</Channel>
         <Channel>2504</Channel>
         <Channel>2505</Channel>
         <Channel>2506</Channel>
         <Channel>2507</Channel>
         <Channel>2508</Channel>
         <Channel>2509</Channel>
         <Channel>2510</Channel>
         <Channel>2511</Channel>
         <Channel>2512</Channel>
         <Channel>2513</Channel>
         <Channel>2514</Channel>
         <Channel>2515</Channel>
         <Channel>2516</Channel>
         <Channel>2517</Channel>
         <Channel>2518</Channel>
         <Channel>2531</Channel>
         <Channel>2532</Channel>
         <Channel>2533</Channel>
         <Channel>2534</Channel>
         <Channel>2535</Channel>
         <Channel>2536</Channel>
         <Channel>2549</Channel>
         <Channel>2550</Channel>
         <Channel>2551</Channel>
         <Channel>2552</Channel>
         <Channel>2553</Channel>
         <Channel>2554</Channel>
         <Channel>2567</Channel>
         <Channel>2568</Channel>
         <Channel>2569</Channel>
         <Channel>2570</Channel>
         <Channel>2571</Channel>
         <Channel>2572</Channel>
         <Channel>2585</Channel>
         <Channel>2586</Channel>
         <Channel>2587</Channel>
         <Channel>2588</Channel>
         <Channel>2589</Channel>
         <Channel>2590</Channel>
         <Channel>2603</Channel>
         <Channel>2604</Channel>
         <Channel>2605</Channel>
         <Channel>2606</Channel>
         <Channel>2607</Channel>
         <Channel>2608</Channel>
         <Channel>2621</Channel>
         <Channel>2622</Channel>
         <Channel>2623</Channel>
         <Channel>2624</Channel>
         <Channel>2625</Channel>
         <Channel>2626</Channel>
         <Channel>2639</Channel>
         <Channel>2640</Channel>
         <Channel>2641</Channel>
         <Channel>2642</Channel>
         <Channel>2643</Channel>
         <Channel>2644</Channel>
         <Channel>2657</Channel>
         <Channel>2658</Channel>
         <Channel>2659</Channel>
         <Channel>2660</Channel>
         <Channel>2661</Channel>
         <Channel>2662</Channel>
         <Channel>2663</Channel>
         <Channel>2664</Channel>
         <Channel>2665</Channel>
         <Channel>2666</Channel>
         <Channel>2667</Channel>
         <Channel>2668</Channel>
         <Channel>2669</Channel>
      </Module>
   </Modules>
   <Trigger>
      <ModuleName>KRCIpo</ModuleName>
      <ID>0</ID>
   </Trigger>
</Trace>