<?xml version="1.0" encoding="utf-8"?>
<Trace xmlns:xsi="http://www.w3.org/2001/XMLSchema-instance" xmlns:xsd="http://www.w3.org/2001/XMLSchema">
  <Time>60</Time>
  <PreTrigger>10</PreTrigger>
  <Basename>Tracedef_CNC_AxesPositions</Basename>
  <Modules>
    <Module>
      <Name>CNC</Name>
      <Rate>4000</Rate>
      <Channel>107</Channel>
      <Channel>108</Channel>
      <Channel>207</Channel>
      <Channel>208</Channel>
      <Channel>307</Channel>
      <Channel>308</Channel>
      <Channel>407</Channel>
      <Channel>408</Channel>
      <Channel>507</Channel>
      <Channel>508</Channel>
      <Channel>607</Channel>
      <Channel>608</Channel>
    </Module>
  </Modules>
  <Trigger>
    <ModuleName>CNC</ModuleName>
    <ID>0</ID>
  </Trigger>
</Trace>