<?xml version="1.0" encoding="UTF-8"?>
<!-- Mit XMLSpy v2007 sp1 bearbeitet (http://www.altova.com) von Dominik Wenger (KUKA Roboter GMBH) -->
<Trace xmlns:xsi="http://www.w3.org/2001/XMLSchema-instance" xsi:noNamespaceSchemaLocation="/Roboter/Config/System/Common/Schemes/Tracedef.xsd">
   <Time>120</Time>
   <PreTrigger>100</PreTrigger>
   <Basename>KRC_LagHpEKO</Basename>
   <Modules>
      <Module>
         <Name>KRCFineIpo</Name>
         <Rate>4000</Rate>
         <!--  GearPos_CmdFineIpo[i]  -->
         <!--  Getriebe Soll-Positionen im Fein-Interpolator  -->
         <Channel>1</Channel>
         <Channel>2</Channel>
         <Channel>3</Channel>
         <Channel>4</Channel>
         <Channel>5</Channel>
         <Channel>6</Channel>
         <!-- 
         <Channel>7</Channel>
         <Channel>8</Channel>
         <Channel>9</Channel>
         <Channel>10</Channel>
         <Channel>11</Channel>
         <Channel>12</Channel>
         -->
         <!--  GearVel_CmdFineIpo[i]  -->
         <!--  Getriebe Soll-Geschwindigkeiten im Fein-Interpolator  -->
         <Channel>25</Channel>
         <Channel>26</Channel>
         <Channel>27</Channel>
         <Channel>28</Channel>
         <Channel>29</Channel>
         <Channel>30</Channel>
         <!-- 
         <Channel>31</Channel>
         <Channel>32</Channel>
         <Channel>33</Channel>
         <Channel>34</Channel>
         <Channel>35</Channel>
         <Channel>36</Channel>
         -->
         <!--  GearAcc_CmdFineIpo[i]  -->
         <!--  Getriebe Soll-Beschleunigungen im Fein-Interpolator  -->
         <!-- 
         <Channel>49</Channel>
         <Channel>50</Channel>
         <Channel>51</Channel>
         <Channel>52</Channel>
         <Channel>53</Channel>
         <Channel>54</Channel>
         <Channel>55</Channel>
         <Channel>56</Channel>
         <Channel>57</Channel>
         <Channel>58</Channel>
         <Channel>59</Channel>
         <Channel>60</Channel>
         -->
         <!--  GearPos_CmdFirFilter[i]  -->
         <!--  Getriebe Soll-Position im Fein-Interpolator nach FIR-Filter  -->
         <Channel>73</Channel>
         <Channel>74</Channel>
         <Channel>75</Channel>
         <Channel>76</Channel>
         <Channel>77</Channel>
         <Channel>78</Channel>
         <!-- 
         <Channel>79</Channel>
         <Channel>80</Channel>
         <Channel>81</Channel>
         <Channel>82</Channel>
         <Channel>83</Channel>
         <Channel>84</Channel>
         -->
         <!--  GearPos_CmdEkoFlt[i]  -->
         <!--  Sollwerte nach Besselfilter, aber unbeachtlich der EKO-Korrektur  -->
         <Channel>121</Channel>
         <Channel>122</Channel>
         <Channel>123</Channel>
         <Channel>124</Channel>
         <Channel>125</Channel>
         <Channel>126</Channel>
         <!-- 
         <Channel>127</Channel>
         <Channel>128</Channel>
         <Channel>129</Channel>
         <Channel>130</Channel>
         <Channel>131</Channel>
         <Channel>132</Channel>
         -->
         <!--  GearVel_CmdEkoFlt[i]  -->
         <!--  Sollgeschwindigkeit nach Besselfilter, unbeachtlich der EKO-Korrektur  -->
         <Channel>145</Channel>
         <Channel>146</Channel>
         <Channel>147</Channel>
         <Channel>148</Channel>
         <Channel>149</Channel>
         <Channel>150</Channel>
         <!-- 
         <Channel>151</Channel>
         <Channel>152</Channel>
         <Channel>153</Channel>
         <Channel>154</Channel>
         <Channel>155</Channel>
         <Channel>156</Channel>
         -->
         <!--  GearAcc_CmdEkoFlt[i]  -->
         <!--  Sollbeschleunigung nach Besselfilter, unbeachtlich der EKO-Korrektur  -->
         <Channel>169</Channel>
         <Channel>170</Channel>
         <Channel>171</Channel>
         <Channel>172</Channel>
         <Channel>173</Channel>
         <Channel>174</Channel>
         <!-- 
         <Channel>175</Channel>
         <Channel>176</Channel>
         <Channel>177</Channel>
         <Channel>178</Channel>
         <Channel>179</Channel>
         <Channel>180</Channel>
         -->
         <!--  GearPos_CmdEko[i]  -->
         <!--  Soll-Positionen nach EKO, einschließlich der der EKO-Korrektur  -->
         <Channel>97</Channel>
         <Channel>98</Channel>
         <Channel>99</Channel>
         <Channel>100</Channel>
         <Channel>101</Channel>
         <Channel>102</Channel>
         <!-- 
         <Channel>103</Channel>
         <Channel>104</Channel>
         <Channel>105</Channel>
         <Channel>106</Channel>
         <Channel>107</Channel>
         <Channel>108</Channel>
         -->
         <!--  GearVel_CmdEko[i]  -->
         <!--  Soll-Geschwindigkeiten nach EKO, einschließlich der der EKO-Korrektur  -->
         <Channel>193</Channel>
         <Channel>194</Channel>
         <Channel>195</Channel>
         <Channel>196</Channel>
         <Channel>197</Channel>
         <Channel>198</Channel>
         <!-- 
         <Channel>199</Channel>
         <Channel>200</Channel>
         <Channel>201</Channel>
         <Channel>202</Channel>
         <Channel>203</Channel>
         <Channel>204</Channel>
         -->
         <!--  GearAcc_CmdEko[i]  -->
         <!--  Soll-Beschleunigungen nach EKO, einschließlich der der EKO-Korrektur  -->
         <Channel>217</Channel>
         <Channel>218</Channel>
         <Channel>219</Channel>
         <Channel>220</Channel>
         <Channel>221</Channel>
         <Channel>222</Channel>
         <!-- 
         <Channel>223</Channel>
         <Channel>224</Channel>
         <Channel>225</Channel>
         <Channel>226</Channel>
         <Channel>227</Channel>
         <Channel>228</Channel>
         -->
         <!--  DriveMotorTorq_CmdEko[i]  -->
         <!--  Antriebsseitige Soll-Motormomente nach EKO  -->
         <Channel>241</Channel>
         <Channel>242</Channel>
         <Channel>243</Channel>
         <Channel>244</Channel>
         <Channel>245</Channel>
         <Channel>246</Channel>
         <!-- 
         <Channel>247</Channel>
         <Channel>248</Channel>
         <Channel>249</Channel>
         <Channel>250</Channel>
         <Channel>251</Channel>
         <Channel>252</Channel>
         -->
         <!--  GearTorq_CmdEko[i]  -->
         <!--  Soll-Getriebemomente nach EKO  -->
         <Channel>265</Channel>
         <Channel>266</Channel>
         <Channel>267</Channel>
         <Channel>268</Channel>
         <Channel>269</Channel>
         <Channel>270</Channel>
         <!-- 
         <Channel>271</Channel>
         <Channel>272</Channel>
         <Channel>273</Channel>
         <Channel>274</Channel>
         <Channel>275</Channel>
         <Channel>276</Channel>
         -->
         <!--  GearVelLimitInit_Eko[i]  -->
         <!--  Initialisierte Achs-Geschwindigkeitsgrenze fuer die EKO  -->
         <!-- 
         <Channel>289</Channel>
         <Channel>290</Channel>
         <Channel>291</Channel>
         <Channel>292</Channel>
         <Channel>293</Channel>
         <Channel>294</Channel>
         <Channel>295</Channel>
         <Channel>296</Channel>
         <Channel>297</Channel>
         <Channel>298</Channel>
         <Channel>299</Channel>
         <Channel>300</Channel>
         -->
         <!--  GearAccLimitInit_Eko[i]  -->
         <!--  Initialisierte Achs-Beschleunigungsgrenze fuer die EKO  -->
         <!-- 
         <Channel>313</Channel>
         <Channel>314</Channel>
         <Channel>315</Channel>
         <Channel>316</Channel>
         <Channel>317</Channel>
         <Channel>318</Channel>
         <Channel>319</Channel>
         <Channel>320</Channel>
         <Channel>321</Channel>
         <Channel>322</Channel>
         <Channel>323</Channel>
         <Channel>324</Channel>
         -->
         <!--  LaghpUltimateIpoFeed  -->
         <Channel>337</Channel>
         <!--  LaghpAchsStart  -->
         <Channel>338</Channel>
         <!--  LaghpTaskState  -->
         <Channel>339</Channel>
         <!--  LaghpFeedRequested  -->
         <Channel>340</Channel>
      </Module>
   </Modules>
   <Trigger>
      <ModuleName>KRCFineIpo</ModuleName>
      <ID>0</ID>
   </Trigger>
</Trace>