<?xml version="1.0" encoding="utf-8"?>
<Trace xmlns:xsi="http://www.w3.org/2001/XMLSchema-instance" xmlns:xsd="http://www.w3.org/2001/XMLSchema">
<!-- 29.09.2016; © KUKA Department ASC; Control&Drives; DJs-->
<!-- from KSS 8.3.12; 9 axes -->
  <Time>30</Time>                   <!--Aufzeichnungszeit / record time -->
  <PreTrigger>80</PreTrigger>       <!--Vortrigger in % / pretrigger in % -->
  <Basename>Electrictrace_1</Basename>
  <Modules>
    <Module>
      <Name>NextGenDrive#1</Name>   <!--Name Modul, Achsnummer / name module, axis number -->
      <Rate>4000</Rate>             <!--Takt Modul / tact module -->
      <Channel>1</Channel>          <!--Sollposition / desired position -->
      <Channel>2</Channel>          <!--Istposition / current position -->
      <Channel>3</Channel>          <!--Positionsschleppfehler / position tracking error -->
      <Channel>6</Channel>          <!--Sollgeschwindigkeit / desired speed -->
      <Channel>7</Channel>          <!--Istgeschwindigkeit / current speed -->
      <Channel>100</Channel>        <!--Zustand PowerBrakeState / state of powerbreakstate -->
      <Channel>107</Channel>        <!--Kommando Bremse / command break -->
      <Channel>108</Channel>        <!--Zustand Bremse /state break -->
      <Channel>200</Channel>        <!--Motortemperatur / motor temperature -->
      <Channel>202</Channel>        <!--Iststrom / actual current -->
      <Channel>214</Channel>        <!--Aktuelle Antriebsauslastung / engine utilization -->
    </Module>
    <Module>
      <Name>NextGenDrive#2</Name>
      <Rate>4000</Rate>
      <Channel>1</Channel>
      <Channel>2</Channel>
      <Channel>3</Channel>
      <Channel>6</Channel>
      <Channel>7</Channel>
      <Channel>100</Channel>
      <Channel>107</Channel>
      <Channel>108</Channel>
      <Channel>200</Channel>
      <Channel>202</Channel>
      <Channel>214</Channel>
    </Module>
    <Module>
      <Name>NextGenDrive#3</Name>
      <Rate>4000</Rate>
      <Channel>1</Channel>
      <Channel>2</Channel>
      <Channel>3</Channel>
      <Channel>6</Channel>
      <Channel>7</Channel>
      <Channel>100</Channel>
      <Channel>107</Channel>
      <Channel>108</Channel>
      <Channel>200</Channel>
      <Channel>202</Channel>
      <Channel>214</Channel>
    </Module>
    <Module>
      <Name>NextGenDrive#4</Name>
      <Rate>4000</Rate>
      <Channel>1</Channel>
      <Channel>2</Channel>
      <Channel>3</Channel>
      <Channel>6</Channel>
      <Channel>7</Channel>
      <Channel>100</Channel>
      <Channel>107</Channel>
      <Channel>108</Channel>
      <Channel>200</Channel>
      <Channel>202</Channel>
      <Channel>214</Channel>
    </Module>
    <Module>
      <Name>NextGenDrive#5</Name>
      <Rate>4000</Rate>
      <Channel>1</Channel>
      <Channel>2</Channel>
      <Channel>3</Channel>
      <Channel>6</Channel>
      <Channel>7</Channel>
      <Channel>100</Channel>
      <Channel>107</Channel>
      <Channel>108</Channel>
      <Channel>200</Channel>
      <Channel>202</Channel>
      <Channel>214</Channel>
    </Module>
    <Module>
      <Name>NextGenDrive#6</Name>
      <Rate>4000</Rate>
      <Channel>1</Channel>
      <Channel>2</Channel>
      <Channel>3</Channel>
      <Channel>6</Channel>
      <Channel>7</Channel>
      <Channel>100</Channel>
      <Channel>107</Channel>
      <Channel>108</Channel>
      <Channel>200</Channel>
      <Channel>202</Channel>
      <Channel>214</Channel>
    </Module>
    <Module>
     <Name>NextGenDrive#7</Name>
      <Rate>4000</Rate>
      <Channel>1</Channel>
      <Channel>2</Channel>
      <Channel>3</Channel>
      <Channel>6</Channel>
      <Channel>7</Channel>
      <Channel>100</Channel>
      <Channel>107</Channel>
      <Channel>108</Channel>
      <Channel>200</Channel>
      <Channel>202</Channel>
      <Channel>214</Channel>
    </Module>
    <Module>
     <Name>NextGenDrive#8</Name>
      <Rate>4000</Rate>
      <Channel>1</Channel>
      <Channel>2</Channel>
      <Channel>3</Channel>
      <Channel>6</Channel>
      <Channel>7</Channel>
      <Channel>100</Channel>
      <Channel>107</Channel>
      <Channel>108</Channel>
      <Channel>200</Channel>
      <Channel>202</Channel>
      <Channel>214</Channel>
    </Module>
    <Module>
     <Name>NextGenDrive#9</Name>
      <Rate>4000</Rate>
      <Channel>1</Channel>
      <Channel>2</Channel>
      <Channel>3</Channel>
      <Channel>6</Channel>
      <Channel>7</Channel>
      <Channel>100</Channel>
      <Channel>107</Channel>
      <Channel>108</Channel>
      <Channel>200</Channel>
      <Channel>202</Channel>
      <Channel>214</Channel>
    </Module>
    <Module>
      <Name>NextGenSupply#1</Name>
      <Rate>4000</Rate>
      <Channel>200</Channel>     <!--Zwischenkreisspannung KPP 1 / intermediate voltage KPP 1 -->
    </Module>
    <Module>
      <Name>CFSupplyChannel#1</Name>
      <Rate>500</Rate>
      <Channel>300</Channel>     <!--WDIStatus KPP 1 -->
      <Channel>301</Channel>     <!--WDOControl KPP 1 -->
    </Module>
    <Module>
      <Name>CFChannel#1</Name>
      <Rate>500</Rate>
      <Channel>3</Channel>      <!--WDIVel / Wert durch 6 teilen = Motordrehzahl in U/min. -->
      <Channel>300</Channel>    <!--WDIStatus KSP A1 -->
      <Channel>301</Channel>    <!--WDOControl KSP A1 -->
      <Channel>302</Channel>    <!--WDIcurrent -->
      <Channel>303</Channel>    <!--WDOcurrent -->
    </Module>
    <Module>
      <Name>CFChannel#2</Name>
      <Rate>500</Rate>
      <Channel>3</Channel>
      <Channel>300</Channel>
      <Channel>301</Channel>
      <Channel>302</Channel>
      <Channel>303</Channel>
    </Module>
    <Module>
      <Name>CFChannel#3</Name>
      <Rate>500</Rate>
      <Channel>3</Channel>
      <Channel>300</Channel>
      <Channel>301</Channel>
      <Channel>302</Channel>
      <Channel>303</Channel>
    </Module>
    <Module>
      <Name>CFChannel#4</Name>
      <Rate>500</Rate>
      <Channel>3</Channel>
      <Channel>300</Channel>
      <Channel>301</Channel>
      <Channel>302</Channel>
      <Channel>303</Channel>
    </Module>
    <Module>
      <Name>CFChannel#5</Name>
      <Rate>500</Rate>
      <Channel>3</Channel>
      <Channel>300</Channel>
      <Channel>301</Channel>
      <Channel>302</Channel>
      <Channel>303</Channel>
    </Module>
    <Module>
      <Name>CFChannel#6</Name>
      <Rate>500</Rate>
      <Channel>3</Channel>
      <Channel>300</Channel>
      <Channel>301</Channel>
      <Channel>302</Channel>
      <Channel>303</Channel>
       </Module>
    <Module>
      <Name>CFChannel#7</Name>
      <Rate>500</Rate>
      <Channel>3</Channel>
      <Channel>300</Channel>
      <Channel>301</Channel>
      <Channel>302</Channel>
      <Channel>303</Channel>
       </Module>
    <Module>
      <Name>CFChannel#8</Name>
      <Rate>500</Rate>
      <Channel>3</Channel>
      <Channel>300</Channel>
      <Channel>301</Channel>
      <Channel>302</Channel>
      <Channel>303</Channel>
       </Module>
    <Module>
      <Name>CFChannel#9</Name>
      <Rate>500</Rate>
      <Channel>3</Channel>
      <Channel>300</Channel>
      <Channel>301</Channel>
      <Channel>302</Channel>
      <Channel>303</Channel>
    </Module>
  </Modules>
  <Trigger>
    <ModuleName>KRCIpo</ModuleName>
    <ID>2</ID>     <!-- 2=Fehler mit Stoppbedingung / error with stop condition -->
  </Trigger>
</Trace>