<?xml version="1.0" encoding="utf-8"?>
<Trace xmlns:xsi="http://www.w3.org/2001/XMLSchema-instance" xmlns:xsd="http://www.w3.org/2001/XMLSchema">
  <Time>1</Time>
  <PreTrigger>100</PreTrigger>
  <Basename>Trace_All_1</Basename>
  <Modules>
    <Module>
      <Name>NextGen</Name>
      <Rate>4000</Rate>
      <Channel>1</Channel>
      <Channel>2</Channel>
      <Channel>3</Channel>
    </Module>
    <Module>
      <Name>NextGenWDIoBuf</Name>
      <Rate>125</Rate>
      <Channel>1</Channel>
      <Channel>2</Channel>
      <Channel>3</Channel>
      <Channel>4</Channel>
      <Channel>5</Channel>
      <Channel>6</Channel>
      <Channel>7</Channel>
      <Channel>8</Channel>
      <Channel>9</Channel>
      <Channel>10</Channel>
      <Channel>11</Channel>
      <Channel>12</Channel>
      <Channel>13</Channel>
      <Channel>14</Channel>
      <Channel>15</Channel>
      <Channel>16</Channel>
      <Channel>17</Channel>
      <Channel>18</Channel>
      <Channel>19</Channel>
      <Channel>21</Channel>
      <Channel>21</Channel>
      <Channel>22</Channel>
      <Channel>23</Channel>
      <Channel>24</Channel>
      <Channel>25</Channel>
      <Channel>26</Channel>
      <Channel>27</Channel>
      <Channel>28</Channel>
      <Channel>29</Channel>
      <Channel>30</Channel>
      <Channel>31</Channel>
      <Channel>32</Channel>
    </Module>
    <Module>
      <Name>NextGenSupply#1</Name>
      <Rate>4000</Rate>
      <Channel>101</Channel>
      <Channel>102</Channel>
      <Channel>103</Channel>
      <Channel>104</Channel>
      <Channel>112</Channel>
      <Channel>113</Channel>
      <Channel>200</Channel>
      <Channel>202</Channel>
      <Channel>203</Channel>
      <Channel>206</Channel>
      <Channel>207</Channel>
      <Channel>300</Channel>
      <Channel>301</Channel>
      <Channel>302</Channel>
      <Channel>303</Channel>
      <Channel>304</Channel>
      <Channel>305</Channel>
      <Channel>306</Channel>
      <Channel>307</Channel>
      <Channel>308</Channel>
      <Channel>309</Channel>
      <Channel>310</Channel>
      <Channel>311</Channel>
      <Channel>312</Channel>
      <Channel>313</Channel>
      <Channel>314</Channel>
      <Channel>315</Channel>
    </Module>
    <Module>
      <Name>NextGenDrive#1</Name>
      <Rate>4000</Rate>
      <Channel>1</Channel>
      <Channel>2</Channel>
      <Channel>3</Channel>
      <Channel>4</Channel>
      <Channel>5</Channel>
      <Channel>6</Channel>
      <Channel>7</Channel>
      <Channel>8</Channel>
      <Channel>9</Channel>
      <Channel>10</Channel>
      <Channel>11</Channel>
      <Channel>12</Channel>
      <Channel>13</Channel>
      <Channel>14</Channel>
      <Channel>15</Channel>
      <Channel>16</Channel>
      <Channel>17</Channel>
      <Channel>18</Channel>
      <Channel>19</Channel>
      <Channel>20</Channel>
      <Channel>100</Channel>
      <Channel>101</Channel>
      <Channel>102</Channel>
      <Channel>103</Channel>
      <Channel>104</Channel>
      <Channel>105</Channel>
      <Channel>106</Channel>
      <Channel>107</Channel>
      <Channel>108</Channel>
      <Channel>109</Channel>
      <Channel>110</Channel>
      <Channel>111</Channel>
      <Channel>112</Channel>
      <Channel>113</Channel>
      <Channel>114</Channel>
      <Channel>115</Channel>
      <Channel>116</Channel>
      <Channel>117</Channel>
      <Channel>200</Channel>
      <Channel>202</Channel>
      <Channel>203</Channel>
      <Channel>204</Channel>
      <Channel>205</Channel>
      <Channel>206</Channel>
      <Channel>207</Channel>
      <Channel>300</Channel>
      <Channel>301</Channel>
      <Channel>302</Channel>
      <Channel>303</Channel>
      <Channel>304</Channel>
      <Channel>305</Channel>
      <Channel>306</Channel>
      <Channel>307</Channel>
      <Channel>308</Channel>
      <Channel>309</Channel>
      <Channel>310</Channel>
      <Channel>311</Channel>
      <Channel>312</Channel>
      <Channel>313</Channel>
      <Channel>314</Channel>
      <Channel>315</Channel>
    </Module>
    <Module>
      <Name>NextGenDrive#2</Name>
      <Rate>4000</Rate>
      <Channel>1</Channel>
      <Channel>2</Channel>
      <Channel>3</Channel>
      <Channel>4</Channel>
      <Channel>5</Channel>
      <Channel>6</Channel>
      <Channel>7</Channel>
      <Channel>8</Channel>
      <Channel>9</Channel>
      <Channel>10</Channel>
      <Channel>11</Channel>
      <Channel>12</Channel>
      <Channel>13</Channel>
      <Channel>14</Channel>
      <Channel>15</Channel>
      <Channel>16</Channel>
      <Channel>17</Channel>
      <Channel>18</Channel>
      <Channel>19</Channel>
      <Channel>20</Channel>
      <Channel>100</Channel>
      <Channel>101</Channel>
      <Channel>102</Channel>
      <Channel>103</Channel>
      <Channel>104</Channel>
      <Channel>105</Channel>
      <Channel>106</Channel>
      <Channel>107</Channel>
      <Channel>108</Channel>
      <Channel>109</Channel>
      <Channel>110</Channel>
      <Channel>111</Channel>
      <Channel>112</Channel>
      <Channel>113</Channel>
      <Channel>114</Channel>
      <Channel>115</Channel>
      <Channel>116</Channel>
      <Channel>117</Channel>
      <Channel>200</Channel>
      <Channel>202</Channel>
      <Channel>203</Channel>
      <Channel>204</Channel>
      <Channel>205</Channel>
      <Channel>206</Channel>
      <Channel>207</Channel>
      <Channel>300</Channel>
      <Channel>301</Channel>
      <Channel>302</Channel>
      <Channel>303</Channel>
      <Channel>304</Channel>
      <Channel>305</Channel>
      <Channel>306</Channel>
      <Channel>307</Channel>
      <Channel>308</Channel>
      <Channel>309</Channel>
      <Channel>310</Channel>
      <Channel>311</Channel>
      <Channel>312</Channel>
      <Channel>313</Channel>
      <Channel>314</Channel>
      <Channel>315</Channel>
    </Module>
    <Module>
      <Name>NextGenDrive#3</Name>
      <Rate>4000</Rate>
      <Channel>1</Channel>
      <Channel>2</Channel>
      <Channel>3</Channel>
      <Channel>4</Channel>
      <Channel>5</Channel>
      <Channel>6</Channel>
      <Channel>7</Channel>
      <Channel>8</Channel>
      <Channel>9</Channel>
      <Channel>10</Channel>
      <Channel>11</Channel>
      <Channel>12</Channel>
      <Channel>13</Channel>
      <Channel>14</Channel>
      <Channel>15</Channel>
      <Channel>16</Channel>
      <Channel>17</Channel>
      <Channel>18</Channel>
      <Channel>19</Channel>
      <Channel>20</Channel>
      <Channel>100</Channel>
      <Channel>101</Channel>
      <Channel>102</Channel>
      <Channel>103</Channel>
      <Channel>104</Channel>
      <Channel>105</Channel>
      <Channel>106</Channel>
      <Channel>107</Channel>
      <Channel>108</Channel>
      <Channel>109</Channel>
      <Channel>110</Channel>
      <Channel>111</Channel>
      <Channel>112</Channel>
      <Channel>113</Channel>
      <Channel>114</Channel>
      <Channel>115</Channel>
      <Channel>116</Channel>
      <Channel>117</Channel>
      <Channel>200</Channel>
      <Channel>202</Channel>
      <Channel>203</Channel>
      <Channel>204</Channel>
      <Channel>205</Channel>
      <Channel>206</Channel>
      <Channel>207</Channel>
      <Channel>300</Channel>
      <Channel>301</Channel>
      <Channel>302</Channel>
      <Channel>303</Channel>
      <Channel>304</Channel>
      <Channel>305</Channel>
      <Channel>306</Channel>
      <Channel>307</Channel>
      <Channel>308</Channel>
      <Channel>309</Channel>
      <Channel>310</Channel>
      <Channel>311</Channel>
      <Channel>312</Channel>
      <Channel>313</Channel>
      <Channel>314</Channel>
      <Channel>315</Channel>
    </Module>
    <Module>
      <Name>NextGenDrive#4</Name>
      <Rate>4000</Rate>
      <Channel>1</Channel>
      <Channel>2</Channel>
      <Channel>3</Channel>
      <Channel>4</Channel>
      <Channel>5</Channel>
      <Channel>6</Channel>
      <Channel>7</Channel>
      <Channel>8</Channel>
      <Channel>9</Channel>
      <Channel>10</Channel>
      <Channel>11</Channel>
      <Channel>12</Channel>
      <Channel>13</Channel>
      <Channel>14</Channel>
      <Channel>15</Channel>
      <Channel>16</Channel>
      <Channel>17</Channel>
      <Channel>18</Channel>
      <Channel>19</Channel>
      <Channel>20</Channel>
      <Channel>100</Channel>
      <Channel>101</Channel>
      <Channel>102</Channel>
      <Channel>103</Channel>
      <Channel>104</Channel>
      <Channel>105</Channel>
      <Channel>106</Channel>
      <Channel>107</Channel>
      <Channel>108</Channel>
      <Channel>109</Channel>
      <Channel>110</Channel>
      <Channel>111</Channel>
      <Channel>112</Channel>
      <Channel>113</Channel>
      <Channel>114</Channel>
      <Channel>115</Channel>
      <Channel>116</Channel>
      <Channel>117</Channel>
      <Channel>200</Channel>
      <Channel>202</Channel>
      <Channel>203</Channel>
      <Channel>204</Channel>
      <Channel>205</Channel>
      <Channel>206</Channel>
      <Channel>207</Channel>
      <Channel>300</Channel>
      <Channel>301</Channel>
      <Channel>302</Channel>
      <Channel>303</Channel>
      <Channel>304</Channel>
      <Channel>305</Channel>
      <Channel>306</Channel>
      <Channel>307</Channel>
      <Channel>308</Channel>
      <Channel>309</Channel>
      <Channel>310</Channel>
      <Channel>311</Channel>
      <Channel>312</Channel>
      <Channel>313</Channel>
      <Channel>314</Channel>
      <Channel>315</Channel>
    </Module>
    <Module>
      <Name>NextGenDrive#5</Name>
      <Rate>4000</Rate>
      <Channel>1</Channel>
      <Channel>2</Channel>
      <Channel>3</Channel>
      <Channel>4</Channel>
      <Channel>5</Channel>
      <Channel>6</Channel>
      <Channel>7</Channel>
      <Channel>8</Channel>
      <Channel>9</Channel>
      <Channel>10</Channel>
      <Channel>11</Channel>
      <Channel>12</Channel>
      <Channel>13</Channel>
      <Channel>14</Channel>
      <Channel>15</Channel>
      <Channel>16</Channel>
      <Channel>17</Channel>
      <Channel>18</Channel>
      <Channel>19</Channel>
      <Channel>20</Channel>
      <Channel>100</Channel>
      <Channel>101</Channel>
      <Channel>102</Channel>
      <Channel>103</Channel>
      <Channel>104</Channel>
      <Channel>105</Channel>
      <Channel>106</Channel>
      <Channel>107</Channel>
      <Channel>108</Channel>
      <Channel>109</Channel>
      <Channel>110</Channel>
      <Channel>111</Channel>
      <Channel>112</Channel>
      <Channel>113</Channel>
      <Channel>114</Channel>
      <Channel>115</Channel>
      <Channel>116</Channel>
      <Channel>117</Channel>
      <Channel>200</Channel>
      <Channel>202</Channel>
      <Channel>203</Channel>
      <Channel>204</Channel>
      <Channel>205</Channel>
      <Channel>206</Channel>
      <Channel>207</Channel>
      <Channel>300</Channel>
      <Channel>301</Channel>
      <Channel>302</Channel>
      <Channel>303</Channel>
      <Channel>304</Channel>
      <Channel>305</Channel>
      <Channel>306</Channel>
      <Channel>307</Channel>
      <Channel>308</Channel>
      <Channel>309</Channel>
      <Channel>310</Channel>
      <Channel>311</Channel>
      <Channel>312</Channel>
      <Channel>313</Channel>
      <Channel>314</Channel>
      <Channel>315</Channel>
    </Module>
    <Module>
      <Name>NextGenDrive#6</Name>
      <Rate>4000</Rate>
      <Channel>1</Channel>
      <Channel>2</Channel>
      <Channel>3</Channel>
      <Channel>4</Channel>
      <Channel>5</Channel>
      <Channel>6</Channel>
      <Channel>7</Channel>
      <Channel>8</Channel>
      <Channel>9</Channel>
      <Channel>10</Channel>
      <Channel>11</Channel>
      <Channel>12</Channel>
      <Channel>13</Channel>
      <Channel>14</Channel>
      <Channel>15</Channel>
      <Channel>16</Channel>
      <Channel>17</Channel>
      <Channel>18</Channel>
      <Channel>19</Channel>
      <Channel>20</Channel>
      <Channel>100</Channel>
      <Channel>101</Channel>
      <Channel>102</Channel>
      <Channel>103</Channel>
      <Channel>104</Channel>
      <Channel>105</Channel>
      <Channel>106</Channel>
      <Channel>107</Channel>
      <Channel>108</Channel>
      <Channel>109</Channel>
      <Channel>110</Channel>
      <Channel>111</Channel>
      <Channel>112</Channel>
      <Channel>113</Channel>
      <Channel>114</Channel>
      <Channel>115</Channel>
      <Channel>116</Channel>
      <Channel>117</Channel>
      <Channel>200</Channel>
      <Channel>202</Channel>
      <Channel>203</Channel>
      <Channel>204</Channel>
      <Channel>205</Channel>
      <Channel>206</Channel>
      <Channel>207</Channel>
      <Channel>300</Channel>
      <Channel>301</Channel>
      <Channel>302</Channel>
      <Channel>303</Channel>
      <Channel>304</Channel>
      <Channel>305</Channel>
      <Channel>306</Channel>
      <Channel>307</Channel>
      <Channel>308</Channel>
      <Channel>309</Channel>
      <Channel>310</Channel>
      <Channel>311</Channel>
      <Channel>312</Channel>
      <Channel>313</Channel>
      <Channel>314</Channel>
      <Channel>315</Channel>
    </Module>
    <Module>
      <Name>NGSharedO</Name>
      <Rate>125</Rate>
      <Channel>100</Channel>
      <Channel>101</Channel>
      <Channel>102</Channel>
      <Channel>103</Channel>
      <Channel>104</Channel>
      <Channel>105</Channel>
      <Channel>106</Channel>
      <Channel>107</Channel>
      <Channel>108</Channel>
      <Channel>109</Channel>
    </Module>
    <Module>
      <Name>CF</Name>
      <Rate>125</Rate>
      <Channel>1</Channel>
      <Channel>2</Channel>
      <Channel>3</Channel>
      <Channel>15</Channel>
      <Channel>16</Channel>
    </Module>
    <Module>
      <Name>CFSupplyChannel#1</Name>
      <Rate>125</Rate>
      <Channel>15</Channel>
      <Channel>200</Channel>
      <Channel>201</Channel>
      <Channel>202</Channel>
      <Channel>203</Channel>
      <Channel>204</Channel>
      <Channel>205</Channel>
      <Channel>206</Channel>
      <Channel>207</Channel>
      <Channel>208</Channel>
      <Channel>209</Channel>
      <Channel>210</Channel>
      <Channel>211</Channel>
      <Channel>212</Channel>
      <Channel>213</Channel>
      <Channel>214</Channel>
      <Channel>215</Channel>
      <Channel>240</Channel>
      <Channel>241</Channel>
      <Channel>300</Channel>
      <Channel>301</Channel>
    </Module>
    <Module>
      <Name>CFChannel#1</Name>
      <Rate>125</Rate>
      <Channel>1</Channel>
      <Channel>2</Channel>
      <Channel>3</Channel>
      <Channel>4</Channel>
      <Channel>5</Channel>
      <Channel>6</Channel>
      <Channel>7</Channel>
      <Channel>10</Channel>
      <Channel>11</Channel>
      <Channel>15</Channel>
      <Channel>16</Channel>
      <Channel>100</Channel>
      <Channel>101</Channel>
      <Channel>102</Channel>
      <Channel>103</Channel>
      <Channel>104</Channel>
      <Channel>105</Channel>
      <Channel>110</Channel>
      <Channel>111</Channel>
      <Channel>112</Channel>
      <Channel>113</Channel>
      <Channel>114</Channel>
      <Channel>115</Channel>
      <Channel>120</Channel>
      <Channel>121</Channel>
      <Channel>122</Channel>
      <Channel>200</Channel>
      <Channel>201</Channel>
      <Channel>202</Channel>
      <Channel>203</Channel>
      <Channel>204</Channel>
      <Channel>205</Channel>
      <Channel>206</Channel>
      <Channel>207</Channel>
      <Channel>208</Channel>
      <Channel>209</Channel>
      <Channel>210</Channel>
      <Channel>211</Channel>
      <Channel>212</Channel>
      <Channel>213</Channel>
      <Channel>214</Channel>
      <Channel>215</Channel>
      <Channel>240</Channel>
      <Channel>241</Channel>
      <Channel>250</Channel>
      <Channel>251</Channel>
      <Channel>300</Channel>
      <Channel>301</Channel>
      <Channel>302</Channel>
      <Channel>303</Channel>
    </Module>
    <Module>
      <Name>CFChannel#2</Name>
      <Rate>125</Rate>
      <Channel>1</Channel>
      <Channel>2</Channel>
      <Channel>3</Channel>
      <Channel>4</Channel>
      <Channel>5</Channel>
      <Channel>6</Channel>
      <Channel>7</Channel>
      <Channel>10</Channel>
      <Channel>11</Channel>
      <Channel>15</Channel>
      <Channel>16</Channel>
      <Channel>100</Channel>
      <Channel>101</Channel>
      <Channel>102</Channel>
      <Channel>103</Channel>
      <Channel>104</Channel>
      <Channel>105</Channel>
      <Channel>110</Channel>
      <Channel>111</Channel>
      <Channel>112</Channel>
      <Channel>113</Channel>
      <Channel>114</Channel>
      <Channel>115</Channel>
      <Channel>120</Channel>
      <Channel>121</Channel>
      <Channel>122</Channel>
      <Channel>200</Channel>
      <Channel>201</Channel>
      <Channel>202</Channel>
      <Channel>203</Channel>
      <Channel>204</Channel>
      <Channel>205</Channel>
      <Channel>206</Channel>
      <Channel>207</Channel>
      <Channel>208</Channel>
      <Channel>209</Channel>
      <Channel>210</Channel>
      <Channel>211</Channel>
      <Channel>212</Channel>
      <Channel>213</Channel>
      <Channel>214</Channel>
      <Channel>215</Channel>
      <Channel>240</Channel>
      <Channel>241</Channel>
      <Channel>250</Channel>
      <Channel>251</Channel>
      <Channel>300</Channel>
      <Channel>301</Channel>
      <Channel>302</Channel>
      <Channel>303</Channel>
    </Module>
    <Module>
      <Name>CFChannel#3</Name>
      <Rate>125</Rate>
      <Channel>1</Channel>
      <Channel>2</Channel>
      <Channel>3</Channel>
      <Channel>4</Channel>
      <Channel>5</Channel>
      <Channel>6</Channel>
      <Channel>7</Channel>
      <Channel>10</Channel>
      <Channel>11</Channel>
      <Channel>15</Channel>
      <Channel>16</Channel>
      <Channel>100</Channel>
      <Channel>101</Channel>
      <Channel>102</Channel>
      <Channel>103</Channel>
      <Channel>104</Channel>
      <Channel>105</Channel>
      <Channel>110</Channel>
      <Channel>111</Channel>
      <Channel>112</Channel>
      <Channel>113</Channel>
      <Channel>114</Channel>
      <Channel>115</Channel>
      <Channel>120</Channel>
      <Channel>121</Channel>
      <Channel>122</Channel>
      <Channel>200</Channel>
      <Channel>201</Channel>
      <Channel>202</Channel>
      <Channel>203</Channel>
      <Channel>204</Channel>
      <Channel>205</Channel>
      <Channel>206</Channel>
      <Channel>207</Channel>
      <Channel>208</Channel>
      <Channel>209</Channel>
      <Channel>210</Channel>
      <Channel>211</Channel>
      <Channel>212</Channel>
      <Channel>213</Channel>
      <Channel>214</Channel>
      <Channel>215</Channel>
      <Channel>240</Channel>
      <Channel>241</Channel>
      <Channel>250</Channel>
      <Channel>251</Channel>
      <Channel>300</Channel>
      <Channel>301</Channel>
      <Channel>302</Channel>
      <Channel>303</Channel>
    </Module>
    <Module>
      <Name>CFChannel#4</Name>
      <Rate>125</Rate>
      <Channel>1</Channel>
      <Channel>2</Channel>
      <Channel>3</Channel>
      <Channel>4</Channel>
      <Channel>5</Channel>
      <Channel>6</Channel>
      <Channel>7</Channel>
      <Channel>10</Channel>
      <Channel>11</Channel>
      <Channel>15</Channel>
      <Channel>16</Channel>
      <Channel>100</Channel>
      <Channel>101</Channel>
      <Channel>102</Channel>
      <Channel>103</Channel>
      <Channel>104</Channel>
      <Channel>105</Channel>
      <Channel>110</Channel>
      <Channel>111</Channel>
      <Channel>112</Channel>
      <Channel>113</Channel>
      <Channel>114</Channel>
      <Channel>115</Channel>
      <Channel>120</Channel>
      <Channel>121</Channel>
      <Channel>122</Channel>
      <Channel>200</Channel>
      <Channel>201</Channel>
      <Channel>202</Channel>
      <Channel>203</Channel>
      <Channel>204</Channel>
      <Channel>205</Channel>
      <Channel>206</Channel>
      <Channel>207</Channel>
      <Channel>208</Channel>
      <Channel>209</Channel>
      <Channel>210</Channel>
      <Channel>211</Channel>
      <Channel>212</Channel>
      <Channel>213</Channel>
      <Channel>214</Channel>
      <Channel>215</Channel>
      <Channel>240</Channel>
      <Channel>241</Channel>
      <Channel>250</Channel>
      <Channel>251</Channel>
      <Channel>300</Channel>
      <Channel>301</Channel>
      <Channel>302</Channel>
      <Channel>303</Channel>
    </Module>
    <Module>
      <Name>CFChannel#5</Name>
      <Rate>125</Rate>
      <Channel>1</Channel>
      <Channel>2</Channel>
      <Channel>3</Channel>
      <Channel>4</Channel>
      <Channel>5</Channel>
      <Channel>6</Channel>
      <Channel>7</Channel>
      <Channel>10</Channel>
      <Channel>11</Channel>
      <Channel>15</Channel>
      <Channel>16</Channel>
      <Channel>100</Channel>
      <Channel>101</Channel>
      <Channel>102</Channel>
      <Channel>103</Channel>
      <Channel>104</Channel>
      <Channel>105</Channel>
      <Channel>110</Channel>
      <Channel>111</Channel>
      <Channel>112</Channel>
      <Channel>113</Channel>
      <Channel>114</Channel>
      <Channel>115</Channel>
      <Channel>120</Channel>
      <Channel>121</Channel>
      <Channel>122</Channel>
      <Channel>200</Channel>
      <Channel>201</Channel>
      <Channel>202</Channel>
      <Channel>203</Channel>
      <Channel>204</Channel>
      <Channel>205</Channel>
      <Channel>206</Channel>
      <Channel>207</Channel>
      <Channel>208</Channel>
      <Channel>209</Channel>
      <Channel>210</Channel>
      <Channel>211</Channel>
      <Channel>212</Channel>
      <Channel>213</Channel>
      <Channel>214</Channel>
      <Channel>215</Channel>
      <Channel>240</Channel>
      <Channel>241</Channel>
      <Channel>250</Channel>
      <Channel>251</Channel>
      <Channel>300</Channel>
      <Channel>301</Channel>
      <Channel>302</Channel>
      <Channel>303</Channel>
    </Module>
    <Module>
      <Name>CFChannel#6</Name>
      <Rate>125</Rate>
      <Channel>1</Channel>
      <Channel>2</Channel>
      <Channel>3</Channel>
      <Channel>4</Channel>
      <Channel>5</Channel>
      <Channel>6</Channel>
      <Channel>7</Channel>
      <Channel>10</Channel>
      <Channel>11</Channel>
      <Channel>15</Channel>
      <Channel>16</Channel>
      <Channel>100</Channel>
      <Channel>101</Channel>
      <Channel>102</Channel>
      <Channel>103</Channel>
      <Channel>104</Channel>
      <Channel>105</Channel>
      <Channel>110</Channel>
      <Channel>111</Channel>
      <Channel>112</Channel>
      <Channel>113</Channel>
      <Channel>114</Channel>
      <Channel>115</Channel>
      <Channel>120</Channel>
      <Channel>121</Channel>
      <Channel>122</Channel>
      <Channel>200</Channel>
      <Channel>201</Channel>
      <Channel>202</Channel>
      <Channel>203</Channel>
      <Channel>204</Channel>
      <Channel>205</Channel>
      <Channel>206</Channel>
      <Channel>207</Channel>
      <Channel>208</Channel>
      <Channel>209</Channel>
      <Channel>210</Channel>
      <Channel>211</Channel>
      <Channel>212</Channel>
      <Channel>213</Channel>
      <Channel>214</Channel>
      <Channel>215</Channel>
      <Channel>240</Channel>
      <Channel>241</Channel>
      <Channel>250</Channel>
      <Channel>251</Channel>
      <Channel>300</Channel>
      <Channel>301</Channel>
      <Channel>302</Channel>
      <Channel>303</Channel>
    </Module>
    <Module>
      <Name>KRCIpo</Name>
      <Rate>12000</Rate>
      <Channel>1</Channel>
      <Channel>2</Channel>
      <Channel>3</Channel>
      <Channel>4</Channel>
      <Channel>5</Channel>
      <Channel>6</Channel>
      <Channel>7</Channel>
      <Channel>8</Channel>
      <Channel>9</Channel>
      <Channel>10</Channel>
      <Channel>11</Channel>
      <Channel>12</Channel>
      <Channel>13</Channel>
      <Channel>14</Channel>
      <Channel>15</Channel>
      <Channel>16</Channel>
      <Channel>17</Channel>
      <Channel>18</Channel>
      <Channel>37</Channel>
      <Channel>38</Channel>
      <Channel>39</Channel>
      <Channel>40</Channel>
      <Channel>41</Channel>
      <Channel>42</Channel>
      <Channel>43</Channel>
      <Channel>44</Channel>
      <Channel>45</Channel>
      <Channel>46</Channel>
      <Channel>47</Channel>
      <Channel>48</Channel>
      <Channel>49</Channel>
      <Channel>50</Channel>
      <Channel>51</Channel>
      <Channel>52</Channel>
      <Channel>53</Channel>
      <Channel>54</Channel>
      <Channel>2800</Channel>
      <Channel>2801</Channel>
      <Channel>2802</Channel>
      <Channel>2803</Channel>
      <Channel>2804</Channel>
      <Channel>2805</Channel>
      <Channel>2806</Channel>
      <Channel>2807</Channel>
      <Channel>2808</Channel>
      <Channel>2809</Channel>
      <Channel>2810</Channel>
      <Channel>2811</Channel>
      <Channel>2824</Channel>
      <Channel>2825</Channel>
      <Channel>2826</Channel>
      <Channel>2827</Channel>
      <Channel>2828</Channel>
      <Channel>2829</Channel>
      <Channel>2830</Channel>
      <Channel>2831</Channel>
      <Channel>2832</Channel>
      <Channel>2833</Channel>
      <Channel>2834</Channel>
      <Channel>2835</Channel>
    </Module>
    <Module>
      <Name>KRCFineIpo</Name>
      <Rate>4000</Rate>
      <Channel>501</Channel>
      <Channel>502</Channel>
      <Channel>503</Channel>
      <Channel>504</Channel>
      <Channel>505</Channel>
      <Channel>506</Channel>
      <Channel>507</Channel>
      <Channel>508</Channel>
      <Channel>509</Channel>
      <Channel>510</Channel>
      <Channel>511</Channel>
      <Channel>512</Channel>
      <Channel>525</Channel>
      <Channel>526</Channel>
      <Channel>527</Channel>
      <Channel>528</Channel>
      <Channel>529</Channel>
      <Channel>530</Channel>
      <Channel>531</Channel>
      <Channel>532</Channel>
      <Channel>533</Channel>
      <Channel>534</Channel>
      <Channel>535</Channel>
      <Channel>536</Channel>
      <Channel>549</Channel>
      <Channel>550</Channel>
      <Channel>551</Channel>
      <Channel>552</Channel>
      <Channel>553</Channel>
      <Channel>554</Channel>
      <Channel>555</Channel>
      <Channel>556</Channel>
      <Channel>557</Channel>
      <Channel>558</Channel>
      <Channel>559</Channel>
      <Channel>560</Channel>
      <Channel>573</Channel>
      <Channel>574</Channel>
      <Channel>575</Channel>
      <Channel>576</Channel>
      <Channel>577</Channel>
      <Channel>578</Channel>
      <Channel>579</Channel>
      <Channel>580</Channel>
      <Channel>581</Channel>
      <Channel>582</Channel>
      <Channel>583</Channel>
      <Channel>584</Channel>
    </Module>
    <Module>
      <Name>KRCIO</Name>
      <Rate>1000</Rate>
      <Channel>1</Channel>
      <Channel>2</Channel>
      <Channel>3</Channel>
      <Channel>4</Channel>
      <Channel>5</Channel>
      <Channel>6</Channel>
      <Channel>7</Channel>
      <Channel>8</Channel>
      <Channel>4097</Channel>
      <Channel>4098</Channel>
      <Channel>4099</Channel>
      <Channel>4100</Channel>
      <Channel>4101</Channel>
      <Channel>4102</Channel>
      <Channel>4103</Channel>
      <Channel>4104</Channel>
      <Channel>8193</Channel>
      <Channel>8194</Channel>
      <Channel>8195</Channel>
      <Channel>8196</Channel>
      <Channel>8197</Channel>
      <Channel>8198</Channel>
      <Channel>8199</Channel>
      <Channel>8200</Channel>
      <Channel>8201</Channel>
      <Channel>8449</Channel>
      <Channel>8450</Channel>
      <Channel>8961</Channel>
      <Channel>8962</Channel>
      <Channel>9473</Channel>
      <Channel>9474</Channel>
    </Module>
  </Modules>
  <Trigger>
    <ModuleName>NextGen</ModuleName>
    <ID>0</ID>
    <Param1>0</Param1>
  </Trigger>
  <Trigger>
    <ModuleName>KRCIpo</ModuleName>
    <ID>0</ID>
    <Param1>0</Param1>
  </Trigger>
  <Trigger>
    <ModuleName>KRCIO</ModuleName>
    <ID>0</ID>
    <Param1>0</Param1>
  </Trigger>
  <Trigger>
    <ModuleName>KRCFineIpo</ModuleName>
    <ID>0</ID>
    <Param1>0</Param1>
  </Trigger>
</Trace>