<?xml version="1.0" encoding="UTF-8"?>
<!-- Mit XMLSpy v2007 sp1 bearbeitet (http://www.altova.com) von Dominik Wenger (KUKA Roboter GMBH) -->
<Trace xmlns:xsi="http://www.w3.org/2001/XMLSchema-instance" xsi:noNamespaceSchemaLocation="/Roboter/Config/System/Common/Schemes/Tracedef.xsd">
   <Time>120</Time>
   <PreTrigger>100</PreTrigger>
   <Basename>KRC_MDR3</Basename>
   <Modules>
      <Module>
         <Name>KRCIpo</Name>
         <Rate>12000</Rate>
         <Channel>1814</Channel>
         <Channel>1815</Channel>
         <Channel>1816</Channel>
         <Channel>1817</Channel>
         <Channel>1818</Channel>
         <Channel>1819</Channel>
         <Channel>1820</Channel>
         <Channel>1821</Channel>
         <Channel>1822</Channel>
         <Channel>1823</Channel>
         <Channel>1824</Channel>
         <Channel>1825</Channel>
         <Channel>1826</Channel>
         <Channel>1827</Channel>
         <Channel>1828</Channel>
         <Channel>1829</Channel>
         <Channel>1830</Channel>
         <Channel>1831</Channel>
         <Channel>1832</Channel>
         <Channel>1833</Channel>
         <Channel>1834</Channel>
         <Channel>1835</Channel>
         <Channel>1836</Channel>
         <Channel>1837</Channel>
         <Channel>1838</Channel>
         <Channel>1839</Channel>
         <Channel>1840</Channel>
         <Channel>1841</Channel>
         <Channel>1842</Channel>
         <Channel>1843</Channel>
         <Channel>1844</Channel>
         <Channel>1845</Channel>
      </Module>
   </Modules>
   <Trigger>
      <ModuleName>KRCIpo</ModuleName>
      <ID>0</ID>
   </Trigger>
</Trace>