<?xml version="1.0" encoding="UTF-8"?>
<!-- Ohne XMLSpy v2007 sp1 bearbeitet (http://www.altova.com) von Holger Tronnier (KUKA Roboter GMBH) -->
<Trace xmlns:xsi="http://www.w3.org/2001/XMLSchema-instance" xsi:noNamespaceSchemaLocation="/Roboter/Config/System/Common/Schemes/Tracedef.xsd">
   <Time>120</Time>
   <PreTrigger>100</PreTrigger>
   <Basename>KRC_Spline_VelRed</Basename>
   <Modules>
      <Module>
         <Name>KRCIpo</Name>
         <Rate>12000</Rate>
         <!-- Override_CmdSplineVelRed, MaxOverride_ActSplineVelRed -->
         <!-- LimCurveOverride_ActSplineVelRed    -->
         <Channel>2100</Channel>
         <Channel>2101</Channel>
         <Channel>2106</Channel>
         <!-- StatusGetOverride_SplineVelRed,  -->
         <!-- OnVelLimit_SplineVelRed, OverVelLimit_SplineVelRed,  -->
         <!-- DiffOvLinQuad_SplineVelRed   -->
         <Channel>2102</Channel>
         <Channel>2103</Channel>
         <Channel>2104</Channel>
         <Channel>2105</Channel>
         <!-- FlangeVelLimit_SplineVelRed, TCPVelLimit_SplineVelRed,  -->
         <!-- AxisVelLimit_SplineVelRed[1..12]  -->
         <Channel>2108</Channel>
         <Channel>2109</Channel>
         <Channel>2110</Channel>
         <Channel>2111</Channel>
         <Channel>2112</Channel>
         <Channel>2113</Channel>
         <Channel>2114</Channel>
         <Channel>2115</Channel>
         <!--    
         <Channel>2116</Channel>
         <Channel>2117</Channel>
         <Channel>2118</Channel>
         <Channel>2119</Channel>
         <Channel>2120</Channel>
         <Channel>2121</Channel>
         --> 
         <!-- eSRCartFlangeVelLimit_SplineVelRed, eSRCartToolVelLimit_SplineVelRed,     -->
         <!-- eSRCartToolSphereVelLimit_SplineVelRed[1.. 6],  -->
         <!-- SRAxisVelLimit_SplineVelRed[1.. 12]  -->
         <Channel>2134</Channel>
         <Channel>2135</Channel>
         <Channel>2136</Channel>
         <Channel>2137</Channel>
         <Channel>2138</Channel>
         <Channel>2139</Channel>
         <Channel>2140</Channel>
         <Channel>2141</Channel>
         <Channel>2148</Channel>
         <Channel>2149</Channel>
         <Channel>2150</Channel>
         <Channel>2151</Channel>
         <Channel>2152</Channel>
         <Channel>2153</Channel>
         <!--    
         <Channel>2154</Channel>
         <Channel>2155</Channel>
         <Channel>2156</Channel>
         <Channel>2157</Channel>
         <Channel>2158</Channel>
         <Channel>2159</Channel>
         --> 
         <!-- Andere relevante Kanaele -->
         <!-- ======================= -->
         <!-- Spline: -->
         <!-- SplinePathParameter, [X,Y,Z]_CmdSpl, SplineArcLength,  -->
         <!-- CartVel_CmdSpl, Override_CmdSpl, Override_ActSpl  -->
         <Channel>2000</Channel>
         <Channel>2001</Channel>
         <Channel>2002</Channel>
         <Channel>2003</Channel>
         <Channel>2080</Channel>
         <Channel>2081</Channel>
         <Channel>2084</Channel>
         <Channel>2085</Channel>
         <!-- SpeedLimitTeachMode: -->
         <!-- VelInWorldTCP_ActT1, VelInWorldFlange_ActT1  -->
         <!-- VelInWorldTCP_ActFilteredT1, VelInWorldFlange_ActFilteredT1  -->
         <Channel>1642</Channel>
         <Channel>1643</Channel>
         <Channel>1644</Channel>
         <Channel>1645</Channel>
         <!-- Safe Robot: -->
         <!-- CartVelTool + Shere[1..6] -->
         <Channel>1457</Channel>
         <Channel>1458</Channel>
         <Channel>1459</Channel>
         <Channel>1460</Channel>
         <Channel>1461</Channel>
         <Channel>1462</Channel>
         <Channel>1463</Channel>
         <!-- Interpolatorgruppe: -->
         <!-- [X,Y,Z]_CmdIpo + AxisPos_CmdIpo[1..12] -->
         <Channel>1</Channel>
         <Channel>2</Channel>
         <Channel>3</Channel>
         <Channel>7</Channel>
         <Channel>8</Channel>
         <Channel>9</Channel>
         <Channel>10</Channel>
         <Channel>11</Channel>
         <Channel>12</Channel>
         <!--    
         <Channel>13</Channel>
         <Channel>14</Channel>
         <Channel>15</Channel>
         <Channel>16</Channel>
         <Channel>17</Channel>
         <Channel>18</Channel>
         -->
         <!--  [X,Y,Z,A,B,C]_Act  -->
         <!--  Interpolator Ist-Werte von X,Y,Z,A,B,C  -->
         <Channel>37</Channel>
         <Channel>38</Channel>
         <Channel>39</Channel>
         <Channel>40</Channel>
         <Channel>41</Channel>
         <Channel>42</Channel>
         <!--  AxisPos_Act[i]  -->
         <!--  Interpolator Ist-Positionen der Achsen  -->
         <Channel>43</Channel>
         <Channel>44</Channel>
         <Channel>45</Channel>
         <Channel>46</Channel>
         <Channel>47</Channel>
         <Channel>48</Channel>
         <!--
         <Channel>49</Channel>
         <Channel>50</Channel>
         <Channel>51</Channel>
         <Channel>52</Channel>
         <Channel>53</Channel>
         <Channel>54</Channel>
         -->
         <!-- CartVel_Cmd, AxisVel_Cmd[1..12] -->
         <Channel>2896</Channel>
         <Channel>2800</Channel>
         <Channel>2801</Channel>
         <Channel>2802</Channel>
         <Channel>2803</Channel>
         <Channel>2804</Channel>
         <Channel>2805</Channel>
         <!--    
         <Channel>2806</Channel>
         <Channel>2807</Channel>
         <Channel>2808</Channel>
         <Channel>2809</Channel>
         <Channel>2810</Channel>
         <Channel>2811</Channel>
         -->
         <!-- CartVel_Act, AxisVel_Act[1..12] -->
         <Channel>2897</Channel>
         <Channel>2824</Channel>
         <Channel>2825</Channel>
         <Channel>2826</Channel>
         <Channel>2827</Channel>
         <Channel>2828</Channel>
         <Channel>2829</Channel>
         <!--    
         <Channel>2830</Channel>
         <Channel>2831</Channel>
         <Channel>2832</Channel>
         <Channel>2833</Channel>
         <Channel>2834</Channel>
         <Channel>2835</Channel>
         -->
         <!-- GeneratorStop, PathStop, RampStop, DriveOffStop -->
         <Channel>450</Channel>
         <Channel>451</Channel>
         <Channel>452</Channel>
         <Channel>453</Channel>
         <!-- ROB_STOPPED -->
         <Channel>458</Channel>
      </Module>
   </Modules>
   <Trigger>
      <ModuleName>KRCIpo</ModuleName>
      <ID>0</ID>
   </Trigger>
</Trace>