<?xml version="1.0" encoding="UTF-8"?>
<!-- Mit XMLSpy v2007 sp1 bearbeitet (http://www.altova.com) von Dominik Wenger (KUKA Roboter GMBH) -->
<Trace xmlns:xsi="http://www.w3.org/2001/XMLSchema-instance" xsi:noNamespaceSchemaLocation="/Roboter/Config/System/Common/Schemes/Tracedef.xsd">
   <Time>120</Time>
   <PreTrigger>100</PreTrigger>
   <Basename>KRC_CurrentReduction</Basename>
   <Modules>
      <Module>
         <Name>KRCIpo</Name>
         <Rate>12000</Rate>
         <Channel>1104</Channel>
         <Channel>1105</Channel>
         <Channel>1106</Channel>
         <Channel>1107</Channel>
         <Channel>1108</Channel>
         <Channel>1109</Channel>
         <Channel>1110</Channel>
         <Channel>1111</Channel>
         <Channel>1112</Channel>
         <Channel>1113</Channel>
         <Channel>1114</Channel>
         <Channel>1115</Channel>
         <Channel>1128</Channel>
         <Channel>1129</Channel>
         <Channel>1130</Channel>
         <Channel>1131</Channel>
         <Channel>1132</Channel>
         <Channel>1133</Channel>
         <Channel>1134</Channel>
         <Channel>1135</Channel>
         <Channel>1136</Channel>
         <Channel>1137</Channel>
         <Channel>1138</Channel>
         <Channel>1139</Channel>
         <Channel>1152</Channel>
         <Channel>1153</Channel>
      </Module>
   </Modules>
   <Trigger>
      <ModuleName>KRCIpo</ModuleName>
      <ID>0</ID>
   </Trigger>
</Trace>