<?xml version="1.0" encoding="UTF-8"?>
<!-- Mit XMLSpy v2007 sp1 bearbeitet (http://www.altova.com) von Dominik Wenger (KUKA Roboter GMBH) -->
<Trace xmlns:xsi="http://www.w3.org/2001/XMLSchema-instance" xsi:noNamespaceSchemaLocation="/Roboter/Config/System/Common/Schemes/Tracedef.xsd">
   <Time>120</Time>
   <PreTrigger>100</PreTrigger>
   <Basename>KRC_Conveyor</Basename>
   <Modules>
      <Module>
         <Name>KRCIpo</Name>
         <Rate>12000</Rate>
         <Channel>177</Channel>
         <Channel>178</Channel>
         <Channel>179</Channel>
         <Channel>180</Channel>
         <Channel>181</Channel>
         <Channel>182</Channel>
         <Channel>183</Channel>
         <Channel>184</Channel>
         <Channel>185</Channel>
         <Channel>186</Channel>
         <Channel>187</Channel>
         <Channel>188</Channel>
         <Channel>189</Channel>
         <Channel>190</Channel>
         <Channel>191</Channel>
         <Channel>192</Channel>
         <Channel>193</Channel>
         <Channel>194</Channel>
         <Channel>195</Channel>
         <Channel>196</Channel>
         <Channel>197</Channel>
         <Channel>198</Channel>
         <Channel>199</Channel>
         <Channel>200</Channel>
         <Channel>201</Channel>
         <Channel>202</Channel>
         <Channel>203</Channel>
         <Channel>204</Channel>
         <Channel>205</Channel>
         <Channel>206</Channel>
         <Channel>207</Channel>
         <Channel>208</Channel>
      </Module>
   </Modules>
   <Trigger>
      <ModuleName>KRCIpo</ModuleName>
      <ID>0</ID>
   </Trigger>
</Trace>