<?xml version="1.0" encoding="utf-8"?>
<Trace xmlns:xsi="http://www.w3.org/2001/XMLSchema-instance" xmlns:xsd="http://www.w3.org/2001/XMLSchema">
  <Time>30</Time>
  <PreTrigger>100</PreTrigger>
  <Basename>BrakeTest</Basename>
  <Modules>
    <Module>
      <Name>NextGenDrive#1</Name>
      <Rate>4000</Rate>
      <Channel>1</Channel>
      <Channel>2</Channel>
      <Channel>3</Channel>
      <Channel>6</Channel>
      <Channel>7</Channel>
      <Channel>11</Channel>
      <Channel>13</Channel>
      <Channel>14</Channel>
      <Channel>50</Channel>
      <Channel>51</Channel>
      <Channel>100</Channel>
      <Channel>105</Channel>
      <Channel>106</Channel>
      <Channel>107</Channel>
      <Channel>108</Channel>
      <Channel>114</Channel>
      <Channel>115</Channel>
      <Channel>116</Channel>
      <Channel>202</Channel>
      <Channel>214</Channel>
      <Channel>220</Channel>
      <Channel>221</Channel>
    </Module>
    <Module>
      <Name>NextGenDrive#2</Name>
      <Rate>4000</Rate>
      <Channel>1</Channel>
      <Channel>2</Channel>
      <Channel>3</Channel>
      <Channel>6</Channel>
      <Channel>7</Channel>
      <Channel>11</Channel>
      <Channel>13</Channel>
      <Channel>14</Channel>
      <Channel>50</Channel>
      <Channel>51</Channel>
      <Channel>100</Channel>
      <Channel>105</Channel>
      <Channel>106</Channel>
      <Channel>107</Channel>
      <Channel>108</Channel>
      <Channel>114</Channel>
      <Channel>115</Channel>
      <Channel>116</Channel>
      <Channel>202</Channel>
      <Channel>214</Channel>
      <Channel>220</Channel>
      <Channel>221</Channel>
    </Module>
    <Module>
      <Name>NextGenDrive#3</Name>
      <Rate>4000</Rate>
      <Channel>1</Channel>
      <Channel>2</Channel>
      <Channel>3</Channel>
      <Channel>6</Channel>
      <Channel>7</Channel>
      <Channel>11</Channel>
      <Channel>13</Channel>
      <Channel>14</Channel>
      <Channel>50</Channel>
      <Channel>51</Channel>
      <Channel>100</Channel>
      <Channel>105</Channel>
      <Channel>106</Channel>
      <Channel>107</Channel>
      <Channel>108</Channel>
      <Channel>114</Channel>
      <Channel>115</Channel>
      <Channel>116</Channel>
      <Channel>202</Channel>
      <Channel>214</Channel>
      <Channel>220</Channel>
      <Channel>221</Channel>
    </Module>
    <Module>
      <Name>NextGenDrive#4</Name>
      <Rate>4000</Rate>
      <Channel>1</Channel>
      <Channel>2</Channel>
      <Channel>3</Channel>
      <Channel>6</Channel>
      <Channel>7</Channel>
      <Channel>11</Channel>
      <Channel>13</Channel>
      <Channel>14</Channel>
      <Channel>50</Channel>
      <Channel>51</Channel>
      <Channel>100</Channel>
      <Channel>105</Channel>
      <Channel>106</Channel>
      <Channel>107</Channel>
      <Channel>108</Channel>
      <Channel>114</Channel>
      <Channel>115</Channel>
      <Channel>116</Channel>
      <Channel>202</Channel>
      <Channel>214</Channel>
      <Channel>220</Channel>
      <Channel>221</Channel>
    </Module>
    <Module>
      <Name>NextGenDrive#5</Name>
      <Rate>4000</Rate>
      <Channel>1</Channel>
      <Channel>2</Channel>
      <Channel>3</Channel>
      <Channel>6</Channel>
      <Channel>7</Channel>
      <Channel>11</Channel>
      <Channel>13</Channel>
      <Channel>14</Channel>
      <Channel>50</Channel>
      <Channel>51</Channel>
      <Channel>100</Channel>
      <Channel>105</Channel>
      <Channel>106</Channel>
      <Channel>107</Channel>
      <Channel>108</Channel>
      <Channel>114</Channel>
      <Channel>115</Channel>
      <Channel>116</Channel>
      <Channel>202</Channel>
      <Channel>214</Channel>
      <Channel>220</Channel>
      <Channel>221</Channel>
    </Module>
    <Module>
      <Name>NextGenDrive#6</Name>
      <Rate>4000</Rate>
      <Channel>1</Channel>
      <Channel>2</Channel>
      <Channel>3</Channel>
      <Channel>6</Channel>
      <Channel>7</Channel>
      <Channel>11</Channel>
      <Channel>13</Channel>
      <Channel>14</Channel>
      <Channel>50</Channel>
      <Channel>51</Channel>
      <Channel>100</Channel>
      <Channel>105</Channel>
      <Channel>106</Channel>
      <Channel>107</Channel>
      <Channel>108</Channel>
      <Channel>114</Channel>
      <Channel>115</Channel>
      <Channel>116</Channel>
      <Channel>202</Channel>
      <Channel>214</Channel>
      <Channel>220</Channel>
      <Channel>221</Channel>
    </Module>
  </Modules>
  <Trigger>
    <ModuleName>NextGenDrive#1</ModuleName>
    <ID>0</ID>
    <Param1>5</Param1>
    <Param2>0</Param2>
    <Param3>500</Param3>
  </Trigger>
</Trace>