<?xml version="1.0" encoding="UTF-8"?>
<!-- Mit XMLSpy v2007 sp1 bearbeitet (http://www.altova.com) von Dominik Wenger (KUKA Roboter GMBH) -->
<Trace xmlns:xsi="http://www.w3.org/2001/XMLSchema-instance" xsi:noNamespaceSchemaLocation="/Roboter/Config/System/Common/Schemes/Tracedef.xsd">
   <Time>120</Time>
   <PreTrigger>100</PreTrigger>
   <Basename>KRC_MDR1</Basename>
   <Modules>
      <Module>
         <Name>KRCIpo</Name>
         <Rate>12000</Rate>
         <Channel>1750</Channel>
         <Channel>1751</Channel>
         <Channel>1752</Channel>
         <Channel>1753</Channel>
         <Channel>1754</Channel>
         <Channel>1755</Channel>
         <Channel>1756</Channel>
         <Channel>1757</Channel>
         <Channel>1758</Channel>
         <Channel>1759</Channel>
         <Channel>1760</Channel>
         <Channel>1761</Channel>
         <Channel>1762</Channel>
         <Channel>1763</Channel>
         <Channel>1764</Channel>
         <Channel>1765</Channel>
         <Channel>1766</Channel>
         <Channel>1767</Channel>
         <Channel>1768</Channel>
         <Channel>1769</Channel>
         <Channel>1770</Channel>
         <Channel>1771</Channel>
         <Channel>1772</Channel>
         <Channel>1773</Channel>
         <Channel>1774</Channel>
         <Channel>1775</Channel>
         <Channel>1776</Channel>
         <Channel>1777</Channel>
         <Channel>1778</Channel>
         <Channel>1779</Channel>
         <Channel>1780</Channel>
         <Channel>1781</Channel>
      </Module>
   </Modules>
   <Trigger>
      <ModuleName>KRCIpo</ModuleName>
      <ID>0</ID>
   </Trigger>
</Trace>