<?xml version="1.0" encoding="UTF-8"?>
<!-- Mit XMLSpy v2007 sp1 bearbeitet (http://www.altova.com) von Dominik Wenger (KUKA Roboter GMBH) -->
<Trace xmlns:xsi="http://www.w3.org/2001/XMLSchema-instance" xsi:noNamespaceSchemaLocation="/Roboter/Config/System/Common/Schemes/Tracedef.xsd">
   <Time>120</Time>
   <PreTrigger>100</PreTrigger>
   <Basename>KRC_Stiffness</Basename>
   <Modules>
      <Module>
         <Name>KRCIpo</Name>
         <Rate>12000</Rate>
         <Channel>1160</Channel>
         <Channel>1161</Channel>
         <Channel>1162</Channel>
         <Channel>1163</Channel>
         <Channel>1164</Channel>
         <Channel>1165</Channel>
         <Channel>1166</Channel>
         <Channel>1167</Channel>
         <Channel>1168</Channel>
         <Channel>1169</Channel>
         <Channel>1170</Channel>
         <Channel>1171</Channel>
         <Channel>1184</Channel>
         <Channel>1185</Channel>
         <Channel>1186</Channel>
      </Module>
   </Modules>
   <Trigger>
      <ModuleName>KRCIpo</ModuleName>
      <ID>0</ID>
   </Trigger>
</Trace>