<?xml version="1.0" encoding="UTF-8"?>
<!-- Mit XMLSpy v2007 sp1 bearbeitet (http://www.altova.com) von Dominik Wenger (KUKA Roboter GMBH) -->
<Trace xmlns:xsi="http://www.w3.org/2001/XMLSchema-instance" xsi:noNamespaceSchemaLocation="/Roboter/Config/System/Common/Schemes/Tracedef.xsd">
   <Time>60</Time>
   <PreTrigger>100</PreTrigger>
   <Basename>KRC_LagHpCollisionDetection</Basename>
   <Modules>
      <Module>
         <Name>KRCFineIpo</Name>
         <Rate>4000</Rate>
         <!--  DriveMotorVel_ActDrive[i]  -->
         <!--  Empfangene Ist-Motorwinkelgeschwindigkeiten vom Antriebstreiber  -->
         <Channel>573</Channel>
         <Channel>574</Channel>
         <Channel>575</Channel>
         <Channel>576</Channel>
         <Channel>577</Channel>
         <Channel>578</Channel>
         <!-- 
         <Channel>579</Channel>
         <Channel>580</Channel>
         <Channel>581</Channel>
         <Channel>582</Channel>
         <Channel>583</Channel>
         <Channel>584</Channel>
         -->         
         <!--  CollisionCollMonMaxInput[i]  -->
         <!--  Eingangswert für die Maximumsbildung von $COLLMON_MAX[i]  -->
         <Channel>853</Channel>
         <Channel>854</Channel>
         <Channel>855</Channel>
         <Channel>856</Channel>
         <Channel>857</Channel>
         <Channel>858</Channel>
         <!-- 
         <Channel>859</Channel>
         <Channel>860</Channel>
         <Channel>861</Channel>
         <Channel>862</Channel>
         <Channel>863</Channel>
         <Channel>864</Channel>
         -->
         <!--  CollisionStatus[i]  -->
         <!--  Bitcodierte Statusinfo der CollisionDetection  -->
         <Channel>865</Channel>
         <Channel>866</Channel>
         <Channel>867</Channel>
         <Channel>868</Channel>
         <Channel>869</Channel>
         <Channel>870</Channel>
         <!-- 
         <Channel>871</Channel>
         <Channel>872</Channel>
         <Channel>873</Channel>
         <Channel>874</Channel>
         <Channel>875</Channel>
         <Channel>876</Channel>
         -->                   
         <!--  CollisionCollDetected[i]  -->
         <!--  Anzahl Takte erkannter Kollision  -->
         <Channel>877</Channel>
         <Channel>878</Channel>
         <Channel>879</Channel>
         <Channel>880</Channel>
         <Channel>881</Channel>
         <Channel>882</Channel>
         <!-- 
         <Channel>883</Channel>
         <Channel>884</Channel>
         <Channel>885</Channel>
         <Channel>886</Channel>
         <Channel>887</Channel>
         <Channel>888</Channel>
         -->
         <!--  CollisionCmdTorqFactor[i]  -->
         <!--  Faktor aus Steigung des Soll-Motormoments  -->
         <Channel>889</Channel>
         <Channel>890</Channel>
         <Channel>891</Channel>
         <Channel>892</Channel>
         <Channel>893</Channel>
         <Channel>894</Channel>
         <!-- 
         <Channel>895</Channel>
         <Channel>896</Channel>
         <Channel>897</Channel>
         <Channel>898</Channel>
         <Channel>899</Channel>
         <Channel>900</Channel>
         -->
         <!--  CollisionDriveMotorTorqOld_Cmd[i]  -->
         <!--  Letztes antriebsseitiges Soll-Motormoment  -->
         <Channel>901</Channel>
         <Channel>902</Channel>
         <Channel>903</Channel>
         <Channel>904</Channel>
         <Channel>905</Channel>
         <Channel>906</Channel>
         <!-- 
         <Channel>907</Channel>
         <Channel>908</Channel>
         <Channel>909</Channel>
         <Channel>910</Channel>
         <Channel>911</Channel>
         <Channel>912</Channel>
         -->
         <!--  CollisionDriveMotorTorqCmd_new[i]  -->
         <!--  antriebsseitiges Soll-Motormoment, errechnet aus Istwerten  -->
         <Channel>913</Channel>
         <Channel>914</Channel>
         <Channel>915</Channel>
         <Channel>916</Channel>
         <Channel>917</Channel>
         <Channel>918</Channel>
         <!-- 
         <Channel>919</Channel>
         <Channel>920</Channel>
         <Channel>921</Channel>
         <Channel>922</Channel>
         <Channel>923</Channel>
         <Channel>924</Channel>
         -->
         <!--  CollisionDriveMotorTorq_Act[i]  -->
         <!--  Antriebsseitiges Ist-Motormoment  -->
         <Channel>925</Channel>
         <Channel>926</Channel>
         <Channel>927</Channel>
         <Channel>928</Channel>
         <Channel>929</Channel>
         <Channel>930</Channel>
         <!-- 
         <Channel>931</Channel>
         <Channel>932</Channel>
         <Channel>933</Channel>
         <Channel>934</Channel>
         <Channel>935</Channel>
         <Channel>936</Channel>
         -->
         <!--  CollisionDriveMotorTorq_Flt[i]  -->
         <!--  Antriebsseitiges gefiltertes Ist-Motormoment  -->
         <Channel>937</Channel>
         <Channel>938</Channel>
         <Channel>939</Channel>
         <Channel>940</Channel>
         <Channel>941</Channel>
         <Channel>942</Channel>
         <!-- 
         <Channel>943</Channel>
         <Channel>944</Channel>
         <Channel>945</Channel>
         <Channel>946</Channel>
         <Channel>947</Channel>
         <Channel>948</Channel>
         -->
         <!--  CollisionTorqWindow[i]  -->
         <!--  Motormoment Ueberwachungsschlaeuche  -->
         <Channel>949</Channel>
         <Channel>950</Channel>
         <Channel>951</Channel>
         <Channel>952</Channel>
         <Channel>953</Channel>
         <Channel>954</Channel>
         <!-- 
         <Channel>955</Channel>
         <Channel>956</Channel>
         <Channel>957</Channel>
         <Channel>958</Channel>
         <Channel>959</Channel>
         <Channel>960</Channel>
         -->
         <!--  CollisionTorqWindowUp[i]  -->
         <!--  Ueberwachungsgrenze verbesserte Kollisionserkennung  -->
         <Channel>961</Channel>
         <Channel>962</Channel>
         <Channel>963</Channel>
         <Channel>964</Channel>
         <Channel>965</Channel>
         <Channel>966</Channel>
         <!-- 
         <Channel>967</Channel>
         <Channel>968</Channel>
         <Channel>969</Channel>
         <Channel>970</Channel>
         <Channel>971</Channel>
         <Channel>972</Channel>
         -->
         <!--  CollisionTorqTimer[i]  -->
         <!--  Ueberwachungszeit  -->
         <Channel>973</Channel>
         <Channel>974</Channel>
         <Channel>975</Channel>
         <Channel>976</Channel>
         <Channel>977</Channel>
         <Channel>978</Channel>
         <!-- 
         <Channel>979</Channel>
         <Channel>980</Channel>
         <Channel>981</Channel>
         <Channel>982</Channel>
         <Channel>983</Channel>
         <Channel>984</Channel>
         -->
         <!--  CollisionTorqWindowDown[i]  -->
         <!--  Ueberwachungsgrenze verbesserte Kollisionserkennung  -->
         <Channel>985</Channel>
         <Channel>986</Channel>
         <Channel>987</Channel>
         <Channel>988</Channel>
         <Channel>989</Channel>
         <Channel>990</Channel>
         <!-- 
         <Channel>991</Channel>
         <Channel>992</Channel>
         <Channel>993</Channel>
         <Channel>994</Channel>
         <Channel>995</Channel>
         <Channel>996</Channel>
         -->
        <!--  CollisionTorqAxisSlow[i]  -->
        <!--  Referenzmoment bei langsamer Geschwindigkeit  -->
         <Channel>1688</Channel>         
         <Channel>1689</Channel>
         <Channel>1690</Channel>
         <Channel>1691</Channel>
         <Channel>1692</Channel>
         <Channel>1693</Channel>
         <!-- 
         <Channel>1694</Channel>
         <Channel>1695</Channel>
         <Channel>1696</Channel>
         <Channel>1697</Channel>
         <Channel>1698</Channel>
         <Channel>1699</Channel>
         -->   
        <!--  CollisionTorqDiff[i]  -->
        <!--  Soll-Ist-Motormomentenabweichung  -->
         <Channel>1700</Channel>         
         <Channel>1701</Channel>
         <Channel>1702</Channel>
         <Channel>1703</Channel>
         <Channel>1704</Channel>
         <Channel>1705</Channel>
         <!-- 
         <Channel>1706</Channel>
         <Channel>1707</Channel>
         <Channel>1708</Channel>
         <Channel>1709</Channel>
         <Channel>1710</Channel>
         <Channel>1711</Channel>
         -->   
        <!--  CollisionTorqDiffNew[i]  -->
        <!--  Soll-Ist-Motormomentenabweichung, verbesserte Berechnung  -->
         <Channel>1712</Channel>         
         <Channel>1713</Channel>
         <Channel>1714</Channel>
         <Channel>1715</Channel>
         <Channel>1716</Channel>
         <Channel>1717</Channel>
         <!-- 
         <Channel>1718</Channel>
         <Channel>1719</Channel>
         <Channel>1720</Channel>
         <Channel>1721</Channel>
         <Channel>1722</Channel>
         <Channel>1723</Channel>
         --> 
        <!--  CollisionTorq2Diff[i]  -->
        <!--  Aenderung der Abweichung zwischen Soll- und Istmotormoment  -->
         <Channel>1724</Channel>         
         <Channel>1725</Channel>
         <Channel>1726</Channel>
         <Channel>1727</Channel>
         <Channel>1728</Channel>
         <Channel>1729</Channel>
         <!-- 
         <Channel>1730</Channel>
         <Channel>1731</Channel>
         <Channel>1732</Channel>
         <Channel>1733</Channel>
         <Channel>1734</Channel>
         <Channel>1735</Channel>
         -->
      </Module>
   </Modules>
   <Trigger>
      <ModuleName>KRCFineIpo</ModuleName>
      <ID>0</ID>
   </Trigger>
</Trace>