<?xml version="1.0" encoding="UTF-8"?>
<!-- Mit XMLSpy v2007 sp1 bearbeitet (http://www.altova.com) von Dominik Wenger (KUKA Roboter GMBH) -->
<Trace xmlns:xsi="http://www.w3.org/2001/XMLSchema-instance" xsi:noNamespaceSchemaLocation="/Roboter/Config/System/Common/Schemes/Tracedef.xsd">
   <Time>120</Time>
   <PreTrigger>100</PreTrigger>
   <Basename>KRC_CPVelocityReduction</Basename>
   <Modules>
      <Module>
         <Name>KRCIpo</Name>
         <Rate>12000</Rate>
         <Channel>570</Channel>
         <Channel>571</Channel>
         <Channel>572</Channel>
         <Channel>573</Channel>
         <Channel>574</Channel>
         <Channel>575</Channel>
         <Channel>576</Channel>
         <Channel>577</Channel>
         <Channel>578</Channel>
         <Channel>579</Channel>
         <Channel>580</Channel>
         <Channel>581</Channel>
         <Channel>594</Channel>
         <Channel>595</Channel>
         <Channel>596</Channel>
         <Channel>597</Channel>
         <Channel>598</Channel>
         <Channel>599</Channel>
         <Channel>600</Channel>
         <Channel>601</Channel>
         <Channel>602</Channel>
         <Channel>603</Channel>
         <Channel>604</Channel>
         <Channel>605</Channel>
         <Channel>618</Channel>
         <Channel>619</Channel>
         <Channel>620</Channel>
         <Channel>621</Channel>
         <Channel>622</Channel>
         <Channel>623</Channel>
         <Channel>624</Channel>
         <Channel>625</Channel>
         <Channel>626</Channel>
         <Channel>627</Channel>
         <Channel>628</Channel>
         <Channel>629</Channel>
         <Channel>642</Channel>
         <Channel>643</Channel>
         <Channel>644</Channel>
         <Channel>645</Channel>
         <Channel>646</Channel>
         <Channel>647</Channel>
         <Channel>648</Channel>
         <Channel>649</Channel>
         <Channel>650</Channel>
         <Channel>651</Channel>
         <Channel>652</Channel>
         <Channel>653</Channel>
         <Channel>654</Channel>
         <Channel>655</Channel>
         <Channel>668</Channel>
         <Channel>669</Channel>
         <Channel>670</Channel>
         <Channel>671</Channel>
         <Channel>672</Channel>
         <Channel>673</Channel>
         <Channel>674</Channel>
         <Channel>675</Channel>
         <Channel>676</Channel>
         <Channel>677</Channel>
         <Channel>678</Channel>
         <Channel>679</Channel>
         <Channel>680</Channel>
         <Channel>681</Channel>
         <Channel>694</Channel>
         <Channel>695</Channel>
         <Channel>696</Channel>
         <Channel>697</Channel>
         <Channel>698</Channel>
         <Channel>699</Channel>
         <Channel>700</Channel>
         <Channel>701</Channel>
         <Channel>702</Channel>
         <Channel>703</Channel>
         <Channel>704</Channel>
         <Channel>705</Channel>
         <Channel>718</Channel>
         <Channel>719</Channel>
         <Channel>720</Channel>
         <Channel>721</Channel>
      </Module>
   </Modules>
   <Trigger>
      <ModuleName>KRCIpo</ModuleName>
      <ID>0</ID>
   </Trigger>
</Trace>