<?xml version="1.0" encoding="utf-8"?>
<!-- 27.09.2016; © KUKA Department ASC; SupportMechanics -->
<!-- from KSS8.3.12; 6 robot axes -->
<Trace xmlns:xsi="http://www.w3.org/2001/XMLSchema-instance" xmlns:xsd="http://www.w3.org/2001/XMLSchema">
  <Time>30</Time>
  <PreTrigger>0</PreTrigger>
  <Basename>Trace_1</Basename>
  <Modules>
    <Module>
      <Name>NextGenDrive#1</Name>
      <Rate>4000</Rate>
      <Channel>1</Channel>
      <Channel>2</Channel>
      <Channel>3</Channel>
      <Channel>6</Channel>
      <Channel>7</Channel>
      <Channel>8</Channel>
      <Channel>13</Channel>
      <Channel>14</Channel>
      <Channel>100</Channel>
      <Channel>200</Channel>
      <Channel>202</Channel>
      <Channel>214</Channel>
    </Module>
    <Module>
      <Name>NextGenDrive#2</Name>
      <Rate>4000</Rate>
      <Channel>1</Channel>
      <Channel>2</Channel>
      <Channel>3</Channel>
      <Channel>6</Channel>
      <Channel>7</Channel>
      <Channel>8</Channel>
      <Channel>13</Channel>
      <Channel>14</Channel>
      <Channel>100</Channel>
      <Channel>200</Channel>
      <Channel>202</Channel>
      <Channel>214</Channel>
    </Module>
    <Module>
      <Name>NextGenDrive#3</Name>
      <Rate>4000</Rate>
      <Channel>1</Channel>
      <Channel>2</Channel>
      <Channel>3</Channel>
      <Channel>6</Channel>
      <Channel>7</Channel>
      <Channel>8</Channel>
      <Channel>13</Channel>
      <Channel>14</Channel>
      <Channel>100</Channel>
      <Channel>200</Channel>
      <Channel>202</Channel>
      <Channel>214</Channel>
    </Module>
    <Module>
      <Name>NextGenDrive#4</Name>
      <Rate>4000</Rate>
      <Channel>1</Channel>
      <Channel>2</Channel>
      <Channel>3</Channel>
      <Channel>6</Channel>
      <Channel>7</Channel>
      <Channel>8</Channel>
      <Channel>13</Channel>
      <Channel>14</Channel>
      <Channel>100</Channel>
      <Channel>200</Channel>
      <Channel>202</Channel>
      <Channel>214</Channel>
    </Module>
    <Module>
      <Name>NextGenDrive#5</Name>
      <Rate>4000</Rate>
      <Channel>1</Channel>
      <Channel>2</Channel>
      <Channel>3</Channel>
      <Channel>6</Channel>
      <Channel>7</Channel>
      <Channel>8</Channel>
      <Channel>13</Channel>
      <Channel>14</Channel>
      <Channel>100</Channel>
      <Channel>200</Channel>
      <Channel>202</Channel>
      <Channel>214</Channel>
    </Module>
    <Module>
      <Name>NextGenDrive#6</Name>
      <Rate>4000</Rate>
      <Channel>1</Channel>
      <Channel>2</Channel>
      <Channel>3</Channel>
      <Channel>6</Channel>
      <Channel>7</Channel>
      <Channel>8</Channel>
      <Channel>13</Channel>
      <Channel>14</Channel>
      <Channel>100</Channel>
      <Channel>200</Channel>
      <Channel>202</Channel>
      <Channel>214</Channel>
    </Module>
    <Module>
      <Name>CFChannel#1</Name>
      <Rate>500</Rate>
      <Channel>303</Channel>
    </Module>
    <Module>
      <Name>CFChannel#2</Name>
      <Rate>500</Rate>
      <Channel>303</Channel>
    </Module>
    <Module>
      <Name>CFChannel#3</Name>
      <Rate>500</Rate>
      <Channel>303</Channel>
    </Module>
    <Module>
      <Name>CFChannel#4</Name>
      <Rate>500</Rate>
      <Channel>303</Channel>
    </Module>
    <Module>
      <Name>CFChannel#5</Name>
      <Rate>500</Rate>
      <Channel>303</Channel>
    </Module>
    <Module>
      <Name>CFChannel#6</Name>
      <Rate>500</Rate>
      <Channel>303</Channel>
    </Module>
    <Module>
      <Name>KRCIpo</Name>
      <Rate>12000</Rate>
      <Channel>1</Channel>
      <Channel>2</Channel>
      <Channel>3</Channel>
      <Channel>7</Channel>
      <Channel>8</Channel>
      <Channel>9</Channel>
      <Channel>10</Channel>
      <Channel>11</Channel>
      <Channel>12</Channel>
      <Channel>37</Channel>
      <Channel>38</Channel>
      <Channel>39</Channel>
      <Channel>43</Channel>
      <Channel>44</Channel>
      <Channel>45</Channel>
      <Channel>46</Channel>
      <Channel>47</Channel>
      <Channel>48</Channel>
      <Channel>377</Channel>
      <Channel>378</Channel>
      <Channel>379</Channel>
      <Channel>380</Channel>
      <Channel>381</Channel>
      <Channel>382</Channel>
      <Channel>1056</Channel>
      <Channel>1057</Channel>
      <Channel>1058</Channel>
      <Channel>1059</Channel>
      <Channel>1060</Channel>
      <Channel>1061</Channel>
      <Channel>2800</Channel>
      <Channel>2801</Channel>
      <Channel>2802</Channel>
      <Channel>2803</Channel>
      <Channel>2804</Channel>
      <Channel>2805</Channel>
      <Channel>2824</Channel>
      <Channel>2825</Channel>
      <Channel>2826</Channel>
      <Channel>2827</Channel>
      <Channel>2828</Channel>
      <Channel>2829</Channel>
      <Channel>2896</Channel>
      <Channel>2897</Channel>
    </Module>
  </Modules>
  <Trigger>
    <ModuleName>KRCIpo</ModuleName>
    <ID>1</ID>
  </Trigger>
</Trace>