<?xml version="1.0" encoding="UTF-8"?>
<!-- Mit XMLSpy v2007 sp1 bearbeitet (http://www.altova.com) von Dominik Wenger (KUKA Roboter GMBH) -->
<Trace xmlns:xsi="http://www.w3.org/2001/XMLSchema-instance" xsi:noNamespaceSchemaLocation="/Roboter/Config/System/Common/Schemes/Tracedef.xsd">
   <Time>120</Time>
   <PreTrigger>100</PreTrigger>
   <Basename>KRC_EMI</Basename>
   <Modules>
      <Module>
         <Name>KRCIpo</Name>
         <Rate>12000</Rate>
         <Channel>1846</Channel>
         <Channel>1847</Channel>
         <Channel>1848</Channel>
         <Channel>1849</Channel>
         <Channel>1850</Channel>
         <Channel>1851</Channel>
         <Channel>1852</Channel>
         <Channel>1853</Channel>
         <Channel>1854</Channel>
         <Channel>1855</Channel>
         <Channel>1856</Channel>
         <Channel>1857</Channel>
         <Channel>1858</Channel>
         <Channel>1859</Channel>
         <Channel>1860</Channel>
         <Channel>1861</Channel>
         <Channel>1862</Channel>
         <Channel>1875</Channel>
         <Channel>1876</Channel>
         <Channel>1877</Channel>
         <Channel>1878</Channel>
         <Channel>1879</Channel>
         <Channel>1880</Channel>
         <Channel>1881</Channel>
         <Channel>1882</Channel>
         <Channel>1883</Channel>
         <Channel>1884</Channel>
         <Channel>1885</Channel>
         <Channel>1886</Channel>
         <Channel>1887</Channel>
         <Channel>1888</Channel>
         <Channel>1889</Channel>
         <Channel>1890</Channel>
         <Channel>1891</Channel>
         <Channel>1892</Channel>
         <Channel>1905</Channel>
         <Channel>1906</Channel>
         <Channel>1907</Channel>
         <Channel>1908</Channel>
         <Channel>1909</Channel>
         <Channel>1910</Channel>
      </Module>
   </Modules>
   <Trigger>
      <ModuleName>KRCIpo</ModuleName>
      <ID>0</ID>
   </Trigger>
</Trace>