<?xml version="1.0" encoding="UTF-8"?>
<!-- Mit XMLSpy v2007 sp1 bearbeitet (http://www.altova.com) von Dominik Wenger (KUKA Roboter GMBH) -->
<Trace xmlns:xsi="http://www.w3.org/2001/XMLSchema-instance" xsi:noNamespaceSchemaLocation="/Roboter/Config/System/Common/Schemes/Tracedef.xsd">
   <Time>60</Time>
   <PreTrigger>0</PreTrigger>
   <Basename>KRC_EnergyCalculation</Basename>
   <Modules>
      <Module>
         <Name>KRCIpo</Name>
         <Rate>12000</Rate>
         <!--  [X,Y,Z,A,B,C]_CmdIpo  -->
         <!--  Interpolator Soll-Werte von X,Y,Z,A,B,C  -->
         <Channel>1</Channel>
         <Channel>2</Channel>
         <Channel>3</Channel>
         <Channel>4</Channel>
         <Channel>5</Channel>
         <Channel>6</Channel>
         <!--  AxisPos_CmdIpo[i]  -->
         <!--  Interpolator Soll-Positionen der Achsen  -->
         <Channel>7</Channel>
         <Channel>8</Channel>
         <Channel>9</Channel>
         <Channel>10</Channel>
         <Channel>11</Channel>
         <Channel>12</Channel>
         <!--  Interpolator Ist-Werte von X,Y,Z,A,B,C  -->
         <Channel>37</Channel>
         <Channel>38</Channel>
         <Channel>39</Channel>
         <Channel>40</Channel>
         <Channel>41</Channel>
         <Channel>42</Channel>
         <!--  [X,Y,Z,A,B,C]_Act  -->
         <!--  AxisPos_Act[i]  -->
         <!--  Interpolator Ist-Positionen der Achsen  -->
         <Channel>43</Channel>
         <Channel>44</Channel>
         <Channel>45</Channel>
         <Channel>46</Channel>
         <Channel>47</Channel>
         <Channel>48</Channel>
         
         <!--  CartVel_*  -->
         <!--  Kartesische Geschwindigkeiten: Soll, Ist-->
         <Channel>2896</Channel>
         <Channel>2897</Channel>

         <!--  Override_*  -->
         <!--  Override: Soll, Ist -->
         <Channel>2900</Channel>
         <Channel>2903</Channel>

         <!--  DriveMotorTorq_CmdIpo[i]  -->
         <!--  Antriebsseitige Soll-Motormomente  -->
         <!--<Channel>257</Channel>
         <Channel>258</Channel>
         <Channel>259</Channel>
         <Channel>260</Channel>
         <Channel>261</Channel>
         <Channel>262</Channel>-->

         <!--  GearTorq_CmdIpo[i]  -->
         <!--  Soll-Getriebemoment  -->
         <!--<Channel>401</Channel>
         <Channel>402</Channel>
         <Channel>403</Channel>
         <Channel>404</Channel>
         <Channel>405</Channel>
         <Channel>406</Channel> -->

         <!--  DriveMotorCurr_Act[i]  -->
         <!--  Iststrom  -->
         <Channel>1290</Channel>
         <Channel>1291</Channel>
         <Channel>1292</Channel>
         <Channel>1293</Channel>
         <Channel>1294</Channel>
         <Channel>1295</Channel>
		 
         <!--  DriveMotorTorq_Act[i]  -->
         <!--  Abtriebsseitige Ist-Motormomente  -->
<!--         <Channel>1266</Channel>
         <Channel>1267</Channel>
         <Channel>1268</Channel>
         <Channel>1269</Channel>
         <Channel>1270</Channel>
         <Channel>1271</Channel> -->

         <!--  GearTorq_Act[i]  -->
         <!--  Ist-Getriebemoment  -->
         <!--<Channel>377</Channel>
         <Channel>378</Channel>
         <Channel>379</Channel>
         <Channel>380</Channel>
         <Channel>381</Channel>
         <Channel>382</Channel>-->
         
         <!-- PowerBrakeState -->
         <Channel>462</Channel>
         <Channel>463</Channel>
         <Channel>464</Channel>
         <Channel>465</Channel>
         <Channel>466</Channel>
         <Channel>467</Channel>
         
         <!--  Energiewerte -->
         <Channel>3200</Channel> <!-- eEnergyActPowerValue -->
         <Channel>3201</Channel> <!-- eEnergyActLossPowerValue -->
         <Channel>3202</Channel> <!-- eEnergyActPowerTime -->
         <Channel>3203</Channel> <!-- eEnergyMeasuringValue -->
         <Channel>3204</Channel> <!-- eLossEnergyMeasuringValue -->
         <Channel>3205</Channel> <!-- eEnergyMeasuringTime -->
         <Channel>3206</Channel> <!-- eEnergyPeriodValue -->
         <Channel>3207</Channel> <!-- eLossEnergyPeriodValue -->
         <Channel>3208</Channel> <!-- eEnergyPeriodTime -->
      </Module>

      <Module>
         <Name>KRCFineIpo</Name>
         <Rate>4000</Rate>
         <!-- GearPos_CmdEko -->
         <Channel>97</Channel>
         <Channel>98</Channel>
         <Channel>99</Channel>
         <Channel>100</Channel>
         <Channel>101</Channel>
         <Channel>102</Channel>
         <!-- DriveMotorTorq_CmdEko -->
         <Channel>241</Channel>
         <Channel>242</Channel>
         <Channel>243</Channel>
         <Channel>244</Channel>
         <Channel>245</Channel>
         <Channel>246</Channel>
         <!-- DriveMotorCurrent_ActDrive -->
         <Channel>693</Channel>
         <Channel>694</Channel>
         <Channel>695</Channel>
         <Channel>696</Channel>
         <Channel>697</Channel>
         <Channel>698</Channel>
         <!-- DriveMotorPos_CmdDrive -->
         <Channel>501</Channel>
         <Channel>502</Channel>
         <Channel>503</Channel>
         <Channel>504</Channel>
         <Channel>505</Channel>
         <Channel>506</Channel>
      </Module>
      <Module>
         <Name>NextGenDrive#1</Name>
         <Rate>4000</Rate>
         <Channel>2</Channel><!-- Istposition -->
         <Channel>202</Channel><!-- Iststrom-->
         <Channel>200</Channel><!-- Motortemperatur-->
      </Module>
      <Module>
         <Name>NextGenDrive#2</Name>
         <Rate>4000</Rate>
         <Channel>2</Channel><!-- Istposition -->
         <Channel>202</Channel><!-- Iststrom-->
         <Channel>200</Channel><!-- Motortemperatur-->
      </Module>
      <Module>
         <Name>NextGenDrive#3</Name>
         <Rate>4000</Rate>
         <Channel>2</Channel><!-- Istposition -->
         <Channel>202</Channel><!-- Iststrom-->
         <Channel>200</Channel><!-- Motortemperatur-->
      </Module>
      <Module>
         <Name>NextGenDrive#4</Name>
         <Rate>4000</Rate>
         <Channel>2</Channel><!-- Istposition -->
         <Channel>202</Channel><!-- Iststrom-->
         <Channel>200</Channel><!-- Motortemperatur-->
      </Module>
      <Module>
         <Name>NextGenDrive#5</Name>
         <Rate>4000</Rate>
         <Channel>2</Channel><!-- Istposition -->
         <Channel>202</Channel><!-- Iststrom-->
         <Channel>200</Channel><!-- Motortemperatur-->
      </Module>
      <Module>
         <Name>NextGenDrive#6</Name>
         <Rate>4000</Rate>
         <Channel>2</Channel><!-- Istposition -->
         <Channel>202</Channel><!-- Iststrom-->
         <Channel>200</Channel><!-- Motortemperatur-->
      </Module>
	   <Module>
         <Name>CFSupplyChannel#1</Name>
         <Rate>250</Rate>
         <Channel>300</Channel><!-- WDIStatus -->
         <Channel>301</Channel><!-- WDIControl -->
         <Channel>200</Channel><!-- MUX !!Uzk!!-->
      </Module>
   </Modules>
   <Trigger>
      <ModuleName>KRCIpo</ModuleName>
      <ID>1</ID>
   </Trigger>
</Trace>