<?xml version="1.0" encoding="UTF-8"?>
<!-- Ohne XMLSpy v2007 sp1 bearbeitet (http://www.altova.com) von Holger Tronnier (KUKA Roboter GMBH) -->
<Trace xmlns:xsi="http://www.w3.org/2001/XMLSchema-instance" xsi:noNamespaceSchemaLocation="/Roboter/Config/System/Common/Schemes/Tracedef.xsd">
   <Time>120</Time>
   <PreTrigger>100</PreTrigger>
   <Basename>KRC_Spline_NewMotion</Basename>
   <Modules>
      <Module>
         <Name>KRCIpo</Name>
         <Rate>12000</Rate>
         <!-- Bereiche konstanter Geschwindigkeit -->
         <!-- =================================== -->
         <!--    eSpline_CVA_Vel_InArea, eSpline_CVA_Vel_InAreaProgrammed -->
         <Channel>2196</Channel>
         <Channel>2197</Channel>

         <!-- Bedingter Stopp -->
         <!-- =================================== -->
         <!--    eSpline_CondStopState[1-10] -->
         <Channel>2201</Channel>
         <Channel>2202</Channel>
         <Channel>2203</Channel>
         <Channel>2204</Channel>
         <Channel>2205</Channel>
         <Channel>2206</Channel>
         <Channel>2207</Channel>
         <Channel>2208</Channel>
         <Channel>2209</Channel>
         <Channel>2210</Channel>
         <!--    eSpline_CondStopSatzNummer[1-10] -->
         <Channel>2211</Channel>
         <Channel>2212</Channel>
         <Channel>2213</Channel>
         <Channel>2214</Channel>
         <Channel>2215</Channel>
         <Channel>2216</Channel>
         <Channel>2217</Channel>
         <Channel>2218</Channel>
         <Channel>2219</Channel>
         <Channel>2220</Channel>
         
         <!-- Andere relevante Kanaele -->
         <!-- ======================== -->
         <!-- Spline: -->
         <!-- SplinePathParameter, [X,Y,Z]_CmdSpl, SplineArcLength,  -->
         <!-- CartVel_CmdSpl, Override_CmdSpl, Override_ActSpl  -->
         <Channel>2000</Channel>
         <Channel>2001</Channel>
         <Channel>2002</Channel>
         <Channel>2003</Channel>
         <Channel>2080</Channel>
         <Channel>2081</Channel>
         <Channel>2084</Channel>
         <Channel>2085</Channel>
         <!-- Interpolatorgruppe: -->
         <!-- [X,Y,Z]_CmdIpo + AxisPos_CmdIpo[1..12] -->
         <Channel>1</Channel>
         <Channel>2</Channel>
         <Channel>3</Channel>
         <Channel>7</Channel>
         <Channel>8</Channel>
         <Channel>9</Channel>
         <Channel>10</Channel>
         <Channel>11</Channel>
         <Channel>12</Channel>
         <!--    
         <Channel>13</Channel>
         <Channel>14</Channel>
         <Channel>15</Channel>
         <Channel>16</Channel>
         <Channel>17</Channel>
         <Channel>18</Channel>
         -->
         <!--  [X,Y,Z,A,B,C]_Act  -->
         <!--  Interpolator Ist-Werte von X,Y,Z,A,B,C  -->
         <Channel>37</Channel>
         <Channel>38</Channel>
         <Channel>39</Channel>
         <Channel>40</Channel>
         <Channel>41</Channel>
         <Channel>42</Channel>
         <!--  AxisPos_Act[i]  -->
         <!--  Interpolator Ist-Positionen der Achsen  -->
         <Channel>43</Channel>
         <Channel>44</Channel>
         <Channel>45</Channel>
         <Channel>46</Channel>
         <Channel>47</Channel>
         <Channel>48</Channel>
         <!--
         <Channel>49</Channel>
         <Channel>50</Channel>
         <Channel>51</Channel>
         <Channel>52</Channel>
         <Channel>53</Channel>
         <Channel>54</Channel>
         -->
         <!-- CartVel_Cmd, AxisVel_Cmd[1..12] -->
         <Channel>2896</Channel>
         <Channel>2800</Channel>
         <Channel>2801</Channel>
         <Channel>2802</Channel>
         <Channel>2803</Channel>
         <Channel>2804</Channel>
         <Channel>2805</Channel>
         <!--    
         <Channel>2806</Channel>
         <Channel>2807</Channel>
         <Channel>2808</Channel>
         <Channel>2809</Channel>
         <Channel>2810</Channel>
         <Channel>2811</Channel>
         -->
         <!-- CartVel_Act, AxisVel_Act[1..12] -->
         <Channel>2897</Channel>
         <Channel>2824</Channel>
         <Channel>2825</Channel>
         <Channel>2826</Channel>
         <Channel>2827</Channel>
         <Channel>2828</Channel>
         <Channel>2829</Channel>
         <!--    
         <Channel>2830</Channel>
         <Channel>2831</Channel>
         <Channel>2832</Channel>
         <Channel>2833</Channel>
         <Channel>2834</Channel>
         <Channel>2835</Channel>
         -->
      </Module>
   </Modules>
   <Trigger>
      <ModuleName>KRCIpo</ModuleName>
      <ID>0</ID>
   </Trigger>
</Trace>