<?xml version="1.0" encoding="UTF-8"?>
<!-- Mit XMLSpy v2007 sp1 bearbeitet (http://www.altova.com) von Dominik Wenger (KUKA Roboter GMBH) -->
<Trace xmlns:xsi="http://www.w3.org/2001/XMLSchema-instance" xsi:noNamespaceSchemaLocation="/Roboter/Config/System/Common/Schemes/Tracedef.xsd">
   <Time>120</Time>
   <PreTrigger>100</PreTrigger>
   <Basename>KRC_IpoActualValues</Basename>
   <Modules>
      <Module>
         <Name>KRCIpo</Name>
         <Rate>12000</Rate>
         <!--  [X,Y,Z,A,B,C]_Act  -->
         <!--  Interpolator Ist-Werte von X,Y,Z,A,B,C  -->
         <Channel>37</Channel>
         <Channel>38</Channel>
         <Channel>39</Channel>
         <Channel>40</Channel>
         <Channel>41</Channel>
         <Channel>42</Channel>
         <!--  AxisPos_Act[i]  -->
         <!--  Interpolator Ist-Positionen der Achsen  -->
         <Channel>43</Channel>
         <Channel>44</Channel>
         <Channel>45</Channel>
         <Channel>46</Channel>
         <Channel>47</Channel>
         <Channel>48</Channel>
         <!--
         <Channel>49</Channel>
         <Channel>50</Channel>
         <Channel>51</Channel>
         <Channel>52</Channel>
         <Channel>53</Channel>
         <Channel>54</Channel>
         -->
      </Module>
   </Modules>
   <Trigger>
      <ModuleName>KRCIpo</ModuleName>
      <ID>0</ID>
   </Trigger>
</Trace>