<?xml version="1.0" encoding="UTF-8"?>
<!-- Mit XMLSpy v2007 sp1 bearbeitet (http://www.altova.com) von Dominik Wenger (KUKA Roboter GMBH) -->
<Trace xmlns:xsi="http://www.w3.org/2001/XMLSchema-instance" xsi:noNamespaceSchemaLocation="/Roboter/Config/System/Common/Schemes/Tracedef.xsd">
   <Time>60</Time>
   <PreTrigger>100</PreTrigger>
   <Basename>Test1</Basename>
   <Modules>
      <Module>
         <Name>KRCIpo</Name>
         <Rate>12000</Rate>
         <!-- Interpolator Sollwerte nach Filter  -->
         <!-- X,Y,Z  -->
         <Channel>1</Channel>
         <Channel>2</Channel>
         <Channel>3</Channel>
         <!-- A,B,C  -->
         <!--
         <Channel>4</Channel>
         <Channel>5</Channel>
         <Channel>6</Channel>
         -->
         <!-- A1-A6  -->
         <Channel>7</Channel>
         <Channel>8</Channel>
         <Channel>9</Channel>
         <Channel>10</Channel>
         <Channel>11</Channel>
         <Channel>12</Channel>
         <!-- E1-E6  -->
         <!--
         <Channel>13</Channel>
         <Channel>14</Channel>
         <Channel>15</Channel>
         <Channel>16</Channel>
         <Channel>17</Channel>
         <Channel>18</Channel>
         -->
         <!-- Interpolator Istwerte  -->
         <!-- X,Y,Z  -->
         <Channel>37</Channel>
         <Channel>38</Channel>
         <Channel>39</Channel>
         <!-- A,B,C  -->
         <!--
         <Channel>40</Channel>
         <Channel>41</Channel>
         <Channel>42</Channel>
         -->
         <!-- A1-A6  -->
         <Channel>43</Channel>
         <Channel>44</Channel>
         <Channel>45</Channel>
         <Channel>46</Channel>
         <Channel>47</Channel>
         <Channel>48</Channel>
         <!-- E1-E6  -->
         <!--
         <Channel>49</Channel>
         <Channel>50</Channel>
         <Channel>51</Channel>
         <Channel>52</Channel>
         <Channel>53</Channel>
         <Channel>54</Channel>
         -->
         <!-- Interpolator Sollgeschwindigkeiten nach Filter  -->
         <!-- Kartesisch  -->
         <Channel>2896</Channel>
         <!-- A1-A6  -->
         <Channel>2800</Channel>
         <Channel>2801</Channel>
         <Channel>2802</Channel>
         <Channel>2803</Channel>
         <Channel>2804</Channel>
         <Channel>2805</Channel>
         <!-- E1-E6  -->
         <!--
         <Channel>2806</Channel>
         <Channel>2807</Channel>
         <Channel>2808</Channel>
         <Channel>2809</Channel>
         <Channel>2810</Channel>
         <Channel>2811</Channel>
         -->
         <!-- Interpolator Istgeschwindigkeiten  -->
         <!-- Kartesisch  -->
         <Channel>2897</Channel>
         <!-- A1-A6  -->
         <Channel>2824</Channel>
         <Channel>2825</Channel>
         <Channel>2826</Channel>
         <Channel>2827</Channel>
         <Channel>2828</Channel>
         <Channel>2829</Channel>
         <!-- E1-E6  -->
         <!--
         <Channel>2830</Channel>
         <Channel>2831</Channel>
         <Channel>2832</Channel>
         <Channel>2833</Channel>
         <Channel>2834</Channel>
         <Channel>2835</Channel>
         -->
         <!-- Antriebsseitiges Motormoment (Soll)  -->
         <!-- Beim Spline Kanal 2031 bis 2042  -->
         <!-- A1-A6  -->
         <Channel>257</Channel>
         <Channel>258</Channel>
         <Channel>259</Channel>
         <Channel>260</Channel>
         <Channel>261</Channel>
         <Channel>262</Channel>
         <!-- E1-E6  -->
         <!--
         <Channel>263</Channel>
         <Channel>264</Channel>
         <Channel>265</Channel>
         <Channel>266</Channel>
         <Channel>267</Channel>
         <Channel>268</Channel>
         -->
         <!-- Abtriebsseitiges Motormoment (Soll) -->
         <!-- A1-A6  -->
         <Channel>1032</Channel>
         <Channel>1033</Channel>
         <Channel>1034</Channel>
         <Channel>1035</Channel>
         <Channel>1036</Channel>
         <Channel>1037</Channel>
         <!-- E1-E6  -->
         <!--
         <Channel>1038</Channel>
         <Channel>1039</Channel>
         <Channel>1040</Channel>
         <Channel>1041</Channel>
         <Channel>1042</Channel>
         <Channel>1043</Channel>
         -->
         <!-- Getriebemotormoment Koo/Unko Interpolator (Soll)  -->
         <!-- A1-A6  -->
         <Channel>1056</Channel>
         <Channel>1057</Channel>
         <Channel>1058</Channel>
         <Channel>1059</Channel>
         <Channel>1060</Channel>
         <Channel>1061</Channel>
         <!-- E1-E6  -->
         <!--
         <Channel>1062</Channel>
         <Channel>1063</Channel>
         <Channel>1064</Channel>
         <Channel>1065</Channel>
         <Channel>1066</Channel>
         <Channel>1067</Channel>
         -->
         <!-- Getriebemotormoment Spline Interpolator (Soll)  -->
         <!-- A1-A6  -->
         <Channel>2055</Channel>
         <Channel>2056</Channel>
         <Channel>2057</Channel>
         <Channel>2058</Channel>
         <Channel>2059</Channel>
         <Channel>2060</Channel>
         <!-- E1-E6  -->
         <!--
         <Channel>2061</Channel>
         <Channel>2062</Channel>
         <Channel>2063</Channel>
         <Channel>2064</Channel>
         <Channel>2065</Channel>
         <Channel>2066</Channel>
         -->
         <!-- Antriebsseitiges Motormoment (Ist)  -->
         <!-- A1-A6  -->
         <Channel>1266</Channel>
         <Channel>1267</Channel>
         <Channel>1268</Channel>
         <Channel>1269</Channel>
         <Channel>1270</Channel>
         <Channel>1271</Channel>
         <!-- E1-E6  -->
         <!--
         <Channel>1272</Channel>
         <Channel>1273</Channel>
         <Channel>1274</Channel>
         <Channel>1275</Channel>
         <Channel>1276</Channel>
         <Channel>1277</Channel>
         -->
      </Module>
      <Module>
         <Name>KRCFineIpo</Name>
         <Rate>4000</Rate>
         <!-- Abtriebsseitiges Motormoment (Soll EKO)  -->
         <!-- A1-A6  -->
         <Channel>241</Channel>
         <Channel>242</Channel>
         <Channel>243</Channel>
         <Channel>244</Channel>
         <Channel>245</Channel>
         <Channel>246</Channel>
         <!-- E1-E6  -->
         <!--
         <Channel>247</Channel>
         <Channel>248</Channel>
         <Channel>249</Channel>
         <Channel>250</Channel>
         <Channel>251</Channel>
         <Channel>252</Channel>
         -->
         <!-- Getriebemotormoment (Soll EKO)  -->
         <!-- A1-A6  -->
         <Channel>265</Channel>
         <Channel>266</Channel>
         <Channel>267</Channel>
         <Channel>268</Channel>
         <Channel>269</Channel>
         <Channel>270</Channel>
         <!-- E1-E6  -->
         <!--
         <Channel>271</Channel>
         <Channel>272</Channel>
         <Channel>273</Channel>
         <Channel>274</Channel>
         <Channel>275</Channel>
         <Channel>276</Channel>
         -->
      </Module>
<!--
      <Module>
         <Name>KRCIO</Name>
         <Rate>1000</Rate>
         <Channel>1</Channel>
         <Channel>4097</Channel>
         <Channel>8193</Channel>
         <Channel>8449</Channel>
         <Channel>8961</Channel>
         <Channel>9473</Channel>
      </Module>
-->
      <Module>
         <Name>NextGen</Name>
         <Rate>4000</Rate>
         <Channel>1</Channel>
         <Channel>2</Channel>
      </Module>
      <Module>
         <Name>NextGenDrive#1</Name>
         <Rate>4000</Rate>
         <Channel>1</Channel>
         <Channel>2</Channel>
         <Channel>3</Channel>
         <Channel>7</Channel>
         <Channel>13</Channel>
         <Channel>14</Channel>
         <Channel>100</Channel>
      </Module>
      <Module>
         <Name>NextGenDrive#2</Name>
         <Rate>4000</Rate>
         <Channel>1</Channel>
         <Channel>2</Channel>
         <Channel>3</Channel>
         <Channel>7</Channel>
         <Channel>13</Channel>
         <Channel>14</Channel>
         <Channel>100</Channel>
      </Module>
      <Module>
         <Name>NextGenDrive#3</Name>
         <Rate>4000</Rate>
         <Channel>1</Channel>
         <Channel>2</Channel>
         <Channel>3</Channel>
         <Channel>7</Channel>
         <Channel>13</Channel>
         <Channel>14</Channel>
         <Channel>100</Channel>
      </Module>
      <Module>
         <Name>NextGenDrive#4</Name>
         <Rate>4000</Rate>
         <Channel>1</Channel>
         <Channel>2</Channel>
         <Channel>3</Channel>
         <Channel>7</Channel>
         <Channel>13</Channel>
         <Channel>14</Channel>
         <Channel>100</Channel>
      </Module>
      <Module>
         <Name>NextGenDrive#5</Name>
         <Rate>4000</Rate>
         <Channel>1</Channel>
         <Channel>2</Channel>
         <Channel>3</Channel>
         <Channel>7</Channel>
         <Channel>13</Channel>
         <Channel>14</Channel>
         <Channel>100</Channel>
      </Module>
      <Module>
         <Name>NextGenDrive#6</Name>
         <Rate>4000</Rate>
         <Channel>1</Channel>
         <Channel>2</Channel>
         <Channel>3</Channel>
         <Channel>7</Channel>
         <Channel>13</Channel>
         <Channel>14</Channel>
         <Channel>100</Channel>
      </Module>
   </Modules>
<!--
   <Trigger>
      <ModuleName>NextGen</ModuleName>
      <ID>0</ID>
      <Param1>0</Param1>
      <Param2>0</Param2>
      <Param3>0.0</Param3>
      <Param4>0.0</Param3>
   </Trigger>
-->
   <Trigger>
      <ModuleName>KRCIpo</ModuleName>
      <ID>0</ID>
   </Trigger>
</Trace>