<?xml version="1.0" encoding="utf-8"?>
<!-- *********************** -->
<!-- External variables      -->
<!-- *********************** -->
<ExtVar xmlns:xsi="http://www.w3.org/2001/XMLSchema-instance" xsi:noNamespaceSchemaLocation="ext_var.xsd">
  <Version Label="1">
    <Schema Version="1" />
  </Version>
  <P-EXTV-00010 Value="80" />
  <P-EXTV-00011 Value="1" />
  <P-EXTV-00022 Value="1" />
  <P-EXTV-00030 Value="V_E_%s_RD_%d" />
  <P-EXTV-00031 Value="V_E_%s_WR_%d" />
  <P-EXTV-00032 Value="V_E_%s_RD_%d" />
  <P-EXTV-00033 Value="V_E_%s_WR_%d" />
  <Var>
    <!-- *******GLOBAL********* -->

      <P-EXTV-00001.39 Value="GLOBAL" />
      <P-EXTV-00003.39 Value="SGN32" />
      <P-EXTV-00004.39 Value="GLOBAL" />
      <P-EXTV-00005.39 Value="TRUE" />
      <P-EXTV-00006.39 Value="READ_WRITE" />
      <P-EXTV-00007.39 Value="100" />
      <P-EXTV-00009.39 Value="TRUE" />
        <!-- *********************** -->
      <P-EXTV-00001.43 Value="GLOBAL_BOOL" />
      <P-EXTV-00003.43 Value="BOOLEAN" />
      <P-EXTV-00004.43 Value="GLOBAL" />
      <P-EXTV-00005.43 Value="TRUE" />
      <P-EXTV-00006.43 Value="READ_WRITE" />
      <P-EXTV-00007.43 Value="100" />
      <P-EXTV-00009.43 Value="FALSE" />
    <!-- *********************** -->
      <P-EXTV-00001.44 Value="GLOBAL_REAL" />
      <P-EXTV-00003.44 Value="REAL64" />
      <P-EXTV-00004.44 Value="GLOBAL" />
      <P-EXTV-00005.44 Value="TRUE" />
      <P-EXTV-00006.44 Value="READ_WRITE" />
      <P-EXTV-00007.44 Value="100" />
      <P-EXTV-00009.44 Value="FALSE" />
    <!-- *********************** -->
      <P-EXTV-00001.45 Value="GLOBAL_STRING" />
      <P-EXTV-00003.45 Value="STRING" />
      <P-EXTV-00004.45 Value="GLOBAL" />
      <P-EXTV-00005.45 Value="TRUE" />
      <P-EXTV-00006.45 Value="READ_WRITE" />
      <P-EXTV-00007.45 Value="10" />
      <P-EXTV-00009.45 Value="FALSE" />

<!-- *********CHANNEL******************* -->   
      <P-EXTV-00001.0 Value="CHANNEL" />
      <P-EXTV-00003.0 Value="SGN32" />
      <P-EXTV-00004.0 Value="CHANNEL" />
      <P-EXTV-00005.0 Value="TRUE" />
      <P-EXTV-00006.0 Value="READ_ONLY" />
      <P-EXTV-00007.0 Value="50" />
      <P-EXTV-00009.0 Value="TRUE" />
    
     <!-- *********************** -->
    
      <P-EXTV-00001.1 Value="TOOL_NR" />
      <P-EXTV-00003.1 Value="SGN32" />
      <P-EXTV-00004.1 Value="CHANNEL" />
      <P-EXTV-00005.1 Value="TRUE" />
      <P-EXTV-00006.1 Value="READ_WRITE" />
      <P-EXTV-00009.1 Value="TRUE" />
    
    <!-- *********************** -->
    
      <P-EXTV-00001.2 Value="TOOL_RADIUS" />
      <P-EXTV-00003.2 Value="SGN32" />
      <P-EXTV-00004.2 Value="CHANNEL" />
      <P-EXTV-00005.2 Value="TRUE" />
      <P-EXTV-00006.2 Value="READ_WRITE" />
      <P-EXTV-00009.2 Value="TRUE" />
    
    <!-- *********************** -->
    
      <P-EXTV-00001.3 Value="TOOL_PARAM" />
      <P-EXTV-00003.3 Value="SGN32" />
      <P-EXTV-00004.3 Value="CHANNEL" />
      <P-EXTV-00005.3 Value="TRUE" />
      <P-EXTV-00006.3 Value="READ_WRITE" />
      <P-EXTV-00007.3 Value="6" />
      <P-EXTV-00009.3 Value="TRUE" />
    
    <!-- *********************** -->
    
      <P-EXTV-00001.4 Value="CNC_PRG_STATUS" />
      <P-EXTV-00003.4 Value="SGN32" />
      <P-EXTV-00004.4 Value="CHANNEL" />
      <P-EXTV-00005.4 Value="TRUE" />
      <P-EXTV-00006.4 Value="READ_WRITE" />
      <P-EXTV-00009.4 Value="TRUE" />
    
    <!-- *********************** -->
    
      <P-EXTV-00001.5 Value="EMI_STATUS" />
      <P-EXTV-00003.5 Value="SGN32" />
      <P-EXTV-00004.5 Value="CHANNEL" />
      <P-EXTV-00005.5 Value="TRUE" />
      <P-EXTV-00006.5 Value="READ_WRITE" />
      <P-EXTV-00009.5 Value="TRUE" />
    
    <!-- *********************** -->
    
      <P-EXTV-00001.6 Value="HMI_BACKWARD_BUTTON" />
      <P-EXTV-00003.6 Value="BOOLEAN" />
      <P-EXTV-00004.6 Value="CHANNEL" />
      <P-EXTV-00005.6 Value="TRUE" />
      <P-EXTV-00006.6 Value="READ_WRITE" />
      <P-EXTV-00009.6 Value="TRUE" />
    
    <!-- *********************** -->
    
      <P-EXTV-00001.7 Value="HMI_SINGLE_STEP_BUTTON" />
      <P-EXTV-00003.7 Value="BOOLEAN" />
      <P-EXTV-00004.7 Value="CHANNEL" />
      <P-EXTV-00005.7 Value="TRUE" />
      <P-EXTV-00006.7 Value="READ_WRITE" />
      <P-EXTV-00009.7 Value="TRUE" />
    
    <!-- *********************** -->
    
      <P-EXTV-00001.8 Value="OPTIONAL_STOP_BUTTON" />
      <P-EXTV-00003.8 Value="BOOLEAN" />
      <P-EXTV-00004.8 Value="CHANNEL" />
      <P-EXTV-00005.8 Value="TRUE" />
      <P-EXTV-00006.8 Value="READ_WRITE" />
      <P-EXTV-00009.8 Value="TRUE" />
    
    <!-- *********************** -->
    
      <P-EXTV-00001.9 Value="HMI_BLOCK_SKIP_BUTTON" />
      <P-EXTV-00003.9 Value="BOOLEAN" />
      <P-EXTV-00004.9 Value="CHANNEL" />
      <P-EXTV-00005.9 Value="TRUE" />
      <P-EXTV-00006.9 Value="READ_WRITE" />
      <P-EXTV-00009.9 Value="TRUE" />
    
    <!-- *********************** -->
    
      <P-EXTV-00001.10 Value="CNC_START_PROG" />
      <P-EXTV-00003.10 Value="BOOLEAN" />
      <P-EXTV-00004.10 Value="CHANNEL" />
      <P-EXTV-00005.10 Value="TRUE" />
      <P-EXTV-00006.10 Value="READ_WRITE" />
      <P-EXTV-00009.10 Value="TRUE" />
    
    <!-- *********************** -->
    
      <P-EXTV-00001.11 Value="CNC_STOP_PROG" />
      <P-EXTV-00003.11 Value="BOOLEAN" />
      <P-EXTV-00004.11 Value="CHANNEL" />
      <P-EXTV-00005.11 Value="TRUE" />
      <P-EXTV-00006.11 Value="READ_WRITE" />
      <P-EXTV-00009.11 Value="TRUE" />
    
    <!-- *********************** -->
    
      <P-EXTV-00001.12 Value="CNC_RESET" />
      <P-EXTV-00003.12 Value="BOOLEAN" />
      <P-EXTV-00004.12 Value="CHANNEL" />
      <P-EXTV-00005.12 Value="TRUE" />
      <P-EXTV-00006.12 Value="READ_WRITE" />
      <P-EXTV-00009.12 Value="TRUE" />
    
    <!-- *********************** -->
    
      <P-EXTV-00001.13 Value="SELECTED_NC_PRG" />
      <P-EXTV-00003.13 Value="STRING" />
      <P-EXTV-00004.13 Value="CHANNEL" />
      <P-EXTV-00005.13 Value="TRUE" />
      <P-EXTV-00006.13 Value="READ_WRITE" />
      <P-EXTV-00009.13 Value="TRUE" />
    
    <!-- *********************** -->
    
      <P-EXTV-00001.14 Value="NC_FILE_BLOCK_NUMBER" />
      <P-EXTV-00003.14 Value="SGN32" />
      <P-EXTV-00004.14 Value="CHANNEL" />
      <P-EXTV-00005.14 Value="TRUE" />
      <P-EXTV-00006.14 Value="READ_WRITE" />
      <P-EXTV-00009.14 Value="TRUE" />
    
    <!-- *********************** -->
    
      <P-EXTV-00001.15 Value="HMI_SPINDLE_BUTTON" />
      <P-EXTV-00003.15 Value="BOOLEAN" />
      <P-EXTV-00004.15 Value="CHANNEL" />
      <P-EXTV-00005.15 Value="TRUE" />
      <P-EXTV-00006.15 Value="READ_WRITE" />
      <P-EXTV-00009.15 Value="TRUE" />
    
    <!-- *********************** -->
    
      <P-EXTV-00001.16 Value="HMI_COOLING_BUTTON" />
      <P-EXTV-00003.16 Value="BOOLEAN" />
      <P-EXTV-00004.16 Value="CHANNEL" />
      <P-EXTV-00005.16 Value="TRUE" />
      <P-EXTV-00006.16 Value="READ_WRITE" />
      <P-EXTV-00009.16 Value="TRUE" />
    
    <!-- *********************** -->
    
      <P-EXTV-00001.17 Value="HMI_VACUUM_BUTTON" />
      <P-EXTV-00003.17 Value="BOOLEAN" />
      <P-EXTV-00004.17 Value="CHANNEL" />
      <P-EXTV-00005.17 Value="TRUE" />
      <P-EXTV-00006.17 Value="READ_WRITE" />
      <P-EXTV-00009.17 Value="TRUE" />
    
    <!-- *********************** -->
    
      <P-EXTV-00001.18 Value="HMI_SPINDLE_BUTTON_ACT" />
      <P-EXTV-00003.18 Value="BOOLEAN" />
      <P-EXTV-00004.18 Value="CHANNEL" />
      <P-EXTV-00005.18 Value="TRUE" />
      <P-EXTV-00006.18 Value="READ_WRITE" />
      <P-EXTV-00009.18 Value="TRUE" />
    
    <!-- *********************** -->
    
      <P-EXTV-00001.19 Value="HMI_COOLING_BUTTON_ACT" />
      <P-EXTV-00003.19 Value="BOOLEAN" />
      <P-EXTV-00004.19 Value="CHANNEL" />
      <P-EXTV-00005.19 Value="TRUE" />
      <P-EXTV-00006.19 Value="READ_WRITE" />
      <P-EXTV-00009.19 Value="TRUE" />
    
    <!-- *********************** -->
    
      <P-EXTV-00001.20 Value="HMI_VACUUM_BUTTON_ACT" />
      <P-EXTV-00003.20 Value="BOOLEAN" />
      <P-EXTV-00004.20 Value="CHANNEL" />
      <P-EXTV-00005.20 Value="TRUE" />
      <P-EXTV-00006.20 Value="READ_WRITE" />
      <P-EXTV-00009.20 Value="TRUE" />
    
    <!-- *********************** -->
    
      <P-EXTV-00001.21 Value="HMI_SET_SPEED_BUTTON" />
      <P-EXTV-00003.21 Value="BOOLEAN" />
      <P-EXTV-00004.21 Value="CHANNEL" />
      <P-EXTV-00005.21 Value="TRUE" />
      <P-EXTV-00006.21 Value="READ_WRITE" />
      <P-EXTV-00009.21 Value="TRUE" />
    
    <!-- *********************** -->
    
      <P-EXTV-00001.22 Value="REDUCED_SPEED_ACTIVE" />
      <P-EXTV-00003.22 Value="BOOLEAN" />
      <P-EXTV-00004.22 Value="CHANNEL" />
      <P-EXTV-00005.22 Value="TRUE" />
      <P-EXTV-00006.22 Value="READ_WRITE" />
      <P-EXTV-00009.22 Value="TRUE" />
    
<!-- *****CHANNEL - BLOCKSEARCH******** -->
        
      <P-EXTV-00001.23 Value="BLOCKSEARCH_SELECTED" />
      <P-EXTV-00003.23 Value="BOOLEAN" />
      <P-EXTV-00004.23 Value="CHANNEL" />
      <P-EXTV-00005.23 Value="TRUE" />
      <P-EXTV-00006.23 Value="READ_WRITE" />
      <P-EXTV-00009.23 Value="TRUE" />
    
    <!-- *********************** -->
        
      <P-EXTV-00001.24 Value="BLOCKSEARCH_CANCEL" />
      <P-EXTV-00003.24 Value="BOOLEAN" />
      <P-EXTV-00004.24 Value="CHANNEL" />
      <P-EXTV-00005.24 Value="TRUE" />
      <P-EXTV-00006.24 Value="READ_WRITE" />
      <P-EXTV-00009.24 Value="TRUE" />
    
    <!-- *********************** -->
        
      <P-EXTV-00001.25 Value="BLOCKSEARCH_BC_EX" />
      <P-EXTV-00003.25 Value="BOOLEAN" />
      <P-EXTV-00004.25 Value="CHANNEL" />
      <P-EXTV-00005.25 Value="TRUE" />
      <P-EXTV-00006.25 Value="READ_WRITE" />
      <P-EXTV-00009.25 Value="TRUE" />
    
    <!-- *********************** -->
        
      <P-EXTV-00001.26 Value="BLOCKSEARCH_FO_EX" />
      <P-EXTV-00003.26 Value="BOOLEAN" />
      <P-EXTV-00004.26 Value="CHANNEL" />
      <P-EXTV-00005.26 Value="TRUE" />
      <P-EXTV-00006.26 Value="READ_WRITE" />
      <P-EXTV-00009.26 Value="TRUE" />
    
    <!-- *********************** -->
        
      <P-EXTV-00001.27 Value="BLOCKSEARCH_BN_EX" />
      <P-EXTV-00003.27 Value="BOOLEAN" />
      <P-EXTV-00004.27 Value="CHANNEL" />
      <P-EXTV-00005.27 Value="TRUE" />
      <P-EXTV-00006.27 Value="READ_WRITE" />
      <P-EXTV-00009.27 Value="TRUE" />
    
    <!-- *********************** -->
        
      <P-EXTV-00001.28 Value="BLOCKSEARCH_CTRL" />
      <P-EXTV-00003.28 Value="BOOLEAN" />
      <P-EXTV-00004.28 Value="CHANNEL" />
      <P-EXTV-00005.28 Value="TRUE" />
      <P-EXTV-00006.28 Value="READ_WRITE" />
      <P-EXTV-00009.28 Value="TRUE" />
    
    <!-- *********************** -->
    
      <P-EXTV-00001.29 Value="BLOCKSEARCH_BN_SKIPS" />
      <P-EXTV-00003.29 Value="SGN32" />
      <P-EXTV-00004.29 Value="CHANNEL" />
      <P-EXTV-00005.29 Value="TRUE" />
      <P-EXTV-00006.29 Value="READ_WRITE" />
      <P-EXTV-00009.29 Value="TRUE" />
            
    <!-- *********************** -->
    
      <P-EXTV-00001.30 Value="BLOCKSEARCH_COVDIST" />
      <P-EXTV-00003.30 Value="SGN32" />
      <P-EXTV-00004.30 Value="CHANNEL" />
      <P-EXTV-00005.30 Value="TRUE" />
      <P-EXTV-00006.30 Value="READ_WRITE" />
      <P-EXTV-00009.30 Value="TRUE" />
            
    <!-- *********************** -->
    
      <P-EXTV-00001.31 Value="BLOCKSEARCH_LINE_NUM" />
      <P-EXTV-00003.31 Value="SGN32" />
      <P-EXTV-00004.31 Value="CHANNEL" />
      <P-EXTV-00005.31 Value="TRUE" />
      <P-EXTV-00006.31 Value="READ_WRITE" />
      <P-EXTV-00009.31 Value="TRUE" />
            
    <!-- *********************** -->
    
      <P-EXTV-00001.32 Value="BLOCKSEARCH_FILEOFFS" />
      <P-EXTV-00003.32 Value="SGN32" />
      <P-EXTV-00004.32 Value="CHANNEL" />
      <P-EXTV-00005.32 Value="TRUE" />
      <P-EXTV-00006.32 Value="READ_WRITE" />
      <P-EXTV-00009.32 Value="TRUE" />
            
    <!-- *********************** -->
    
      <P-EXTV-00001.33 Value="BLOCKSEARCH_FO_PRGTYPE" />
      <P-EXTV-00003.33 Value="SGN32" />
      <P-EXTV-00004.33 Value="CHANNEL" />
      <P-EXTV-00005.33 Value="TRUE" />
      <P-EXTV-00006.33 Value="READ_WRITE" />
      <P-EXTV-00009.33 Value="TRUE" />
            
    <!-- *********************** -->
    
      <P-EXTV-00001.34 Value="BLOCKSEARCH_FILENAME" />
      <P-EXTV-00003.34 Value="STRING" />
      <P-EXTV-00004.34 Value="CHANNEL" />
      <P-EXTV-00005.34 Value="TRUE" />
      <P-EXTV-00006.34 Value="READ_WRITE" />
      <P-EXTV-00009.34 Value="TRUE" />
    
    <!-- *********************** -->
    
      <P-EXTV-00001.35 Value="HMI_SPINDLE_FUNCS_ACT" />
      <P-EXTV-00003.35 Value="SGN32" />
      <P-EXTV-00004.35 Value="CHANNEL" />
      <P-EXTV-00005.35 Value="TRUE" />
      <P-EXTV-00006.35 Value="READ_WRITE" />
      <P-EXTV-00009.35 Value="TRUE" />
            
    <!-- *********************** -->
        
      <P-EXTV-00001.36 Value="BLOCKSEARCH_ReturnToPath" />
      <P-EXTV-00003.36 Value="BOOLEAN" />
      <P-EXTV-00004.36 Value="CHANNEL" />
      <P-EXTV-00005.36 Value="TRUE" />
      <P-EXTV-00006.36 Value="READ_WRITE" />
      <P-EXTV-00009.36 Value="TRUE" />
    
    <!-- *********************** -->
        
      <P-EXTV-00001.37 Value="BLOCKSEARCH_PathContinue" />
      <P-EXTV-00003.37 Value="BOOLEAN" />
      <P-EXTV-00004.37 Value="CHANNEL" />
      <P-EXTV-00005.37 Value="TRUE" />
      <P-EXTV-00006.37 Value="READ_WRITE" />
      <P-EXTV-00009.37 Value="TRUE" />
      
      <!-- *********************** -->  
      
      <P-EXTV-00001.46 Value="COVERED_DISTANCE" />
      <P-EXTV-00003.46 Value="SGN32" />
      <P-EXTV-00004.46 Value="CHANNEL" />
      <P-EXTV-00005.46 Value="TRUE" />
      <P-EXTV-00006.46 Value="READ_WRITE" />
      <P-EXTV-00009.46 Value="TRUE" />
      
      <!-- *********************** -->  
      
      <P-EXTV-00001.47 Value="ACTIVE_BLOCKCOUNT" />
      <P-EXTV-00003.47 Value="SGN32" />
      <P-EXTV-00004.47 Value="CHANNEL" />
      <P-EXTV-00005.47 Value="TRUE" />
      <P-EXTV-00006.47 Value="READ_WRITE" />
      <P-EXTV-00009.47 Value="TRUE" />
      
      <!-- *********************** -->  
      
      <P-EXTV-00001.48 Value="ACTIVE_BLOCKNUMBER" />
      <P-EXTV-00003.48 Value="SGN32" />
      <P-EXTV-00004.48 Value="CHANNEL" />
      <P-EXTV-00005.48 Value="TRUE" />
      <P-EXTV-00006.48 Value="READ_WRITE" />
      <P-EXTV-00009.48 Value="TRUE" />
      
      <!-- *********************** -->  
      
      <P-EXTV-00001.49 Value="BLOCKSEARCH_STATE" />
      <P-EXTV-00003.49 Value="SGN32" />
      <P-EXTV-00004.49 Value="CHANNEL" />
      <P-EXTV-00005.49 Value="TRUE" />
      <P-EXTV-00006.49 Value="READ_WRITE" />
      <P-EXTV-00009.49 Value="TRUE" />
    
<!-- ********** CHANNEL-OLD ******** -->
        
      <P-EXTV-00001.38 Value="PLC_STOPPED" />
      <P-EXTV-00003.38 Value="BOOLEAN" />
      <P-EXTV-00004.38 Value="CHANNEL" />
      <P-EXTV-00005.38 Value="TRUE" />
      <P-EXTV-00006.38 Value="READ_WRITE" />
      <P-EXTV-00009.38 Value="TRUE" />
    
    <!-- *********************** -->
    
      <P-EXTV-00001.50 Value="file_max_lines" />
      <P-EXTV-00003.50 Value="SGN32" />
      <P-EXTV-00004.50 Value="CHANNEL" />
      <P-EXTV-00005.50 Value="TRUE" />
      <P-EXTV-00006.50 Value="READ_WRITE" />
      <P-EXTV-00009.50 Value="TRUE" />
    
    <!-- *********************** -->
    
    
      <P-EXTV-00001.51 Value="file_progress" />
      <P-EXTV-00003.51 Value="SGN32" />
      <P-EXTV-00004.51 Value="CHANNEL" />
      <P-EXTV-00005.51 Value="TRUE" />
      <P-EXTV-00006.51 Value="READ_WRITE" />
      <P-EXTV-00009.51 Value="TRUE" />
    
    <!-- *********************** -->
    
    
      <P-EXTV-00001.52 Value="MAX_SPINDLE_SPEED" />
      <P-EXTV-00003.52 Value="SGN32" />
      <P-EXTV-00004.52 Value="CHANNEL" />
      <P-EXTV-00005.52 Value="TRUE" />
      <P-EXTV-00006.52 Value="READ_WRITE" />
      <P-EXTV-00009.52 Value="TRUE" />
    
    <!-- *********************** -->
    
    
      <P-EXTV-00001.53 Value="SPINDLE_OVERRIDE" />
      <P-EXTV-00003.53 Value="SGN32" />
      <P-EXTV-00004.53 Value="CHANNEL" />
      <P-EXTV-00005.53 Value="TRUE" />
      <P-EXTV-00006.53 Value="READ_WRITE" />
      <P-EXTV-00009.53 Value="TRUE" />
    
    <!-- *********************** -->
    
    
      <P-EXTV-00001.54 Value="SPINDLE_SPEED" />
      <P-EXTV-00003.54 Value="SGN32" />
      <P-EXTV-00004.54 Value="CHANNEL" />
      <P-EXTV-00005.54 Value="TRUE" />
      <P-EXTV-00006.54 Value="READ_WRITE" />
      <P-EXTV-00009.54 Value="TRUE" />
    
    <!-- *********************** -->
    
    
      <P-EXTV-00001.55 Value="MAX_G0_SPEED" />
      <P-EXTV-00003.55 Value="SGN32" />
      <P-EXTV-00004.55 Value="CHANNEL" />
      <P-EXTV-00005.55 Value="TRUE" />
      <P-EXTV-00006.55 Value="READ_WRITE" />
      <P-EXTV-00009.55 Value="TRUE" />
    
    <!-- *********************** -->
    
    
      <P-EXTV-00001.56 Value="G0_OVERRIDE" />
      <P-EXTV-00003.56 Value="SGN32" />
      <P-EXTV-00004.56 Value="CHANNEL" />
      <P-EXTV-00005.56 Value="TRUE" />
      <P-EXTV-00006.56 Value="READ_WRITE" />
      <P-EXTV-00009.56 Value="TRUE" />
    
    <!-- *********************** -->
    
    
      <P-EXTV-00001.57 Value="G0_SPEED" />
      <P-EXTV-00003.57 Value="SGN32" />
      <P-EXTV-00004.57 Value="CHANNEL" />
      <P-EXTV-00005.57 Value="TRUE" />
      <P-EXTV-00006.57 Value="READ_WRITE" />
      <P-EXTV-00009.57 Value="TRUE" />
    
    <!-- *********************** -->
    
    
      <P-EXTV-00001.58 Value="MAX_G1_SPEED" />
      <P-EXTV-00003.58 Value="SGN32" />
      <P-EXTV-00004.58 Value="CHANNEL" />
      <P-EXTV-00005.58 Value="TRUE" />
      <P-EXTV-00006.58 Value="READ_WRITE" />
      <P-EXTV-00009.58 Value="TRUE" />
    
    <!-- *********************** -->
    
    
      <P-EXTV-00001.59 Value="G1_OVERRIDE" />
      <P-EXTV-00003.59 Value="SGN32" />
      <P-EXTV-00004.59 Value="CHANNEL" />
      <P-EXTV-00005.59 Value="TRUE" />
      <P-EXTV-00006.59 Value="READ_WRITE" />
      <P-EXTV-00009.59 Value="TRUE" />
    
    <!-- *********************** -->
    
    
      <P-EXTV-00001.60 Value="G1_SPEED" />
      <P-EXTV-00003.60 Value="SGN32" />
      <P-EXTV-00004.60 Value="CHANNEL" />
      <P-EXTV-00005.60 Value="TRUE" />
      <P-EXTV-00006.60 Value="READ_WRITE" />
      <P-EXTV-00009.60 Value="TRUE" />
    
    <!-- *********************** -->
    
    
      <P-EXTV-00001.61 Value="MAX_BSPLINE_SPEED" />
      <P-EXTV-00003.61 Value="SGN32" />
      <P-EXTV-00004.61 Value="CHANNEL" />
      <P-EXTV-00005.61 Value="TRUE" />
      <P-EXTV-00006.61 Value="READ_WRITE" />
      <P-EXTV-00009.61 Value="TRUE" />
    
    <!-- *********************** -->
    
    
      <P-EXTV-00001.62 Value="BSPLINE_OVERRIDE" />
      <P-EXTV-00003.62 Value="SGN32" />
      <P-EXTV-00004.62 Value="CHANNEL" />
      <P-EXTV-00005.62 Value="TRUE" />
      <P-EXTV-00006.62 Value="READ_WRITE" />
      <P-EXTV-00009.62 Value="TRUE" />
    
    <!-- *********************** -->
    
    
      <P-EXTV-00001.63 Value="BSPLINE_SPEED" />
      <P-EXTV-00003.63 Value="SGN32" />
      <P-EXTV-00004.63 Value="CHANNEL" />
      <P-EXTV-00005.63 Value="TRUE" />
      <P-EXTV-00006.63 Value="READ_WRITE" />
      <P-EXTV-00009.63 Value="TRUE" />
    
    <!-- *********************** -->
    
    
      <P-EXTV-00001.64 Value="G0_MAX_ACTIVE" />
      <P-EXTV-00003.64 Value="BOOLEAN" />
      <P-EXTV-00004.64 Value="CHANNEL" />
      <P-EXTV-00005.64 Value="TRUE" />
      <P-EXTV-00006.64 Value="READ_WRITE" />
      <P-EXTV-00009.64 Value="TRUE" />
    
    <!-- *********************** -->
    
    
      <P-EXTV-00001.65 Value="G1_MAX_ACTIVE" />
      <P-EXTV-00003.65 Value="BOOLEAN" />
      <P-EXTV-00004.65 Value="CHANNEL" />
      <P-EXTV-00005.65 Value="TRUE" />
      <P-EXTV-00006.65 Value="READ_WRITE" />
      <P-EXTV-00009.65 Value="TRUE" />
    
    <!-- *********************** -->
    
    
      <P-EXTV-00001.40 Value="SPINDLE_MAX_ACTIVE" />
      <P-EXTV-00003.40 Value="BOOLEAN" />
      <P-EXTV-00004.40 Value="CHANNEL" />
      <P-EXTV-00005.40 Value="TRUE" />
      <P-EXTV-00006.40 Value="READ_WRITE" />
      <P-EXTV-00009.40 Value="TRUE" />
    
    <!-- *********************** -->
    
    
      <P-EXTV-00001.41 Value="axes_trace" />
      <P-EXTV-00003.41 Value="BOOLEAN" />
      <P-EXTV-00004.41 Value="CHANNEL" />
      <P-EXTV-00005.41 Value="TRUE" />
      <P-EXTV-00006.41 Value="READ_WRITE" />
      <P-EXTV-00009.41 Value="TRUE" />
    
    <!-- *********************** -->
    
    
      <P-EXTV-00001.42 Value="path_trace" />
      <P-EXTV-00003.42 Value="BOOLEAN" />
      <P-EXTV-00004.42 Value="CHANNEL" />
      <P-EXTV-00005.42 Value="TRUE" />
      <P-EXTV-00006.42 Value="READ_WRITE" />
      <P-EXTV-00009.42 Value="TRUE" />
    
    <!-- *********************** -->
    
    
      <P-EXTV-00001.66 Value="trace_state" />
      <P-EXTV-00003.66 Value="SGN32" />
      <P-EXTV-00004.66 Value="CHANNEL" />
      <P-EXTV-00005.66 Value="TRUE" />
      <P-EXTV-00006.66 Value="READ_WRITE" />
      <P-EXTV-00009.66 Value="TRUE" />
    
    <!-- *********************** -->
    
    
      <P-EXTV-00001.67 Value="KRC_JOG_OVERRIDE" />
      <P-EXTV-00003.67 Value="SGN32" />
      <P-EXTV-00004.67 Value="CHANNEL" />
      <P-EXTV-00005.67 Value="TRUE" />
      <P-EXTV-00006.67 Value="READ_WRITE" />
      <P-EXTV-00009.67 Value="TRUE" />
    
    <!-- *********************** -->

      <P-EXTV-00001.68 Value="MANUAL_MOTION_AXIS_NO" />
      <P-EXTV-00003.68 Value="SGN32" />
      <P-EXTV-00004.68 Value="CHANNEL" />
      <P-EXTV-00005.68 Value="TRUE" />
      <P-EXTV-00006.68 Value="READ_WRITE" />
      <P-EXTV-00007.68 Value="6" />
      <P-EXTV-00009.68 Value="TRUE" />
      
    <!-- *********************** -->

      <P-EXTV-00001.69 Value="MANUAL_MOTION_PLUS" />
      <P-EXTV-00003.69 Value="SGN32" />
      <P-EXTV-00004.69 Value="CHANNEL" />
      <P-EXTV-00005.69 Value="TRUE" />
      <P-EXTV-00006.69 Value="READ_WRITE" />
      <P-EXTV-00007.69 Value="6" />
      <P-EXTV-00009.69 Value="TRUE" />
      
    <!-- *********************** -->

      <P-EXTV-00001.70 Value="MANUAL_MOTION_MINUS" />
      <P-EXTV-00003.70 Value="SGN32" />
      <P-EXTV-00004.70 Value="CHANNEL" />
      <P-EXTV-00005.70 Value="TRUE" />
      <P-EXTV-00006.70 Value="READ_WRITE" />
      <P-EXTV-00007.70 Value="6" />
      <P-EXTV-00009.70 Value="TRUE" />
      
    <!-- *********************** -->

      <P-EXTV-00001.71 Value="MANUAL_MOTION_WDG" />
      <P-EXTV-00003.71 Value="SGN32" />
      <P-EXTV-00004.71 Value="CHANNEL" />
      <P-EXTV-00005.71 Value="TRUE" />
      <P-EXTV-00006.71 Value="READ_WRITE" />
      <P-EXTV-00007.71 Value="6" />
      <P-EXTV-00009.71 Value="TRUE" />
      
    <!-- *********************** -->

      <P-EXTV-00001.72 Value="MANUAL_MOTION_MOVE_ENABLE" />
      <P-EXTV-00003.72 Value="SGN32" />
      <P-EXTV-00004.72 Value="CHANNEL" />
      <P-EXTV-00005.72 Value="TRUE" />
      <P-EXTV-00006.72 Value="READ_WRITE" />
      <P-EXTV-00007.72 Value="6" />
      <P-EXTV-00009.72 Value="TRUE" />
      
    <!-- *********************** -->

      <P-EXTV-00001.73 Value="MANUAL_MOTION_KEY_VALID" />
      <P-EXTV-00003.73 Value="SGN32" />
      <P-EXTV-00004.73 Value="CHANNEL" />
      <P-EXTV-00005.73 Value="TRUE" />
      <P-EXTV-00006.73 Value="READ_WRITE" />
      <P-EXTV-00007.73 Value="6" />
      <P-EXTV-00009.73 Value="TRUE" />
      
    <!-- *********************** -->
    
    
      <P-EXTV-00001.74 Value="HOME_BUTTON" />
      <P-EXTV-00003.74 Value="BOOLEAN" />
      <P-EXTV-00004.74 Value="CHANNEL" />
      <P-EXTV-00005.74 Value="TRUE" />
      <P-EXTV-00006.74 Value="READ_WRITE" />
      <P-EXTV-00009.74 Value="TRUE" />
    
    <!-- *********************** -->
    
    
      <P-EXTV-00001.75 Value="HOME_AXIS_IDX" />
      <P-EXTV-00003.75 Value="SGN32" />
      <P-EXTV-00004.75 Value="CHANNEL" />
      <P-EXTV-00005.75 Value="TRUE" />
      <P-EXTV-00006.75 Value="READ_WRITE" />
      <P-EXTV-00009.75 Value="TRUE" />
    
    <!-- *********************** -->
    
    
      <P-EXTV-00001.76 Value="UNHOME_BUTTON" />
      <P-EXTV-00003.76 Value="BOOLEAN" />
      <P-EXTV-00004.76 Value="CHANNEL" />
      <P-EXTV-00005.76 Value="TRUE" />
      <P-EXTV-00006.76 Value="READ_WRITE" />
      <P-EXTV-00009.76 Value="TRUE" />
    
    <!-- *********************** -->
    
    
      <P-EXTV-00001.77 Value="UNHOME_AXIS_IDX" />
      <P-EXTV-00003.77 Value="SGN32" />
      <P-EXTV-00004.77 Value="CHANNEL" />
      <P-EXTV-00005.77 Value="TRUE" />
      <P-EXTV-00006.77 Value="READ_WRITE" />
      <P-EXTV-00009.77 Value="TRUE" />
    
    <!-- *********************** -->

      <P-EXTV-00001.78 Value="Home_Appear_Status" />
      <P-EXTV-00003.78 Value="BOOLEAN" />
      <P-EXTV-00004.78 Value="CHANNEL" />
      <P-EXTV-00005.78 Value="TRUE" />
      <P-EXTV-00006.78 Value="READ_WRITE" />
      <P-EXTV-00007.78 Value="32" />
      <P-EXTV-00009.78 Value="TRUE" />
      
    <!-- *********************** -->

      <P-EXTV-00001.79 Value="Unhome_Appear_Status" />
      <P-EXTV-00003.79 Value="BOOLEAN" />
      <P-EXTV-00004.79 Value="CHANNEL" />
      <P-EXTV-00005.79 Value="TRUE" />
      <P-EXTV-00006.79 Value="READ_WRITE" />
      <P-EXTV-00007.79 Value="32" />
      <P-EXTV-00009.79 Value="TRUE" />
      
    <!-- *********************** -->
    
  </Var>
</ExtVar>
