<?xml version="1.0" encoding="utf-8"?>
<!-- ***************************************************** -->
<!--                                                       -->
<!-- Hardware Configuration                                -->
<!--                                                       -->
<!-- type = HW_DEVICE_NONE specifies empty entry           -->
<!--                                                       -->
<!-- ***************************************************** -->
<HWConfiguration xmlns:xsi="http://www.w3.org/2001/XMLSchema-instance" xsi:noNamespaceSchemaLocation="hw_conf.xsd">
  <Version Label="1">
    <Schema Version="1" />
  </Version>
  <DeviceParameter>
    <DeviceIndex Value="0">
      <P-HWCF-00002 Value="DRIVE_INTERFACE_CARD" />
      <P-HWCF-00001 Value="HW_DEVICE_KUKA_EMI" />
    </DeviceIndex>
  </DeviceParameter>
</HWConfiguration>