<?xml version="1.0" encoding="utf-8"?>
<!-- **************************************** -->
<!-- Win32-Konfigurierung                     -->
<!-- **************************************** -->
<!--   RTX      [0; 127]   127   highest      -->
<!--   VXWORKS  [0; 255]     0   highest      -->
<!-- **************************************** -->
<RTConfiguration xmlns:xsi="http://www.w3.org/2001/XMLSchema-instance" xsi:noNamespaceSchemaLocation="rt_conf.xsd">
  <Version Label="1">
    <Schema Version="1" />
  </Version>
  <GeneralParameter>
    <!-- Interrupt source: '1' == internal time, '2' == external -->
    <P-RTCF-00001 Value="3" />
    <!-- Cycle time in mikro s -->
    <P-RTCF-00002 Value="4000" />
    <!-- Time slice in mikro s -->
    <P-RTCF-00003 Value="4000" />
    <!-- Windows time in mikro s -->
    <P-RTCF-00004 Value="0" />
  </GeneralParameter>
  <ThreadParameter>
    <ThreadIndex Value="0">
      <!-- Name of the thread -->
      <P-RTCF-00008 Value="CNC_GEO" />
      <!-- Cycle time of the thread in mikro s -->
      <P-RTCF-00009 Value="4000" />
      <!-- Priority of the thread, depending on the used real time system - "HIGHEST" -->
      <P-RTCF-00010 Value="143" />
      <!--  -->
      <P-RTCF-00011 Value="1" />
      <FunctionIndex Value="0">
        <!-- Name of the function to be called -->
        <P-RTCF-00012 Value="task_int" />
        <!-- Function call per cycle -->
        <P-RTCF-00013 Value="1" />
        <!-- Trace information -->
        <P-RTCF-00014 Value="1" />
      </FunctionIndex>
    </ThreadIndex>
    <ThreadIndex Value="1">
      <!-- Name of the thread -->
      <P-RTCF-00008 Value="CNC_SDA" />
      <!-- Cycle time of the thread in mikro s -->
      <P-RTCF-00009 Value="4000" />
      <!-- Priority of the thread, depending on the used real time system - "LOWEST" -->
      <P-RTCF-00010 Value="254" />
      <!--  -->
      <P-RTCF-00011 Value="0" />
      <FunctionIndex Value="0">
        <!-- Name of the function to be called -->
        <P-RTCF-00012 Value="task_rnd" />
        <!-- Function call per cycle -->
        <P-RTCF-00013 Value="2" />
        <!-- Trace information -->
        <P-RTCF-00014 Value="2" />
      </FunctionIndex>
    </ThreadIndex>
    <ThreadIndex Value="2">
      <!-- Name of the thread -->
      <P-RTCF-00008 Value="CNC_TCPIP" />
      <!-- Cycle time of the thread in mikro s -->
      <P-RTCF-00009 Value="4000" />
      <!-- Priority of the thread, depending on the used real time system - "LOW" -->
      <P-RTCF-00010 Value="185" />
      <!--  -->
      <P-RTCF-00011 Value="0" />
      <FunctionIndex Value="0">
        <!-- Name of the function to be called -->
        <P-RTCF-00012 Value="task_tcp" />
        <!-- Function call per cycle -->
        <P-RTCF-00013 Value="1" />
        <!-- Trace information -->
        <P-RTCF-00014 Value="0" />
      </FunctionIndex>
    </ThreadIndex>
    <ThreadIndex Value="3">
      <!-- Name of the thread -->
      <P-RTCF-00008 Value="CNC_HMI" />
      <!-- Cycle time of the thread in mikro s -->
      <P-RTCF-00009 Value="4000" />
      <!-- Priority of the thread, depending on the used real time system - "LOW" -->
      <P-RTCF-00010 Value="186" />
      <!--  -->
      <P-RTCF-00011 Value="0" />
      <FunctionIndex Value="0">
        <!-- Name of the function to be called -->
        <P-RTCF-00012 Value="task_com" />
        <!-- Function call per cycle -->
        <P-RTCF-00013 Value="1" />
        <!-- Trace information -->
        <P-RTCF-00014 Value="3" />
      </FunctionIndex>
    </ThreadIndex>
    <ThreadIndex Value="4">
      <!-- Name of the thread -->
      <P-RTCF-00008 Value="CNC_MID" />
      <!-- Cycle time of the thread in mikro s -->
      <P-RTCF-00009 Value="12000" />
      <!-- Priority of the thread, depending on the used real time system - "LOW" -->
      <P-RTCF-00010 Value="187" />
      <!--  -->
      <P-RTCF-00011 Value="0" />
      <FunctionIndex Value="0">
        <!-- Name of the function to be called -->
        <P-RTCF-00012 Value="task_mmi_driver" />
        <!-- Function call per cycle -->
        <P-RTCF-00013 Value="1" />
        <!-- Trace information -->
        <P-RTCF-00014 Value="0" />
      </FunctionIndex>
    </ThreadIndex>
  </ThreadParameter>
</RTConfiguration>